GEOIDFQ,NAME,GEOTYPE,Year,Number of Sales,Median Sales Price,Median Sales Price MOE,Median Household Income (MSA),Median Household Income MOE (MSA),Sales Price to Income Index (MSA),Median Sales Price (2024 Dollars),"Median Household Income (MSA, 2024 Dollars)"
0500000US39041,Delaware County,COUNTY,2012,2544,250000.0,5234.981091657345,53699,1282.0,4.6555801784018325,341569.2483253047,73367.70826328215
0500000US39041,Delaware County,COUNTY,2013,3049,249900.0,5085.38258826441,54079,1130.0,4.621017400469683,336503.65131762513,72820.25193919908
0500000US39041,Delaware County,COUNTY,2014,3019,259900.0,5166.383919921175,56371,981.0,4.6105266892551136,344382.6502939984,74694.86102240472
0500000US39041,Delaware County,COUNTY,2015,3372,271900.0,5593.2867894774145,58192,1604.0,4.672463568875447,359856.2090482961,77016.37556799724
0500000US39041,Delaware County,COUNTY,2016,3589,280000.0,4614.594517573321,60294,1005.0,4.643911500315123,365959.8261717367,78804.22056856676
0500000US39041,Delaware County,COUNTY,2017,3543,306000.0,4939.311585620713,63764,1469.0,4.798946113794617,391599.35541775456,81601.11535574413
0500000US39041,Delaware County,COUNTY,2018,3313,325000.0,4616.458704931319,64052,1189.0,5.074002373071879,405997.94111673516,80015.32345972037
0500000US39041,Delaware County,COUNTY,2019,3480,338625.0,4740.040784204152,67207,1091.0,5.038537652327882,415490.0418333939,82462.42670061841
0500000US39041,Delaware County,COUNTY,2020,3732,367000.0,5505.79789334072,66715,579.0,5.5010117664693094,444818.27665748366,80861.17527848508
0500000US39041,Delaware County,COUNTY,2021,3766,410000.0,6246.744742161143,71839,1250.0,5.707206392071159,474637.37683138356,83164.57198582869
0500000US39041,Delaware County,COUNTY,2022,3338,455000.0,7016.443298207012,75777,1639.0,6.004460456338995,487702.2261707472,81223.32218140816
0500000US39041,Delaware County,COUNTY,2023,2935,487500.0,7692.582858252996,77390,1550.0,6.299263470732653,501878.5157301232,79672.57093816253
0500000US39041,Delaware County,COUNTY,2024,3035,500000.0,8043.37954287916,82938,1487.0,6.028599676867057,500000.0,82938.0
0500000US39045,Fairfield County,COUNTY,2012,1329,142500.0,3791.3541134537445,53699,1282.0,2.6536807016890447,194694.4715454237,73367.70826328215
0500000US39045,Fairfield County,COUNTY,2013,1455,145500.0,3787.225738664292,54079,1130.0,2.690508330405518,195923.4944646437,72820.25193919908
0500000US39045,Fairfield County,COUNTY,2014,1545,157000.0,3718.0152422595224,56371,981.0,2.7851200085150167,208034.1519667478,74694.86102240472
0500000US39045,Fairfield County,COUNTY,2015,1733,161500.0,3696.920900964872,58192,1604.0,2.775295573274677,213743.2061835227,77016.37556799724
0500000US39045,Fairfield County,COUNTY,2016,2029,178900.0,3476.5543768833254,60294,1005.0,2.967127740737055,233822.18893615605,78804.22056856676
0500000US39045,Fairfield County,COUNTY,2017,2114,195000.0,3788.4982422717276,63764,1469.0,3.058151935261276,249548.60884464753,81601.11535574413
0500000US39045,Fairfield County,COUNTY,2018,2008,207000.0,3901.634025652904,64052,1189.0,3.231749203771935,258589.45788050516,80015.32345972037
0500000US39045,Fairfield County,COUNTY,2019,2163,224500.0,4061.958868324217,67207,1091.0,3.340425848497924,275459.6216806111,82462.42670061841
0500000US39045,Fairfield County,COUNTY,2020,2296,250000.0,4005.1008551475848,66715,579.0,3.7472832196657424,303009.7252435175,80861.17527848508
0500000US39045,Fairfield County,COUNTY,2021,2439,293000.0,4547.010228901231,71839,1250.0,4.078564567992316,339192.0766136473,83164.57198582869
0500000US39045,Fairfield County,COUNTY,2022,2263,319000.0,5931.719127399451,75777,1639.0,4.209720627631075,341927.4948317986,81223.32218140816
0500000US39045,Fairfield County,COUNTY,2023,1969,330000.0,6089.196886468338,77390,1550.0,4.264116810957488,339733.1491096219,79672.57093816253
0500000US39045,Fairfield County,COUNTY,2024,2080,340000.0,6747.015426895875,82938,1487.0,4.099447780269599,340000.0,82938.0
0500000US39047,Fayette County,COUNTY,2012,195,74000.0,8666.525572157569,53699,1282.0,1.3780517328069424,101104.4975042902,73367.70826328215
0500000US39047,Fayette County,COUNTY,2013,233,70000.0,6991.6100158434665,54079,1130.0,1.2944026331847853,94258.72585927875,72820.25193919908
0500000US39047,Fayette County,COUNTY,2014,205,79000.0,7622.060421621467,56371,981.0,1.4014298132018237,104679.60512976481,74694.86102240472
0500000US39047,Fayette County,COUNTY,2015,236,89900.0,6295.243282942678,58192,1604.0,1.5448858949683806,118981.51229658633,77016.37556799724
0500000US39047,Fayette County,COUNTY,2016,292,100250.0,6571.7889443071435,60294,1005.0,1.662686171094968,131026.68776327357,78804.22056856676
0500000US39047,Fayette County,COUNTY,2017,286,103450.0,7492.99369849294,63764,1469.0,1.6223888087322,132388.73633322454,81601.11535574413
0500000US39047,Fayette County,COUNTY,2018,296,113500.0,7282.173376973781,64052,1189.0,1.7719977518266408,141786.97328230596,80015.32345972037
0500000US39047,Fayette County,COUNTY,2019,300,124700.0,8051.859458840312,67207,1091.0,1.8554614846667759,153005.8566751546,82462.42670061841
0500000US39047,Fayette County,COUNTY,2020,263,142000.0,9317.357004596286,66715,579.0,2.1284568687701415,172109.52393831793,80861.17527848508
0500000US39047,Fayette County,COUNTY,2021,382,158450.0,7702.101125374137,71839,1250.0,2.2056264703016466,183429.98136325055,83164.57198582869
0500000US39047,Fayette County,COUNTY,2022,299,180000.0,9682.410866869654,75777,1639.0,2.3753909497604813,192937.1444191967,81223.32218140816
0500000US39047,Fayette County,COUNTY,2023,295,185000.0,10520.888490923207,77390,1550.0,2.3904897273549555,190456.4623796365,79672.57093816253
0500000US39047,Fayette County,COUNTY,2024,297,210000.0,11516.908558094514,82938,1487.0,2.532011864284164,210000.0,82938.0
0500000US39049,Franklin County,COUNTY,2012,12668,134000.0,2029.4541763806715,53699,1282.0,2.495390975623382,183081.11710236332,73367.70826328215
0500000US39049,Franklin County,COUNTY,2013,15234,140000.0,1979.3164538739954,54079,1130.0,2.5888052663695706,188517.4517185575,72820.25193919908
0500000US39049,Franklin County,COUNTY,2014,15868,147000.0,1896.26409678855,56371,981.0,2.6077238296287097,194783.56903892945,74694.86102240472
0500000US39049,Franklin County,COUNTY,2015,17845,152750.0,1820.2043754453027,58192,1604.0,2.6249312620291447,202162.69191661358,77016.37556799724
0500000US39049,Franklin County,COUNTY,2016,19008,163500.0,1824.078872001796,60294,1005.0,2.7117126082197234,213694.39849671052,78804.22056856676
0500000US39049,Franklin County,COUNTY,2017,19193,175000.0,1858.206079038031,63764,1469.0,2.7444953265165295,223953.879732376,81601.11535574413
0500000US39049,Franklin County,COUNTY,2018,18541,189000.0,1961.5202758093142,64052,1189.0,2.9507275338787236,236103.41806480906,80015.32345972037
0500000US39049,Franklin County,COUNTY,2019,18701,202000.0,1960.3079185834956,67207,1091.0,3.005639293525972,247852.30993088393,82462.42670061841
0500000US39049,Franklin County,COUNTY,2020,19185,224000.0,2086.363882953381,66715,579.0,3.3575657648205053,271496.71381819167,80861.17527848508
0500000US39049,Franklin County,COUNTY,2021,20624,255000.0,2124.406177732066,71839,1250.0,3.549603975556453,295201.2953463483,83164.57198582869
0500000US39049,Franklin County,COUNTY,2022,17754,283000.0,2688.485597204655,75777,1639.0,3.7346424376789793,303340.06594795926,81223.32218140816
0500000US39049,Franklin County,COUNTY,2023,14898,300000.0,3106.1440597307896,77390,1550.0,3.876469828143171,308848.3173723835,79672.57093816253
0500000US39049,Franklin County,COUNTY,2024,15161,315000.0,3081.26290491923,82938,1487.0,3.798017796426246,315000.0,82938.0
0500000US39073,Hocking County,COUNTY,2012,137,108000.0,13734.793988348712,53699,1282.0,2.0112106370695915,147557.91527653162,73367.70826328215
0500000US39073,Hocking County,COUNTY,2013,147,122000.0,13418.558279727038,54079,1130.0,2.2559588749791972,164279.49364045725,72820.25193919908
0500000US39073,Hocking County,COUNTY,2014,165,115000.0,10900.706683288017,56371,981.0,2.040056057192528,152381.7036699108,74694.86102240472
0500000US39073,Hocking County,COUNTY,2015,212,120000.0,10232.999657824146,58192,1604.0,2.062139125653011,158818.48137475373,77016.37556799724
0500000US39073,Hocking County,COUNTY,2016,199,131000.0,12723.16091970271,60294,1005.0,2.1726871662188607,171216.91867320536,78804.22056856676
0500000US39073,Hocking County,COUNTY,2017,222,134250.0,12532.426179178488,63764,1469.0,2.1054199861991094,171804.61916612272,81601.11535574413
0500000US39073,Hocking County,COUNTY,2018,247,135000.0,12440.42314198436,64052,1189.0,2.107662524199088,168645.29861772075,80015.32345972037
0500000US39073,Hocking County,COUNTY,2019,257,160000.0,10444.027532438195,67207,1091.0,2.380704390911661,196318.66133139323,82462.42670061841
0500000US39073,Hocking County,COUNTY,2020,315,186000.0,17918.028951838,66715,579.0,2.7879787154313123,225439.23558117702,80861.17527848508
0500000US39073,Hocking County,COUNTY,2021,291,205000.0,16743.76785252521,71839,1250.0,2.8536031960355794,237318.68841569178,83164.57198582869
0500000US39073,Hocking County,COUNTY,2022,321,260000.0,22171.642643008887,75777,1639.0,3.4311202607651397,278686.98638328415,81223.32218140816
0500000US39073,Hocking County,COUNTY,2023,271,270000.0,30092.194166399644,77390,1550.0,3.488822845328854,277963.48563514516,79672.57093816253
0500000US39073,Hocking County,COUNTY,2024,302,280000.0,26802.056914750363,82938,1487.0,3.376015819045552,280000.0,82938.0
0500000US39083,Knox County,COUNTY,2012,244,120250.0,12044.733342327265,53699,1282.0,2.2393340658112812,164294.80844447156,73367.70826328215
0500000US39083,Knox County,COUNTY,2013,317,129000.0,10318.856778258249,54079,1130.0,2.3853991382976756,173705.36622638514,72820.25193919908
0500000US39083,Knox County,COUNTY,2014,376,132000.0,9504.390121620718,56371,981.0,2.3416295612992495,174907.69464720198,74694.86102240472
0500000US39083,Knox County,COUNTY,2015,393,140000.0,8809.622948221338,58192,1604.0,2.4058289799285126,185288.228270546,77016.37556799724
0500000US39083,Knox County,COUNTY,2016,500,145000.0,8530.037573405547,60294,1005.0,2.404882741234617,189514.9099817922,78804.22056856676
0500000US39083,Knox County,COUNTY,2017,540,149000.0,8260.29751681877,63764,1469.0,2.3367417351483595,190680.731886423,81601.11535574413
0500000US39083,Knox County,COUNTY,2018,618,155000.0,7980.865885877892,64052,1189.0,2.4199088240804345,193629.78730182754,80015.32345972037
0500000US39083,Knox County,COUNTY,2019,610,165000.0,8998.528919399858,67207,1091.0,2.4551014031276504,202453.61949799926,82462.42670061841
0500000US39083,Knox County,COUNTY,2020,618,180000.0,9625.297466334632,66715,579.0,2.6980439181593345,218167.0021753326,80861.17527848508
0500000US39083,Knox County,COUNTY,2021,671,200000.0,10608.986339947589,71839,1250.0,2.784003118083492,231530.42772262613,83164.57198582869
0500000US39083,Knox County,COUNTY,2022,625,230000.0,14489.045586227827,75777,1639.0,3.035221769138393,246530.79564675133,81223.32218140816
0500000US39083,Knox County,COUNTY,2023,574,254950.0,12827.36329634674,77390,1550.0,3.294353275617005,262469.59504696395,79672.57093816253
0500000US39083,Knox County,COUNTY,2024,568,275750.0,15533.265288048648,82938,1487.0,3.3247727217921823,275750.0,82938.0
0500000US39089,Licking County,COUNTY,2012,1660,127000.0,3911.8161539526036,53699,1282.0,2.365034730628131,173517.1781492548,73367.70826328215
0500000US39089,Licking County,COUNTY,2013,1945,135000.0,3771.446750908457,54079,1130.0,2.4963479354278,181784.6855857519,72820.25193919908
0500000US39089,Licking County,COUNTY,2014,2013,145000.0,4357.909400552103,56371,981.0,2.5722445938514484,192133.45245336578,74694.86102240472
0500000US39089,Licking County,COUNTY,2015,2285,154000.0,3568.07845818381,58192,1604.0,2.6464118779213637,203817.0510976006,77016.37556799724
0500000US39089,Licking County,COUNTY,2016,2468,163450.0,3589.9732447455604,60294,1005.0,2.710883338308953,213629.0485277513,78804.22056856676
0500000US39089,Licking County,COUNTY,2017,2555,180000.0,3711.8966459688536,63764,1469.0,2.8229094787027162,230352.5620104439,81601.11535574413
0500000US39089,Licking County,COUNTY,2018,2425,195000.0,4201.197243986525,64052,1189.0,3.0444014238431274,243598.7646700411,80015.32345972037
0500000US39089,Licking County,COUNTY,2019,2525,208000.0,4161.201044629979,67207,1091.0,3.0949157081851593,255214.2597308112,82462.42670061841
0500000US39089,Licking County,COUNTY,2020,2542,232000.0,4869.793203255093,66715,579.0,3.4774788278498088,281193.0250259842,80861.17527848508
0500000US39089,Licking County,COUNTY,2021,2869,262000.0,5156.994264141653,71839,1250.0,3.647044084689375,303304.86031664023,83164.57198582869
0500000US39089,Licking County,COUNTY,2022,2548,300000.0,6540.666508128331,75777,1639.0,3.958984916267469,321561.9073653278,81223.32218140816
0500000US39089,Licking County,COUNTY,2023,2151,310000.0,6416.308063177078,77390,1550.0,4.0056854890812765,319143.2612847963,79672.57093816253
0500000US39089,Licking County,COUNTY,2024,2225,320000.0,6881.781161983235,82938,1487.0,3.8583037931949167,320000.0,82938.0
0500000US39091,Logan County,COUNTY,2012,64,98750.0,13097.950628451821,53699,1282.0,1.8389541704687238,134919.85308849535,73367.70826328215
0500000US39091,Logan County,COUNTY,2013,54,73750.0,12409.671620789017,54079,1130.0,1.363745631391113,99308.30045888298,72820.25193919908
0500000US39091,Logan County,COUNTY,2014,94,126950.0,18398.570505601525,56371,981.0,2.252044490961665,168216.1502686537,74694.86102240472
0500000US39091,Logan County,COUNTY,2015,123,132000.0,14050.75595658727,58192,1604.0,2.268353038218312,174700.32951222907,77016.37556799724
0500000US39091,Logan County,COUNTY,2016,166,124950.0,15275.398673903519,60294,1005.0,2.0723455070156236,163309.57242913748,78804.22056856676
0500000US39091,Logan County,COUNTY,2017,170,141000.0,16110.889303937343,63764,1469.0,2.211279091650461,180442.84024151438,81601.11535574413
0500000US39091,Logan County,COUNTY,2018,167,149900.0,28856.499023447133,64052,1189.0,2.3402860176106914,187258.7426873803,80015.32345972037
0500000US39091,Logan County,COUNTY,2019,214,161000.0,15311.422633542345,67207,1091.0,2.395583793354859,197545.65296471442,82462.42670061841
0500000US39091,Logan County,COUNTY,2020,229,170000.0,15792.172927508003,66715,579.0,2.548152589372705,206046.6131655919,80861.17527848508
0500000US39091,Logan County,COUNTY,2021,265,210000.0,16925.303011810443,71839,1250.0,2.9232032739876668,243106.94910875743,83164.57198582869
0500000US39091,Logan County,COUNTY,2022,302,234750.0,17258.863141419097,75777,1639.0,3.0979056969792946,251622.19251336902,81223.32218140816
0500000US39091,Logan County,COUNTY,2023,259,240000.0,16372.36224664716,77390,1550.0,3.1011758625145367,247078.65389790683,79672.57093816253
0500000US39091,Logan County,COUNTY,2024,304,250000.0,19963.826057895836,82938,1487.0,3.0142998384335287,250000.0,82938.0
0500000US39097,Madison County,COUNTY,2012,288,116000.0,9427.956594338217,53699,1282.0,2.1601892027784504,158488.1312229414,73367.70826328215
0500000US39097,Madison County,COUNTY,2013,328,128000.0,12662.35902313902,54079,1130.0,2.3669076721093214,172358.812999824,72820.25193919908
0500000US39097,Madison County,COUNTY,2014,369,128000.0,8459.38640076906,56371,981.0,2.270671089744727,169607.46147607462,74694.86102240472
0500000US39097,Madison County,COUNTY,2015,421,137900.0,7710.729083927886,58192,1604.0,2.369741545229585,182508.9048464878,77016.37556799724
0500000US39097,Madison County,COUNTY,2016,468,146200.0,8090.567410284107,60294,1005.0,2.4247852190931103,191083.30923681392,78804.22056856676
0500000US39097,Madison County,COUNTY,2017,481,147000.0,7835.408083018713,63764,1469.0,2.305376074273885,188121.25897519584,81601.11535574413
0500000US39097,Madison County,COUNTY,2018,470,165750.0,8372.142831986499,64052,1189.0,2.587741210266658,207058.94996953494,80015.32345972037
0500000US39097,Madison County,COUNTY,2019,441,178000.0,11101.106645741425,67207,1091.0,2.648533634889223,218404.51073117496,82462.42670061841
0500000US39097,Madison County,COUNTY,2020,489,202000.0,9801.23497645128,66715,579.0,3.0278048414899197,244831.85799676212,80861.17527848508
0500000US39097,Madison County,COUNTY,2021,499,250000.0,11285.286746760616,71839,1250.0,3.4800038976043655,289413.03465328267,83164.57198582869
0500000US39097,Madison County,COUNTY,2022,504,269700.0,12090.76379554824,75777,1639.0,3.5591274397244548,289084.15472142975,81223.32218140816
0500000US39097,Madison County,COUNTY,2023,435,299000.0,13438.87034345422,77390,1550.0,3.86354826204936,307818.82298114226,79672.57093816253
0500000US39097,Madison County,COUNTY,2024,503,330000.0,17233.119614748273,82938,1487.0,3.978875786732258,330000.0,82938.0
0500000US39101,Marion County,COUNTY,2012,498,65000.0,4603.440821057692,53699,1282.0,1.2104508463844765,88808.00456457923,73367.70826328215
0500000US39101,Marion County,COUNTY,2013,512,74450.0,4858.882806484742,54079,1130.0,1.3766896577229608,100250.88771747577,72820.25193919908
0500000US39101,Marion County,COUNTY,2014,540,86750.0,4749.662174077385,56371,981.0,1.5389118518387115,114948.80689882401,74694.86102240472
0500000US39101,Marion County,COUNTY,2015,614,81900.0,4649.881995534852,58192,1604.0,1.4074099532581799,108393.6135382694,77016.37556799724
0500000US39101,Marion County,COUNTY,2016,724,95395.0,4255.852643730577,60294,1005.0,1.582164062759147,124681.2057773315,78804.22056856676
0500000US39101,Marion County,COUNTY,2017,675,102000.0,4393.033565752284,63764,1469.0,1.599648704598206,130533.11847258486,81601.11535574413
0500000US39101,Marion County,COUNTY,2018,801,110000.0,5132.03142135131,64052,1189.0,1.7173546493474052,137414.68776258727,80015.32345972037
0500000US39101,Marion County,COUNTY,2019,799,118500.0,4882.11927226726,67207,1091.0,1.763209189518949,145398.5085485631,82462.42670061841
0500000US39101,Marion County,COUNTY,2020,852,125000.0,4880.7995985113375,66715,579.0,1.8736416098328712,151504.86262175874,80861.17527848508
0500000US39101,Marion County,COUNTY,2021,773,149000.0,5605.935569244826,71839,1250.0,2.0740823229722016,172490.16865335646,83164.57198582869
0500000US39101,Marion County,COUNTY,2022,685,152500.0,6619.10004803664,75777,1639.0,2.01248399910263,163460.63624404164,81223.32218140816
0500000US39101,Marion County,COUNTY,2023,633,159500.0,7391.4644837391925,77390,1550.0,2.0609897919627858,164204.3554029839,79672.57093816253
0500000US39101,Marion County,COUNTY,2024,689,180000.0,7014.238012634101,82938,1487.0,2.1702958836721407,180000.0,82938.0
0500000US39117,Morrow County,COUNTY,2012,122,70162.0,7922.663039439045,53699,1282.0,1.3065792659081175,95860.72640400012,73367.70826328215
0500000US39117,Morrow County,COUNTY,2013,187,90000.0,8349.806613165243,54079,1130.0,1.6642319569518667,121189.79039050126,72820.25193919908
0500000US39117,Morrow County,COUNTY,2014,273,122500.0,7746.341111880759,56371,981.0,2.1731031913572583,162319.64086577456,74694.86102240472
0500000US39117,Morrow County,COUNTY,2015,449,132000.0,6188.59074987184,58192,1604.0,2.268353038218312,174700.32951222907,77016.37556799724
0500000US39117,Morrow County,COUNTY,2016,437,138000.0,6313.665818042775,60294,1005.0,2.288784953726739,180365.9143274988,78804.22056856676
0500000US39117,Morrow County,COUNTY,2017,406,139950.0,7157.414853203518,63764,1469.0,2.194812119691362,179099.11696312012,81601.11535574413
0500000US39117,Morrow County,COUNTY,2018,357,150000.0,8882.656549878038,64052,1189.0,2.341847249110098,187383.66513080083,80015.32345972037
0500000US39117,Morrow County,COUNTY,2019,325,170000.0,9576.459566617405,67207,1091.0,2.5294984153436397,208588.5776646053,82462.42670061841
0500000US39117,Morrow County,COUNTY,2020,363,192000.0,10740.416073546101,66715,579.0,2.87791351270329,232711.46898702142,80861.17527848508
0500000US39117,Morrow County,COUNTY,2021,377,218000.0,11514.918058364128,71839,1250.0,3.0345633987110068,252368.16621766248,83164.57198582869
0500000US39117,Morrow County,COUNTY,2022,353,247000.0,19646.155945607206,75777,1639.0,3.2595642477268827,264752.6370641199,81223.32218140816
0500000US39117,Morrow County,COUNTY,2023,298,269500.0,18705.637288877755,77390,1550.0,3.4823620622819487,277448.73843952455,79672.57093816253
0500000US39117,Morrow County,COUNTY,2024,296,290000.0,14663.449592434497,82938,1487.0,3.4965878125828933,290000.0,82938.0
0500000US39127,Perry County,COUNTY,2012,21,65000.0,25419.40826048374,53699,1282.0,1.2104508463844765,88808.00456457923,73367.70826328215
0500000US39127,Perry County,COUNTY,2013,20,98500.0,30752.458088634015,54079,1130.0,1.8214094195528763,132635.49281627082,72820.25193919908
0500000US39127,Perry County,COUNTY,2014,111,135000.0,15084.083169620859,56371,981.0,2.3948484149651414,178882.86952554746,74694.86102240472
0500000US39127,Perry County,COUNTY,2015,126,125000.0,14306.996641346319,58192,1604.0,2.148061589221886,165435.91809870178,77016.37556799724
0500000US39127,Perry County,COUNTY,2016,132,125700.0,14748.839601383275,60294,1005.0,2.084784555677182,164289.82196352608,78804.22056856676
0500000US39127,Perry County,COUNTY,2017,188,139700.0,15073.17274607351,63764,1469.0,2.1908914120820526,178779.1828492167,81601.11535574413
0500000US39127,Perry County,COUNTY,2018,226,142000.0,15170.425417795923,64052,1189.0,2.2169487291575596,177389.86965715812,80015.32345972037
0500000US39127,Perry County,COUNTY,2019,236,138900.0,15540.992528917663,67207,1091.0,2.0667489993601857,170429.13786831574,82462.42670061841
0500000US39127,Perry County,COUNTY,2020,208,175500.0,15759.134859363468,66715,579.0,2.6305928202053512,212712.82712094928,80861.17527848508
0500000US39127,Perry County,COUNTY,2021,259,178900.0,18058.953971519317,71839,1250.0,2.490290789125684,207103.96759788907,83164.57198582869
0500000US39127,Perry County,COUNTY,2022,268,211250.0,23529.19811719639,75777,1639.0,2.787785211871676,226433.17643641835,81223.32218140816
0500000US39127,Perry County,COUNTY,2023,231,233350.0,27376.45166236182,77390,1550.0,3.0152474479906965,240232.5161961523,79672.57093816253
0500000US39127,Perry County,COUNTY,2024,229,229900.0,22599.59020487262,82938,1487.0,2.771950131423473,229900.0,82938.0
0500000US39129,Pickaway County,COUNTY,2012,179,112500.0,6833.349341055452,53699,1282.0,2.0950110802808246,153706.16174638714,73367.70826328215
0500000US39129,Pickaway County,COUNTY,2013,236,120750.0,6810.897087740386,54079,1130.0,2.2328445422437544,162596.30210725585,72820.25193919908
0500000US39129,Pickaway County,COUNTY,2014,458,138119.5,5173.867922331098,56371,981.0,2.450187152968725,183016.38886988038,74694.86102240472
0500000US39129,Pickaway County,COUNTY,2015,562,140500.0,5634.41874852865,58192,1604.0,2.4144212262854,185949.9719429408,77016.37556799724
0500000US39129,Pickaway County,COUNTY,2016,652,150000.0,5263.884201790343,60294,1005.0,2.487809732311673,196049.90687771607,78804.22056856676
0500000US39129,Pickaway County,COUNTY,2017,670,159900.0,6086.681918804124,63764,1469.0,2.5076845869142463,204629.85925261097,81601.11535574413
0500000US39129,Pickaway County,COUNTY,2018,630,172900.0,6090.455767559074,64052,1189.0,2.6993692624742396,215990.9046741031,80015.32345972037
0500000US39129,Pickaway County,COUNTY,2019,648,187750.0,6547.492733287197,67207,1091.0,2.7936078087104024,230367.67915605672,82462.42670061841
0500000US39129,Pickaway County,COUNTY,2020,638,215000.0,6134.671457291316,66715,579.0,3.2226635689125382,260588.36370942503,80861.17527848508
0500000US39129,Pickaway County,COUNTY,2021,753,255000.0,7624.1723928966685,71839,1250.0,3.549603975556453,295201.2953463483,83164.57198582869
0500000US39129,Pickaway County,COUNTY,2022,870,293500.0,8278.729856432314,75777,1639.0,3.8732069097483404,314594.73270574573,81223.32218140816
0500000US39129,Pickaway County,COUNTY,2023,718,300000.0,8132.14335470668,77390,1550.0,3.876469828143171,308848.3173723835,79672.57093816253
0500000US39129,Pickaway County,COUNTY,2024,747,330000.0,8322.650929258234,82938,1487.0,3.978875786732258,330000.0,82938.0
0500000US39141,Ross County,COUNTY,2012,27,52000.0,17032.85872744401,53699,1282.0,0.9683606771075811,71046.40365166338,73367.70826328215
0500000US39141,Ross County,COUNTY,2013,34,55000.0,16222.600171457654,54079,1130.0,1.017030640359474,74060.42746086187,72820.25193919908
0500000US39141,Ross County,COUNTY,2014,71,57774.0,12492.778258630322,56371,981.0,1.024888683897749,76553.91780717763,74694.86102240472
0500000US39141,Ross County,COUNTY,2015,113,107000.0,13810.541243227444,58192,1604.0,1.8387407203739345,141613.14589248874,77016.37556799724
0500000US39141,Ross County,COUNTY,2016,181,132000.0,10474.506526793171,60294,1005.0,2.189272564434272,172523.91805239013,78804.22056856676
0500000US39141,Ross County,COUNTY,2017,173,133500.0,10964.570796367618,63764,1469.0,2.093657863371181,170844.81682441253,81601.11535574413
0500000US39141,Ross County,COUNTY,2018,183,144500.0,11313.797333003806,64052,1189.0,2.2559795166427277,180512.93074267148,80015.32345972037
0500000US39141,Ross County,COUNTY,2019,191,145000.0,9792.720286880873,67207,1091.0,2.157513354263693,177913.7868315751,82462.42670061841
0500000US39141,Ross County,COUNTY,2020,213,165000.0,10153.377589753394,66715,579.0,2.4732069249793898,199986.41866072154,80861.17527848508
0500000US39141,Ross County,COUNTY,2021,265,190000.0,11081.007490814298,71839,1250.0,2.6448029621793174,219953.90633649484,83164.57198582869
0500000US39141,Ross County,COUNTY,2022,243,200000.0,11525.785922347895,75777,1639.0,2.639323277511646,214374.60491021856,81223.32218140816
0500000US39141,Ross County,COUNTY,2023,240,207700.0,13136.162005922697,77390,1550.0,2.6838092776844555,213825.98506081352,79672.57093816253
0500000US39141,Ross County,COUNTY,2024,242,221500.0,13990.97706432522,82938,1487.0,2.670669656852106,221500.0,82938.0
0500000US39159,Union County,COUNTY,2012,556,156900.0,11554.827573109182,53699,1282.0,2.92184211996499,214368.86024896125,73367.70826328215
0500000US39159,Union County,COUNTY,2013,695,170000.0,9353.02223213151,54079,1130.0,3.143549252020193,228914.04851539127,72820.25193919908
0500000US39159,Union County,COUNTY,2014,738,172450.0,9244.825649027322,56371,981.0,3.0591971048943605,228506.3025902271,74694.86102240472
0500000US39159,Union County,COUNTY,2015,862,192000.0,8537.241853199715,58192,1604.0,3.2994226010448173,254109.57019960595,77016.37556799724
0500000US39159,Union County,COUNTY,2016,932,209000.0,8167.8739426859665,60294,1005.0,3.466348227020931,273162.8702496177,78804.22056856676
0500000US39159,Union County,COUNTY,2017,968,230000.0,7938.998073203504,63764,1469.0,3.607051000564582,294339.38479112275,81601.11535574413
0500000US39159,Union County,COUNTY,2018,892,245000.0,9084.646292374186,64052,1189.0,3.8250171735464935,306059.98638030805,80015.32345972037
0500000US39159,Union County,COUNTY,2019,962,270000.0,9905.433930503696,67207,1091.0,4.017438659663428,331287.7409967261,82462.42670061841
0500000US39159,Union County,COUNTY,2020,1005,282000.0,9389.249116346735,66715,579.0,4.226935471782958,341794.97007468774,80861.17527848508
0500000US39159,Union County,COUNTY,2021,1110,344860.0,10807.707282993591,71839,1250.0,4.800456576511365,399227.91652212426,83164.57198582869
0500000US39159,Union County,COUNTY,2022,948,394500.0,13589.88199296543,75777,1639.0,5.206065164891721,422853.9081854061,81223.32218140816
0500000US39159,Union County,COUNTY,2023,883,416000.0,15326.596672507456,77390,1550.0,5.375371495025197,428269.6667563718,79672.57093816253
0500000US39159,Union County,COUNTY,2024,981,450080.0,16124.591337872718,82938,1487.0,5.42670428512865,450080.0,82938.0
M100000US3901630,Amanda,PLACE,2018,11,117000.0,21167.745341992588,64052,1189.0,1.8266408543058765,146159.25880202465,80015.32345972037
M100000US3901630,Amanda,PLACE,2021,16,214950.0,23254.120321161,71839,1250.0,2.992107351160233,248837.32719489242,83164.57198582869
M100000US3901630,Amanda,PLACE,2022,11,200000.0,36794.18196855748,75777,1639.0,2.639323277511646,214374.60491021856,81223.32218140816
M100000US3901630,Amanda,PLACE,2024,15,245000.0,28648.351024167776,82938,1487.0,2.954013841664858,245000.0,82938.0
M100000US3902582,Ashley,PLACE,2012,12,35250.0,13607.675121009104,53699,1282.0,0.6564368051546584,48161.26401386796,73367.70826328215
M100000US3902582,Ashley,PLACE,2013,13,44000.0,20938.56884319553,54079,1130.0,0.8136245122875793,59248.34196868951,72820.25193919908
M100000US3902582,Ashley,PLACE,2014,14,86250.0,27827.365329439715,56371,981.0,1.5300420428943962,114286.2777524331,74694.86102240472
M100000US3902582,Ashley,PLACE,2015,12,72700.0,25166.68527664021,58192,1604.0,1.249312620291449,96217.52996620495,77016.37556799724
M100000US3902582,Ashley,PLACE,2016,16,80500.0,23920.47388403369,60294,1005.0,1.3351245563405978,105213.4500243743,78804.22056856676
M100000US3902582,Ashley,PLACE,2018,11,132000.0,21927.81680855463,64052,1189.0,2.0608255792168864,164897.62531510473,80015.32345972037
M100000US3902582,Ashley,PLACE,2020,13,109000.0,28653.13919605586,66715,579.0,1.6338154837742636,132112.24020617362,80861.17527848508
M100000US3902582,Ashley,PLACE,2021,14,162450.0,47921.05147072684,71839,1250.0,2.2613065326633164,188060.58991770307,83164.57198582869
M100000US3902582,Ashley,PLACE,2022,14,180000.0,27609.438359207445,75777,1639.0,2.3753909497604813,192937.1444191967,81223.32218140816
M100000US3902582,Ashley,PLACE,2023,13,205000.0,50064.91880673196,77390,1550.0,2.648921049231167,211046.35020446207,79672.57093816253
M100000US3902582,Ashley,PLACE,2024,11,235000.0,31656.12520092176,82938,1487.0,2.8334418481275168,235000.0,82938.0
M100000US3902680,Ashville,PLACE,2012,30,115250.0,11233.389486835064,53699,1282.0,2.146222462243245,157463.42347796547,73367.70826328215
M100000US3902680,Ashville,PLACE,2013,37,125000.0,8811.406510719517,54079,1130.0,2.3114332735442593,168319.15332014064,72820.25193919908
M100000US3902680,Ashville,PLACE,2014,43,131400.0,10272.177864147454,56371,981.0,2.3309857905660714,174112.65967153286,74694.86102240472
M100000US3902680,Ashville,PLACE,2015,56,149950.0,7934.72774796905,58192,1604.0,2.5768146824305744,198456.92735120267,77016.37556799724
M100000US3902680,Ashville,PLACE,2016,61,149000.0,8710.212193657024,60294,1005.0,2.4712243340962616,194742.9074985313,78804.22056856676
M100000US3902680,Ashville,PLACE,2017,73,160000.0,9252.235521776247,63764,1469.0,2.50925286995797,204757.83289817235,81601.11535574413
M100000US3902680,Ashville,PLACE,2018,67,175000.0,10424.878060377481,64052,1189.0,2.732155123961781,218614.2759859343,80015.32345972037
M100000US3902680,Ashville,PLACE,2019,52,198000.0,12555.343800681407,67207,1091.0,2.9461216837531805,242944.34339759912,82462.42670061841
M100000US3902680,Ashville,PLACE,2020,63,235000.0,11235.603313609963,66715,579.0,3.5224462264857976,284829.1417289064,80861.17527848508
M100000US3902680,Ashville,PLACE,2021,74,260000.0,12179.083365941091,71839,1250.0,3.61920405350854,300989.55603941396,83164.57198582869
M100000US3902680,Ashville,PLACE,2022,63,299900.0,17484.42215786006,75777,1639.0,3.957665254628713,321454.72006287274,81223.32218140816
M100000US3902680,Ashville,PLACE,2023,45,295316.0,19020.98958294875,77390,1550.0,3.8159452125597624,304026.16564380936,79672.57093816253
M100000US3902680,Ashville,PLACE,2024,80,336457.5,12610.13301225432,82938,1487.0,4.056735151558996,336457.5,82938.0
M100000US3903758,Baltimore,PLACE,2012,16,69000.0,15462.88967423632,53699,1282.0,1.2849401292389058,94273.11253778411,73367.70826328215
M100000US3903758,Baltimore,PLACE,2013,20,91000.0,22262.376900084775,54079,1130.0,1.6827234231402208,122536.34361706238,72820.25193919908
M100000US3903758,Baltimore,PLACE,2014,16,94950.0,13868.007444085271,56371,981.0,1.684376718525483,125814.28489963505,74694.86102240472
M100000US3903758,Baltimore,PLACE,2015,22,100100.0,22627.661873965022,58192,1604.0,1.7201677206488863,132481.08321344038,77016.37556799724
M100000US3903758,Baltimore,PLACE,2016,36,124750.0,14084.816385851424,60294,1005.0,2.0690284273725412,163048.17255330054,78804.22056856676
M100000US3903758,Baltimore,PLACE,2017,33,119900.0,16951.46610452085,63764,1469.0,1.8803713694247537,153440.4010280679,81601.11535574413
M100000US3903758,Baltimore,PLACE,2018,25,149900.0,14631.401595824713,64052,1189.0,2.3402860176106914,187258.7426873803,80015.32345972037
M100000US3903758,Baltimore,PLACE,2019,26,138250.0,21908.589548396845,67207,1091.0,2.057077387772107,169631.59330665696,82462.42670061841
M100000US3903758,Baltimore,PLACE,2020,43,169000.0,14990.629782685264,66715,579.0,2.5331634564940417,204834.5742646178,80861.17527848508
M100000US3903758,Baltimore,PLACE,2021,36,180750.0,23273.229337891804,71839,1250.0,2.516042817967956,209245.62405432336,83164.57198582869
M100000US3903758,Baltimore,PLACE,2022,42,231000.0,18125.775719062065,75777,1639.0,3.048418385525951,247602.66867130244,81223.32218140816
M100000US3903758,Baltimore,PLACE,2023,32,223500.0,20417.304398730696,77390,1550.0,2.8879700219666624,230091.99644242573,79672.57093816253
M100000US3903758,Baltimore,PLACE,2024,39,230000.0,21733.442735033917,82938,1487.0,2.7731558513588466,230000.0,82938.0
M100000US390410577499999,Berkshire Township (Delaware),COUSUB,2012,39,280000.0,86684.25810443387,53699,1282.0,5.2142497998100525,382557.5581243413,73367.70826328215
M100000US390410577499999,Berkshire Township (Delaware),COUSUB,2013,40,338222.5,41170.798167325636,54079,1130.0,6.254229922890586,455434.5986705701,72820.25193919908
M100000US390410577499999,Berkshire Township (Delaware),COUSUB,2014,41,324900.0,33292.78734220832,56371,981.0,5.763601852016108,430511.43932481756,74694.86102240472
M100000US390410577499999,Berkshire Township (Delaware),COUSUB,2015,56,354500.0,30091.105044093496,58192,1604.0,6.091902667033269,469176.26372791827,77016.37556799724
M100000US390410577499999,Berkshire Township (Delaware),COUSUB,2016,50,386812.5,25923.19457841723,60294,1005.0,6.415439347198726,505563.6973609103,78804.22056856676
M100000US390410577499999,Berkshire Township (Delaware),COUSUB,2017,53,397000.0,32967.19895397715,63764,1469.0,6.226083683583213,508055.3728785901,81601.11535574413
M100000US390410577499999,Berkshire Township (Delaware),COUSUB,2018,65,403863.0,19600.780485875894,64052,1189.0,6.30523637044901,504515.5276714708,80015.32345972037
M100000US390410577499999,Berkshire Township (Delaware),COUSUB,2019,66,412500.0,36176.24361197971,67207,1091.0,6.137753507819126,506134.0487449982,82462.42670061841
M100000US390410577499999,Berkshire Township (Delaware),COUSUB,2020,102,449920.0,20227.163897794577,66715,579.0,6.743910664768043,545320.5423262536,80861.17527848508
M100000US390410577499999,Berkshire Township (Delaware),COUSUB,2021,124,436749.5,19354.28903152169,71839,1250.0,6.079559849107031,505603.9927132155,83164.57198582869
M100000US390410577499999,Berkshire Township (Delaware),COUSUB,2022,128,551950.0,18753.97805837659,75777,1639.0,7.283872415112765,591620.3159009757,81223.32218140816
M100000US390410577499999,Berkshire Township (Delaware),COUSUB,2023,111,530000.0,18504.351877120163,77390,1550.0,6.848430029719602,545632.0273578776,79672.57093816253
M100000US390410577499999,Berkshire Township (Delaware),COUSUB,2024,101,533000.0,25457.53932029275,82938,1487.0,6.426487255540283,533000.0,82938.0
M100000US390410578899999,Berlin Township (Delaware),COUSUB,2012,89,290000.0,19004.435925039023,53699,1282.0,5.400473006946125,396220.3280573535,73367.70826328215
M100000US390410578899999,Berlin Township (Delaware),COUSUB,2013,103,294900.0,19318.96677501026,54079,1130.0,5.4531333789456164,397098.54651287576,72820.25193919908
M100000US390410578899999,Berlin Township (Delaware),COUSUB,2014,85,315000.0,22687.234630461757,56371,981.0,5.587979634918664,417393.3622262774,74694.86102240472
M100000US390410578899999,Berlin Township (Delaware),COUSUB,2015,102,331000.0,62260.17356365752,58192,1604.0,5.6880670882595545,438074.31112536235,77016.37556799724
M100000US390410578899999,Berlin Township (Delaware),COUSUB,2016,107,350000.0,20370.374442545944,60294,1005.0,5.804889375393903,457449.7827146708,78804.22056856676
M100000US390410578899999,Berlin Township (Delaware),COUSUB,2017,111,361000.0,15900.590256662954,63764,1469.0,5.66150178784267,461984.86047650134,81601.11535574413
M100000US390410578899999,Berlin Township (Delaware),COUSUB,2018,94,395000.0,17699.352982454464,64052,1189.0,6.166864422656592,493443.65151110885,80015.32345972037
M100000US390410578899999,Berlin Township (Delaware),COUSUB,2019,132,401000.0,16728.756957384543,67207,1091.0,5.96664037972235,492023.64496180427,82462.42670061841
M100000US390410578899999,Berlin Township (Delaware),COUSUB,2020,134,470306.5,16640.870082275254,66715,579.0,7.049486622198906,570029.7733809614,80861.17527848508
M100000US390410578899999,Berlin Township (Delaware),COUSUB,2021,133,525000.0,20701.077131743536,71839,1250.0,7.308008184969167,607767.3727718936,83164.57198582869
M100000US390410578899999,Berlin Township (Delaware),COUSUB,2022,145,575900.0,23902.18019443872,75777,1639.0,7.5999313775947845,617291.6748389744,81223.32218140816
M100000US390410578899999,Berlin Township (Delaware),COUSUB,2023,133,608000.0,26807.987290839897,77390,1550.0,7.856312185036827,625932.5898746973,79672.57093816253
M100000US390410578899999,Berlin Township (Delaware),COUSUB,2024,162,664249.0,26265.2616123969,82938,1487.0,8.008982613518532,664249.0,82938.0
M100000US390410942899999,Brown Township (Delaware),COUSUB,2012,11,120000.0,101891.16411494397,53699,1282.0,2.2346784856328794,163953.23919614626,73367.70826328215
M100000US390410942899999,Brown Township (Delaware),COUSUB,2014,11,139500.0,46229.35313970996,56371,981.0,2.47467669546398,184845.63184306573,74694.86102240472
M100000US390410942899999,Brown Township (Delaware),COUSUB,2016,18,300000.0,53938.23329225433,60294,1005.0,4.975619464623346,392099.81375543214,78804.22056856676
M100000US390410942899999,Brown Township (Delaware),COUSUB,2017,13,229900.0,67985.68783949447,63764,1469.0,3.605482717520858,294211.4111455614,81601.11535574413
M100000US390410942899999,Brown Township (Delaware),COUSUB,2018,14,173750.0,65474.89865034168,64052,1189.0,2.712639730219197,217052.74544317764,80015.32345972037
M100000US390410942899999,Brown Township (Delaware),COUSUB,2019,12,312500.0,86280.37303184911,67207,1091.0,4.649813263499338,383434.88541287737,82462.42670061841
M100000US390410942899999,Brown Township (Delaware),COUSUB,2021,13,420000.0,104972.18822334919,71839,1250.0,5.8464065479753335,486213.89821751486,83164.57198582869
M100000US390410942899999,Brown Township (Delaware),COUSUB,2022,15,335000.0,77717.9060375167,75777,1639.0,4.420866489832007,359077.4632246161,81223.32218140816
M100000US390410942899999,Brown Township (Delaware),COUSUB,2023,12,355000.0,93621.04748570023,77390,1550.0,4.587155963302752,365470.50889065384,79672.57093816253
M100000US390410942899999,Brown Township (Delaware),COUSUB,2024,13,580000.0,97171.53575465774,82938,1487.0,6.993175625165787,580000.0,82938.0
M100000US390411814099999,Concord Township (Delaware),COUSUB,2012,161,307800.0,30153.44383791292,53699,1282.0,5.731950315648336,420540.0585381152,73367.70826328215
M100000US390411814099999,Concord Township (Delaware),COUSUB,2013,188,320350.0,24453.581913855138,54079,1130.0,5.923741193439228,431368.3261288564,72820.25193919908
M100000US390411814099999,Concord Township (Delaware),COUSUB,2014,181,342000.0,22041.591295467453,56371,981.0,6.066949317911692,453169.9361313869,74694.86102240472
M100000US390411814099999,Concord Township (Delaware),COUSUB,2015,199,337500.0,28741.80548655748,58192,1604.0,5.799766290899092,446676.97886649484,77016.37556799724
M100000US390411814099999,Concord Township (Delaware),COUSUB,2016,229,358000.0,24992.694005242338,60294,1005.0,5.937572561117192,467905.777748149,78804.22056856676
M100000US390411814099999,Concord Township (Delaware),COUSUB,2017,192,369700.0,31059.11842402301,63764,1469.0,5.797942412646634,473118.56764033943,81601.11535574413
M100000US390411814099999,Concord Township (Delaware),COUSUB,2018,224,381000.0,22438.73635984918,64052,1189.0,5.948292012739649,475954.5094322341,80015.32345972037
M100000US390411814099999,Concord Township (Delaware),COUSUB,2019,238,399450.0,21521.381311785542,67207,1091.0,5.943577305935394,490121.8079301564,82462.42670061841
M100000US390411814099999,Concord Township (Delaware),COUSUB,2020,286,432500.0,22511.415200878935,66715,579.0,6.482799970021734,524206.8246712853,80861.17527848508
M100000US390411814099999,Concord Township (Delaware),COUSUB,2021,270,450500.0,28486.65823465534,71839,1250.0,6.270967023483066,521522.2884452154,83164.57198582869
M100000US390411814099999,Concord Township (Delaware),COUSUB,2022,188,514332.5,36806.21205303029,75777,1639.0,6.787448698153793,551299.1323999249,81223.32218140816
M100000US390411814099999,Concord Township (Delaware),COUSUB,2023,179,560500.0,35237.61327953991,77390,1550.0,7.242537795580825,577031.6062907366,79672.57093816253
M100000US390411814099999,Concord Township (Delaware),COUSUB,2024,171,594000.0,41196.47293898019,82938,1487.0,7.161976416118064,594000.0,82938.0
M100000US390412144899999,Delaware Township (Delaware),COUSUB,2012,24,179950.0,34769.612097541474,53699,1282.0,3.351086612413639,245861.54494455433,73367.70826328215
M100000US390412144899999,Delaware Township (Delaware),COUSUB,2013,38,221750.0,25101.660006600792,54079,1130.0,4.100482627267516,298598.1779899295,72820.25193919908
M100000US390412144899999,Delaware Township (Delaware),COUSUB,2014,55,240000.0,33641.57323242035,56371,981.0,4.257508293271363,318013.9902676399,74694.86102240472
M100000US390412144899999,Delaware Township (Delaware),COUSUB,2015,40,225000.0,27071.4218809039,58192,1604.0,3.866510860599395,297784.6525776632,77016.37556799724
M100000US390412144899999,Delaware Township (Delaware),COUSUB,2016,35,289900.0,38037.48497667518,60294,1005.0,4.808106942647693,378899.1200256659,78804.22056856676
M100000US390412144899999,Delaware Township (Delaware),COUSUB,2017,44,276550.0,22904.76086153042,63764,1469.0,4.337086757417979,353911.11679993477,81601.11535574413
M100000US390412144899999,Delaware Township (Delaware),COUSUB,2018,23,330000.0,33739.601597273315,64052,1189.0,5.1520639480422155,412244.0632877618,80015.32345972037
M100000US390412144899999,Delaware Township (Delaware),COUSUB,2019,38,317450.0,28837.115457473406,67207,1091.0,4.723466305593167,389508.4939978174,82462.42670061841
M100000US390412144899999,Delaware Township (Delaware),COUSUB,2020,38,369587.5,30893.81268629412,66715,579.0,5.53979614779285,447954.4273137541,80861.17527848508
M100000US390412144899999,Delaware Township (Delaware),COUSUB,2021,40,378950.0,31932.336386913463,71839,1250.0,5.274989907988697,438692.2779274459,83164.57198582869
M100000US390412144899999,Delaware Township (Delaware),COUSUB,2022,32,432500.0,49769.33315622543,75777,1639.0,5.707536587618934,463585.0831183476,81223.32218140816
M100000US390412144899999,Delaware Township (Delaware),COUSUB,2023,34,472500.0,38649.01907516678,77390,1550.0,6.105439979325494,486436.09986150404,79672.57093816253
M100000US390412144899999,Delaware Township (Delaware),COUSUB,2024,25,550000.0,94914.63149392004,82938,1487.0,6.631459644553763,550000.0,82938.0
M100000US390412969499999,Genoa Township (Delaware),COUSUB,2012,337,283000.0,11523.09204362486,53699,1282.0,5.270116761950875,386656.38910424494,73367.70826328215
M100000US390412969499999,Genoa Township (Delaware),COUSUB,2013,406,321250.0,15677.814581247167,54079,1130.0,5.940383513008746,432580.2240327614,72820.25193919908
M100000US390412969499999,Genoa Township (Delaware),COUSUB,2014,390,320000.0,11561.505697573237,56371,981.0,5.676677724361817,424018.65369018656,74694.86102240472
M100000US390412969499999,Genoa Township (Delaware),COUSUB,2015,423,339900.0,9983.420402769427,58192,1604.0,5.8410090734121525,449853.3484939899,77016.37556799724
M100000US390412969499999,Genoa Township (Delaware),COUSUB,2016,446,340000.0,12108.704655953612,60294,1005.0,5.639035393239792,444379.7889228231,78804.22056856676
M100000US390412969499999,Genoa Township (Delaware),COUSUB,2017,490,359950.0,13360.638688678016,63764,1469.0,5.64503481588357,460641.1371981071,81601.11535574413
M100000US390412969499999,Genoa Township (Delaware),COUSUB,2018,412,360000.0,12541.141824164757,64052,1189.0,5.620433397864235,449720.796313922,80015.32345972037
M100000US390412969499999,Genoa Township (Delaware),COUSUB,2019,449,399900.0,11922.882881120644,67207,1091.0,5.950273037034833,490673.95416515094,82462.42670061841
M100000US390412969499999,Genoa Township (Delaware),COUSUB,2020,444,405500.0,13274.940463182951,66715,579.0,6.078093382297834,491481.7743449854,80861.17527848508
M100000US390412969499999,Genoa Township (Delaware),COUSUB,2021,455,465000.0,13982.217018950292,71839,1250.0,6.472807249544119,538308.2444551057,83164.57198582869
M100000US390412969499999,Genoa Township (Delaware),COUSUB,2022,365,516000.0,25481.48817134275,75777,1639.0,6.809454055980047,553086.4806683639,81223.32218140816
M100000US390412969499999,Genoa Township (Delaware),COUSUB,2023,260,552500.0,26135.290027911084,77390,1550.0,7.13916526683034,568795.6511608063,79672.57093816253
M100000US390412969499999,Genoa Township (Delaware),COUSUB,2024,284,576450.0,34466.99609931669,82938,1487.0,6.950372567460031,576450.0,82938.0
M100000US390413351699999,Harlem Township (Delaware),COUSUB,2012,23,391900.0,46725.71251872257,53699,1282.0,7.298087487662713,535443.9536747477,73367.70826328215
M100000US390413351699999,Harlem Township (Delaware),COUSUB,2013,34,308250.0,41396.54563951334,54079,1130.0,5.699994452560143,415075.0320874668,72820.25193919908
M100000US390413351699999,Harlem Township (Delaware),COUSUB,2014,35,247500.0,36840.88742870944,56371,981.0,4.390555427436093,327951.92746350367,74694.86102240472
M100000US390413351699999,Harlem Township (Delaware),COUSUB,2015,46,275450.0,42868.78766694716,58192,1604.0,4.7334685180093485,364554.5891222993,77016.37556799724
M100000US390413351699999,Harlem Township (Delaware),COUSUB,2016,56,306500.0,34291.676228326956,60294,1005.0,5.0834245530235185,400595.3097201332,78804.22056856676
M100000US390413351699999,Harlem Township (Delaware),COUSUB,2017,53,285000.0,40616.6330348779,63764,1469.0,4.469606674612634,364724.8898498695,81601.11535574413
M100000US390413351699999,Harlem Township (Delaware),COUSUB,2018,51,355000.0,38550.68580061352,64052,1189.0,5.542371822893899,443474.6741428953,80015.32345972037
M100000US390413351699999,Harlem Township (Delaware),COUSUB,2019,52,377500.0,34289.257197218525,67207,1091.0,5.6169744223072,463189.3415787559,82462.42670061841
M100000US390413351699999,Harlem Township (Delaware),COUSUB,2020,38,427500.0,45437.45293805751,66715,579.0,6.407854305628419,518146.6301664149,80861.17527848508
M100000US390413351699999,Harlem Township (Delaware),COUSUB,2021,47,490100.0,87911.09823494073,71839,1250.0,6.822199640863598,567365.3131342953,83164.57198582869
M100000US390413351699999,Harlem Township (Delaware),COUSUB,2022,36,602500.0,97387.55160978717,75777,1639.0,7.950961373503834,645803.4972920334,81223.32218140816
M100000US390413351699999,Harlem Township (Delaware),COUSUB,2023,41,621000.0,88423.38074709252,77390,1550.0,8.024292544256364,639316.0169608339,79672.57093816253
M100000US390413351699999,Harlem Township (Delaware),COUSUB,2024,48,625000.0,95797.70816040398,82938,1487.0,7.5357495960838214,625000.0,82938.0
M100000US390414036299999,Kingston Township (Delaware),COUSUB,2012,17,187000.0,33569.85672731062,53699,1282.0,3.4823739734445707,255493.79774732792,73367.70826328215
M100000US390414036299999,Kingston Township (Delaware),COUSUB,2013,29,243000.0,45725.53969935938,54079,1130.0,4.49342628377004,327212.4340543534,72820.25193919908
M100000US390414036299999,Kingston Township (Delaware),COUSUB,2014,21,320000.0,52913.737076478115,56371,981.0,5.676677724361817,424018.65369018656,74694.86102240472
M100000US390414036299999,Kingston Township (Delaware),COUSUB,2015,18,268750.0,79491.78939598371,58192,1604.0,4.618332416827055,355687.22391220886,77016.37556799724
M100000US390414036299999,Kingston Township (Delaware),COUSUB,2016,34,275750.0,53433.42494680124,60294,1005.0,4.573423557899625,360405.0788102014,78804.22056856676
M100000US390414036299999,Kingston Township (Delaware),COUSUB,2017,22,288850.0,32531.068053367617,63764,1469.0,4.529985571795998,369651.87520398176,81601.11535574413
M100000US390414036299999,Kingston Township (Delaware),COUSUB,2018,16,263500.0,43774.505954498134,64052,1189.0,4.113845000936739,329170.6384131068,80015.32345972037
M100000US390414036299999,Kingston Township (Delaware),COUSUB,2019,28,341000.0,37789.64646472233,67207,1091.0,5.073876233130478,418404.1469625318,82462.42670061841
M100000US390414036299999,Kingston Township (Delaware),COUSUB,2020,24,410050.0,40274.244350750065,66715,579.0,6.14629393689575,496996.5513444174,80861.17527848508
M100000US390414036299999,Kingston Township (Delaware),COUSUB,2021,33,367500.0,165528.4419785413,71839,1250.0,5.115605729478417,425437.1609403255,83164.57198582869
M100000US390414036299999,Kingston Township (Delaware),COUSUB,2022,43,438286.0,48139.14110221727,75777,1639.0,5.783892210037346,469786.94043840026,81223.32218140816
M100000US390414036299999,Kingston Township (Delaware),COUSUB,2023,26,537500.0,78413.01376008529,77390,1550.0,6.945341775423182,553353.2352921872,79672.57093816253
M100000US390414036299999,Kingston Township (Delaware),COUSUB,2024,30,584300.0,57521.979452513944,82938,1487.0,7.045021582386843,584300.0,82938.0
M100000US390414310699999,Liberty Township (Delaware),COUSUB,2012,243,337000.0,23990.053843618192,53699,1282.0,6.27572208048567,460435.34674251074,73367.70826328215
M100000US390414310699999,Liberty Township (Delaware),COUSUB,2013,257,350000.0,27380.748458038062,54079,1130.0,6.472013165923926,471293.6292963938,72820.25193919908
M100000US390414310699999,Liberty Township (Delaware),COUSUB,2014,247,362000.0,27029.358519957153,56371,981.0,6.421741675684306,479671.10198702355,74694.86102240472
M100000US390414310699999,Liberty Township (Delaware),COUSUB,2015,298,377517.5,26388.62393710391,58192,1604.0,6.487446728072587,499639.63368661323,77016.37556799724
M100000US390414310699999,Liberty Township (Delaware),COUSUB,2016,300,376500.0,23742.228502726168,60294,1005.0,6.2444024281022985,492085.2662630674,78804.22056856676
M100000US390414310699999,Liberty Township (Delaware),COUSUB,2017,290,426250.0,26168.55485310731,63764,1469.0,6.6848064738724045,545487.6642052872,81601.11535574413
M100000US390414310699999,Liberty Township (Delaware),COUSUB,2018,300,431540.0,20987.519358669324,64052,1189.0,6.7373384125398115,539090.312336972,80015.32345972037
M100000US390414310699999,Liberty Township (Delaware),COUSUB,2019,321,437410.0,22829.651013608913,67207,1091.0,6.508399422679185,536698.4103310294,82462.42670061841
M100000US390414310699999,Liberty Township (Delaware),COUSUB,2020,366,512367.5,29479.380162718007,66715,579.0,7.679944540208349,621009.3415948318,80861.17527848508
M100000US390414310699999,Liberty Township (Delaware),COUSUB,2021,339,517000.0,31128.969167818872,71839,1250.0,7.196648060245828,598506.1556629885,83164.57198582869
M100000US390414310699999,Liberty Township (Delaware),COUSUB,2022,358,522927.5,27668.39173750671,75777,1639.0,6.900873616004857,560511.8810459416,81223.32218140816
M100000US390414310699999,Liberty Township (Delaware),COUSUB,2023,370,536929.5,31115.85537340966,77390,1550.0,6.937970021966662,552765.9087419839,79672.57093816253
M100000US390414310699999,Liberty Township (Delaware),COUSUB,2024,356,561985.0,31715.52140611128,82938,1487.0,6.775965178808266,561985.0,82938.0
M100000US390415861899999,Orange Township (Delaware),COUSUB,2012,414,267000.0,7701.51320105326,53699,1282.0,4.972159630533157,364795.9572114254,73367.70826328215
M100000US390415861899999,Orange Township (Delaware),COUSUB,2013,422,285000.0,11469.674271431062,54079,1130.0,5.270067863680911,383767.66956992063,72820.25193919908
M100000US390415861899999,Orange Township (Delaware),COUSUB,2014,444,287250.0,9464.596895088895,56371,981.0,5.095705238509162,380622.99460158154,74694.86102240472
M100000US390415861899999,Orange Township (Delaware),COUSUB,2015,525,292500.0,9231.594977395991,58192,1604.0,5.026464118779214,387120.04835096217,77016.37556799724
M100000US390415861899999,Orange Township (Delaware),COUSUB,2016,615,307000.0,7437.033225981912,60294,1005.0,5.0917172521312235,401248.80940972554,78804.22056856676
M100000US390415861899999,Orange Township (Delaware),COUSUB,2017,594,321992.5,9707.440386398703,63764,1469.0,5.049753779562136,412065.5406841547,81601.11535574413
M100000US390415861899999,Orange Township (Delaware),COUSUB,2018,519,330500.0,9165.591436118882,64052,1189.0,5.159870105539249,412868.6755048645,80015.32345972037
M100000US390415861899999,Orange Township (Delaware),COUSUB,2019,521,345000.0,9544.459745960716,67207,1091.0,5.133393842903269,423312.11349581665,82462.42670061841
M100000US390415861899999,Orange Township (Delaware),COUSUB,2020,526,379950.0,11268.179592520646,66715,579.0,5.695121037247995,460514.1804250979,80861.17527848508
M100000US390415861899999,Orange Township (Delaware),COUSUB,2021,525,435900.0,10782.404742478106,71839,1250.0,6.067734795862972,504620.56722146366,83164.57198582869
M100000US390415861899999,Orange Township (Delaware),COUSUB,2022,460,479000.0,13256.416050005766,75777,1639.0,6.321179249640392,513427.17875997344,81223.32218140816
M100000US390415861899999,Orange Township (Delaware),COUSUB,2023,378,540000.0,18244.293872736343,77390,1550.0,6.977645690657708,555926.9712702903,79672.57093816253
M100000US390415861899999,Orange Township (Delaware),COUSUB,2024,340,550000.0,21494.261723904725,82938,1487.0,6.631459644553763,550000.0,82938.0
M100000US390415926299999,Oxford Township (Delaware),COUSUB,2019,12,215000.0,64750.87633520425,67207,1091.0,3.1990715252875446,263803.20116405963,82462.42670061841
M100000US390415926299999,Oxford Township (Delaware),COUSUB,2020,18,276300.0,53334.27806726428,66715,579.0,4.141497414374578,334886.3483391355,80861.17527848508
M100000US390415926299999,Oxford Township (Delaware),COUSUB,2024,13,406000.0,87028.57011316295,82938,1487.0,4.895222937616051,406000.0,82938.0
M100000US390416417899999,Porter Township (Delaware),COUSUB,2012,15,238500.0,45970.49939515144,53699,1282.0,4.441423490195348,325857.0629023407,73367.70826328215
M100000US390416417899999,Porter Township (Delaware),COUSUB,2013,13,170000.0,41084.988886985135,54079,1130.0,3.143549252020193,228914.04851539127,72820.25193919908
M100000US390416417899999,Porter Township (Delaware),COUSUB,2014,26,270000.0,33129.001767264985,56371,981.0,4.789696829930283,357765.7390510949,74694.86102240472
M100000US390416417899999,Porter Township (Delaware),COUSUB,2015,36,225950.0,27211.22263912883,58192,1604.0,3.8828361286774813,299041.96555521333,77016.37556799724
M100000US390416417899999,Porter Township (Delaware),COUSUB,2016,15,260000.0,35316.632522297245,60294,1005.0,4.3122035360068995,339819.8385880412,78804.22056856676
M100000US390416417899999,Porter Township (Delaware),COUSUB,2017,18,319450.0,54502.44138110239,63764,1469.0,5.00988018317546,408811.8107457572,81601.11535574413
M100000US390416417899999,Porter Township (Delaware),COUSUB,2018,19,425000.0,96558.28192733899,64052,1189.0,6.6352338724786115,530920.384537269,80015.32345972037
M100000US390416417899999,Porter Township (Delaware),COUSUB,2019,17,305000.0,38529.866485108185,67207,1091.0,4.538217745175354,374232.4481629683,82462.42670061841
M100000US390416417899999,Porter Township (Delaware),COUSUB,2020,31,410000.0,44199.791469243726,66715,579.0,6.145544480251817,496935.94939936866,80861.17527848508
M100000US390416417899999,Porter Township (Delaware),COUSUB,2021,23,465000.0,62142.99683576902,71839,1250.0,6.472807249544119,538308.2444551057,83164.57198582869
M100000US390416417899999,Porter Township (Delaware),COUSUB,2022,19,425000.0,100747.89099917932,75777,1639.0,5.608561964712248,455546.03543421446,81223.32218140816
M100000US390416417899999,Porter Township (Delaware),COUSUB,2024,18,600000.0,169561.0684450673,82938,1487.0,7.234319612240469,600000.0,82938.0
M100000US390416531299999,Radnor Township (Delaware),COUSUB,2012,11,137900.0,71921.79584969474,53699,1282.0,2.5680180264064507,188409.5973762381,73367.70826328215
M100000US390416531299999,Radnor Township (Delaware),COUSUB,2013,13,180000.0,29276.959420330702,54079,1130.0,3.3284639139037333,242379.58078100253,72820.25193919908
M100000US390416531299999,Radnor Township (Delaware),COUSUB,2014,14,148000.0,37652.24955230142,56371,981.0,2.6254634475173404,196108.6273317113,74694.86102240472
M100000US390416531299999,Radnor Township (Delaware),COUSUB,2015,21,260000.0,108182.54180291704,58192,1604.0,4.467968105581523,344106.7096452997,77016.37556799724
M100000US390416531299999,Radnor Township (Delaware),COUSUB,2016,19,176000.0,44286.593700627105,60294,1005.0,2.919030085912363,230031.8907365202,78804.22056856676
M100000US390416531299999,Radnor Township (Delaware),COUSUB,2017,15,252000.0,45489.4177163728,63764,1469.0,3.952073270183803,322493.5868146214,81601.11535574413
M100000US390416531299999,Radnor Township (Delaware),COUSUB,2018,22,240000.0,40088.51378850671,64052,1189.0,3.746955598576157,299813.86420928134,80015.32345972037
M100000US390416531299999,Radnor Township (Delaware),COUSUB,2019,18,344900.0,38514.11394332753,67207,1091.0,5.131905902658949,423189.41433248454,82462.42670061841
M100000US390416531299999,Radnor Township (Delaware),COUSUB,2020,19,310000.0,80005.3955078411,66715,579.0,4.64663119238552,375732.0593019617,80861.17527848508
M100000US390416531299999,Radnor Township (Delaware),COUSUB,2021,14,410000.0,68668.75483752407,71839,1250.0,5.707206392071159,474637.37683138356,83164.57198582869
M100000US390416531299999,Radnor Township (Delaware),COUSUB,2022,13,360000.0,111217.81176489733,75777,1639.0,4.7507818995209625,385874.2888383934,81223.32218140816
M100000US390416531299999,Radnor Township (Delaware),COUSUB,2024,12,428500.0,110497.13060321279,82938,1487.0,5.166509923075068,428500.0,82938.0
M100000US390417084299999,Scioto Township (Delaware),COUSUB,2012,16,209125.0,43781.63124221476,53699,1282.0,3.8943928192331327,285722.6762241174,73367.70826328215
M100000US390417084299999,Scioto Township (Delaware),COUSUB,2013,23,204000.0,40574.89876751605,54079,1130.0,3.7722591024242313,274696.85821846954,72820.25193919908
M100000US390417084299999,Scioto Township (Delaware),COUSUB,2014,28,213000.0,39317.441203559014,56371,981.0,3.7785386102783347,282237.41636253044,74694.86102240472
M100000US390417084299999,Scioto Township (Delaware),COUSUB,2015,24,243950.0,37806.913167336555,58192,1604.0,4.192156997525433,322864.7377614264,77016.37556799724
M100000US390417084299999,Scioto Township (Delaware),COUSUB,2016,29,330000.0,30596.029124083336,60294,1005.0,5.4731814110856805,431309.79513097537,78804.22056856676
M100000US390417084299999,Scioto Township (Delaware),COUSUB,2017,29,285000.0,40706.200174804166,63764,1469.0,4.469606674612634,364724.8898498695,81601.11535574413
M100000US390417084299999,Scioto Township (Delaware),COUSUB,2018,31,335000.0,27584.560567225384,64052,1189.0,5.2301255230125525,418490.18545878853,80015.32345972037
M100000US390417084299999,Scioto Township (Delaware),COUSUB,2019,31,297000.0,52224.70273682849,67207,1091.0,4.419182525629771,364416.51509639865,82462.42670061841
M100000US390417084299999,Scioto Township (Delaware),COUSUB,2020,34,335600.0,48284.762597905,66715,579.0,5.030352994079292,406760.2551668979,80861.17527848508
M100000US390417084299999,Scioto Township (Delaware),COUSUB,2021,39,420000.0,87317.53563761046,71839,1250.0,5.8464065479753335,486213.89821751486,83164.57198582869
M100000US390417084299999,Scioto Township (Delaware),COUSUB,2022,31,431000.0,65269.313772067646,75777,1639.0,5.687741663037597,461977.273581521,81223.32218140816
M100000US390417084299999,Scioto Township (Delaware),COUSUB,2023,31,492500.0,56144.74059871002,77390,1550.0,6.363871301201706,507025.98768632964,79672.57093816253
M100000US390417084299999,Scioto Township (Delaware),COUSUB,2024,27,470000.0,61829.16621999804,82938,1487.0,5.6668836962550335,470000.0,82938.0
M100000US390417733699999,Trenton Township (Delaware),COUSUB,2012,13,237500.0,42200.968134752904,53699,1282.0,4.42280116948174,324490.7859090395,73367.70826328215
M100000US390417733699999,Trenton Township (Delaware),COUSUB,2013,21,190000.0,40833.603083088004,54079,1130.0,3.513378575787274,255845.11304661375,72820.25193919908
M100000US390417733699999,Trenton Township (Delaware),COUSUB,2014,24,196750.0,42508.112072020005,56371,981.0,3.490269819588086,260705.21910482566,74694.86102240472
M100000US390417733699999,Trenton Township (Delaware),COUSUB,2015,20,192500.0,29744.596517952163,58192,1604.0,3.308014847401705,254771.31387200076,77016.37556799724
M100000US390417733699999,Trenton Township (Delaware),COUSUB,2016,30,288500.0,35376.033766658606,60294,1005.0,4.784887385146117,377069.3208948072,78804.22056856676
M100000US390417733699999,Trenton Township (Delaware),COUSUB,2017,21,320000.0,81812.09806309371,63764,1469.0,5.01850573991594,409515.6657963447,81601.11535574413
M100000US390417733699999,Trenton Township (Delaware),COUSUB,2018,24,295000.0,39076.51319889279,64052,1189.0,4.60563292324986,368521.208090575,80015.32345972037
M100000US390417733699999,Trenton Township (Delaware),COUSUB,2019,36,327500.0,53945.63367204791,67207,1091.0,4.873004300147306,401839.7599126955,82462.42670061841
M100000US390417733699999,Trenton Township (Delaware),COUSUB,2020,26,353950.0,61170.69415189721,66715,579.0,5.305403582402758,429001.16899977205,80861.17527848508
M100000US390417733699999,Trenton Township (Delaware),COUSUB,2021,34,350000.0,100714.16304018915,71839,1250.0,4.872005456646112,405178.24851459573,83164.57198582869
M100000US390417733699999,Trenton Township (Delaware),COUSUB,2022,20,510000.0,106671.85064938414,75777,1639.0,6.7302743576546975,546655.2425210574,81223.32218140816
M100000US390417733699999,Trenton Township (Delaware),COUSUB,2023,21,481000.0,65914.00341469789,77390,1550.0,6.215273291122884,495186.8021870549,79672.57093816253
M100000US390417733699999,Trenton Township (Delaware),COUSUB,2024,22,489750.0,112603.96012964973,82938,1487.0,5.905013383491283,489750.0,82938.0
M100000US390417756099999,Troy Township (Delaware),COUSUB,2013,20,172000.0,32193.493055889227,54079,1130.0,3.1805321843969008,231607.15496851353,72820.25193919908
M100000US390417756099999,Troy Township (Delaware),COUSUB,2014,22,199500.0,32920.15596793786,56371,981.0,3.5390537687818204,264349.1294099757,74694.86102240472
M100000US390417756099999,Troy Township (Delaware),COUSUB,2015,35,193500.0,32909.61979843614,58192,1604.0,3.32519934011548,256094.80121679037,77016.37556799724
M100000US390417756099999,Troy Township (Delaware),COUSUB,2016,15,191000.0,41417.74006677972,60294,1005.0,3.16781105914353,249636.8814242918,78804.22056856676
M100000US390417756099999,Troy Township (Delaware),COUSUB,2017,30,235200.0,40414.7461468102,63764,1469.0,3.688601718838216,300994.0143603133,81601.11535574413
M100000US390417756099999,Troy Township (Delaware),COUSUB,2018,14,289000.0,39772.68824003904,64052,1189.0,4.511959033285455,361025.86148534296,80015.32345972037
M100000US390417756099999,Troy Township (Delaware),COUSUB,2019,18,240400.0,37883.83938620003,67207,1091.0,3.5770083473447705,294968.78865041834,82462.42670061841
M100000US390417756099999,Troy Township (Delaware),COUSUB,2020,26,299950.0,38567.4573538923,66715,579.0,4.495990406954958,363551.0683471723,80861.17527848508
M100000US390417756099999,Troy Township (Delaware),COUSUB,2021,33,415000.0,51028.15822371659,71839,1250.0,5.776806470023247,480425.6375244492,83164.57198582869
M100000US390417756099999,Troy Township (Delaware),COUSUB,2022,25,340000.0,60021.552474803386,75777,1639.0,4.486849571769798,364436.82834737154,81223.32218140816
M100000US390417756099999,Troy Township (Delaware),COUSUB,2023,24,415225.0,91298.3859969368,77390,1550.0,5.365357281302494,427471.80860315985,79672.57093816253
M100000US390417756099999,Troy Township (Delaware),COUSUB,2024,27,445000.0,92599.98826340621,82938,1487.0,5.365453712411681,445000.0,82938.0
M100000US390450163799999,Amanda Township (Fairfield),COUSUB,2012,12,131760.5,37077.11519893253,53699,1282.0,2.4536862883852586,180021.33977586526,73367.70826328215
M100000US390450163799999,Amanda Township (Fairfield),COUSUB,2013,12,200000.0,61344.32484539638,54079,1130.0,3.698293237670815,269310.64531222504,72820.25193919908
M100000US390450163799999,Amanda Township (Fairfield),COUSUB,2014,11,148000.0,53008.06949031418,56371,981.0,2.6254634475173404,196108.6273317113,74694.86102240472
M100000US390450163799999,Amanda Township (Fairfield),COUSUB,2015,15,166000.0,51929.10164426643,58192,1604.0,2.8526257904866648,219698.89923507598,77016.37556799724
M100000US390450163799999,Amanda Township (Fairfield),COUSUB,2016,20,168250.0,42142.3225375888,60294,1005.0,2.7904932497429265,219902.64554783818,78804.22056856676
M100000US390450163799999,Amanda Township (Fairfield),COUSUB,2017,13,190000.0,52981.426224017414,63764,1469.0,2.9797377830750893,243149.92656657964,81601.11535574413
M100000US390450163799999,Amanda Township (Fairfield),COUSUB,2018,24,172500.0,29074.515789460776,64052,1189.0,2.693124336476613,215491.21490042095,80015.32345972037
M100000US390450163799999,Amanda Township (Fairfield),COUSUB,2019,12,221950.0,48178.90189665321,67207,1091.0,3.3024833722677696,272330.79301564203,82462.42670061841
M100000US390450163799999,Amanda Township (Fairfield),COUSUB,2020,14,281750.0,75725.12052714806,66715,579.0,4.223188188563292,341491.96034944424,80861.17527848508
M100000US390450163799999,Amanda Township (Fairfield),COUSUB,2022,20,328000.0,59945.728360711015,75777,1639.0,4.328490175119099,351574.35205275845,81223.32218140816
M100000US390450163799999,Amanda Township (Fairfield),COUSUB,2023,15,300000.0,52497.81050763335,77390,1550.0,3.876469828143171,308848.3173723835,79672.57093816253
M100000US390450163799999,Amanda Township (Fairfield),COUSUB,2024,20,372450.0,68157.00683279929,82938,1487.0,4.490703899298271,372450.0,82938.0
M100000US390450595699999,Berne Township (Fairfield),COUSUB,2012,27,116000.0,24728.338017459417,53699,1282.0,2.1601892027784504,158488.1312229414,73367.70826328215
M100000US390450595699999,Berne Township (Fairfield),COUSUB,2013,19,122000.0,27900.409958885568,54079,1130.0,2.2559588749791972,164279.49364045725,72820.25193919908
M100000US390450595699999,Berne Township (Fairfield),COUSUB,2014,31,120025.0,15876.389988656694,56371,981.0,2.129197637082897,159040.12159113953,74694.86102240472
M100000US390450595699999,Berne Township (Fairfield),COUSUB,2015,24,147750.0,27657.764355740266,58192,1604.0,2.5390087984602694,195545.2551926655,77016.37556799724
M100000US390450595699999,Berne Township (Fairfield),COUSUB,2016,38,150000.0,23259.095581033765,60294,1005.0,2.487809732311673,196049.90687771607,78804.22056856676
M100000US390450595699999,Berne Township (Fairfield),COUSUB,2017,34,132950.0,20830.460158843878,63764,1469.0,2.085032306630701,170140.96177382508,81601.11535574413
M100000US390450595699999,Berne Township (Fairfield),COUSUB,2018,30,189500.0,22892.367809861807,64052,1189.0,2.958533691375757,236728.03028191172,80015.32345972037
M100000US390450595699999,Berne Township (Fairfield),COUSUB,2019,45,185000.0,20155.885460379,67207,1091.0,2.752689451991608,226993.45216442342,82462.42670061841
M100000US390450595699999,Berne Township (Fairfield),COUSUB,2020,37,200000.0,30285.049904239127,66715,579.0,2.997826575732594,242407.780194814,80861.17527848508
M100000US390450595699999,Berne Township (Fairfield),COUSUB,2021,45,250100.0,23874.5580333462,71839,1250.0,3.481395899163407,289528.799867144,83164.57198582869
M100000US390450595699999,Berne Township (Fairfield),COUSUB,2022,40,247500.0,70234.13232529156,75777,1639.0,3.266162555920662,265288.57357639546,81223.32218140816
M100000US390450595699999,Berne Township (Fairfield),COUSUB,2023,28,280500.0,48276.38223729157,77390,1550.0,3.624499289313865,288773.17674317857,79672.57093816253
M100000US390450595699999,Berne Township (Fairfield),COUSUB,2024,34,255000.0,54468.2829745975,82938,1487.0,3.0745858352021993,255000.0,82938.0
M100000US390450695099999,Bloom Township (Fairfield),COUSUB,2012,71,196000.0,17723.64017349153,53699,1282.0,3.6499748598670365,267790.2906870389,73367.70826328215
M100000US390450695099999,Bloom Township (Fairfield),COUSUB,2013,64,221250.0,16588.502962203227,54079,1130.0,4.091236894173339,297924.9013766489,72820.25193919908
M100000US390450695099999,Bloom Township (Fairfield),COUSUB,2014,84,230000.0,18123.869462026512,56371,981.0,4.080112114385056,304763.4073398216,74694.86102240472
M100000US390450695099999,Bloom Township (Fairfield),COUSUB,2015,77,250000.0,15063.110561742194,58192,1604.0,4.296123178443772,330871.83619740355,77016.37556799724
M100000US390450695099999,Bloom Township (Fairfield),COUSUB,2016,91,250000.0,17972.811264872482,60294,1005.0,4.146349553852788,326749.8447961935,78804.22056856676
M100000US390450695099999,Bloom Township (Fairfield),COUSUB,2017,90,295950.0,16597.759946061058,63764,1469.0,4.6413336679003825,378738.00403883815,81601.11535574413
M100000US390450695099999,Bloom Township (Fairfield),COUSUB,2018,92,295750.0,19248.668348445306,64052,1189.0,4.61734215949541,369458.126416229,80015.32345972037
M100000US390450695099999,Bloom Township (Fairfield),COUSUB,2019,90,290450.0,21325.25655853165,67207,1091.0,4.321722439626825,356379.7198981448,82462.42670061841
M100000US390450695099999,Bloom Township (Fairfield),COUSUB,2020,98,320000.0,22752.98425347036,66715,579.0,4.79652252117215,387852.4483117024,80861.17527848508
M100000US390450695099999,Bloom Township (Fairfield),COUSUB,2021,83,417000.0,20924.9356748151,71839,1250.0,5.804646501204082,482740.9418016755,83164.57198582869
M100000US390450695099999,Bloom Township (Fairfield),COUSUB,2022,72,399081.0,28859.01165223469,75777,1639.0,5.2665188645631265,427764.15851087467,81223.32218140816
M100000US390450695099999,Bloom Township (Fairfield),COUSUB,2023,67,450250.0,28930.180534813975,77390,1550.0,5.817935133738209,463529.8496563856,79672.57093816253
M100000US390450695099999,Bloom Township (Fairfield),COUSUB,2024,65,479900.0,27302.287442554916,82938,1487.0,5.786249969857002,479900.0,82938.0
M100000US390451568699999,Clearcreek Township (Fairfield),COUSUB,2012,13,138000.0,27087.847966946843,53699,1282.0,2.5698802584778115,188546.22507556822,73367.70826328215
M100000US390451568699999,Clearcreek Township (Fairfield),COUSUB,2013,23,150000.0,25398.686370294283,54079,1130.0,2.773719928253111,201982.98398416876,72820.25193919908
M100000US390451568699999,Clearcreek Township (Fairfield),COUSUB,2014,29,105000.0,19087.246440594125,56371,981.0,1.8626598783062214,139131.12074209246,74694.86102240472
M100000US390451568699999,Clearcreek Township (Fairfield),COUSUB,2015,34,126500.0,17977.403364638143,58192,1604.0,2.1738383282925486,167421.14911588622,77016.37556799724
M100000US390451568699999,Clearcreek Township (Fairfield),COUSUB,2016,28,137200.0,18173.360553344566,60294,1005.0,2.27551663515441,179320.31482415096,78804.22056856676
M100000US390451568699999,Clearcreek Township (Fairfield),COUSUB,2017,32,182500.0,32999.26098985541,63764,1469.0,2.8621165547958096,233551.90314947782,81601.11535574413
M100000US390451568699999,Clearcreek Township (Fairfield),COUSUB,2018,21,185000.0,30064.015831431592,64052,1189.0,2.888278273902454,231106.5203279877,80015.32345972037
M100000US390451568699999,Clearcreek Township (Fairfield),COUSUB,2019,24,178500.0,21705.710994104043,67207,1091.0,2.6559733361108218,219018.00654783557,82462.42670061841
M100000US390451568699999,Clearcreek Township (Fairfield),COUSUB,2020,21,224000.0,43423.50384396027,66715,579.0,3.3575657648205053,271496.71381819167,80861.17527848508
M100000US390451568699999,Clearcreek Township (Fairfield),COUSUB,2021,38,266250.0,32010.325730491248,71839,1250.0,3.706204150948649,308224.88190574606,83164.57198582869
M100000US390451568699999,Clearcreek Township (Fairfield),COUSUB,2022,27,306000.0,37054.85883291155,75777,1639.0,4.0381646145928185,327993.1455126344,81223.32218140816
M100000US390451568699999,Clearcreek Township (Fairfield),COUSUB,2023,25,315000.0,44666.34365637008,77390,1550.0,4.07029331955033,324290.7332410027,79672.57093816253
M100000US390451568699999,Clearcreek Township (Fairfield),COUSUB,2024,21,330000.0,56372.16433812213,82938,1487.0,3.978875786732258,330000.0,82938.0
M100000US390453206099999,Greenfield Township (Fairfield),COUSUB,2012,43,174900.0,22672.980102175858,53699,1282.0,3.257043892809922,238961.8461283832,73367.70826328215
M100000US390453206099999,Greenfield Township (Fairfield),COUSUB,2013,33,191900.0,33034.63908631093,54079,1130.0,3.548512361545147,258403.5641770799,72820.25193919908
M100000US390453206099999,Greenfield Township (Fairfield),COUSUB,2014,32,203000.0,31507.971670219762,56371,981.0,3.6011424313920277,268986.83343471214,74694.86102240472
M100000US390453206099999,Greenfield Township (Fairfield),COUSUB,2015,43,210100.0,26191.20630834924,58192,1604.0,3.6104619191641465,278064.691140298,77016.37556799724
M100000US390453206099999,Greenfield Township (Fairfield),COUSUB,2016,43,192000.0,25403.74435438451,60294,1005.0,3.1843964573589414,250943.88080347658,78804.22056856676
M100000US390453206099999,Greenfield Township (Fairfield),COUSUB,2017,44,189000.0,28269.21758671562,63764,1469.0,2.964054952637852,241870.19011096607,81601.11535574413
M100000US390453206099999,Greenfield Township (Fairfield),COUSUB,2018,49,276000.0,23360.892648903875,64052,1189.0,4.30899893836258,344785.94384067354,80015.32345972037
M100000US390453206099999,Greenfield Township (Fairfield),COUSUB,2019,52,288950.0,29488.67101990098,67207,1091.0,4.299403335962028,354539.232448163,82462.42670061841
M100000US390453206099999,Greenfield Township (Fairfield),COUSUB,2020,46,296450.0,42699.053739142706,66715,579.0,4.4435284418796375,359308.93219376303,80861.17527848508
M100000US390453206099999,Greenfield Township (Fairfield),COUSUB,2021,40,325500.0,29817.067340185848,71839,1250.0,4.530965074680884,376815.771118574,83164.57198582869
M100000US390453206099999,Greenfield Township (Fairfield),COUSUB,2022,48,368000.0,50216.25920567349,75777,1639.0,4.856354830621429,394449.2730348022,81223.32218140816
M100000US390453206099999,Greenfield Township (Fairfield),COUSUB,2023,50,310000.0,48616.525914923026,77390,1550.0,4.0056854890812765,319143.2612847963,79672.57093816253
M100000US390453206099999,Greenfield Township (Fairfield),COUSUB,2024,67,300000.0,80033.10428711229,82938,1487.0,3.6171598061202346,300000.0,82938.0
M100000US390453581299999,Hocking Township (Fairfield),COUSUB,2012,29,115000.0,32424.654788332806,53699,1282.0,2.141566882064843,157121.85422964016,73367.70826328215
M100000US390453581299999,Hocking Township (Fairfield),COUSUB,2013,20,120500.0,29766.011243922978,54079,1130.0,2.228221675696666,162259.66380061558,72820.25193919908
M100000US390453581299999,Hocking Township (Fairfield),COUSUB,2014,24,130000.0,21087.607664664163,56371,981.0,2.306150325521988,172257.5780616383,74694.86102240472
M100000US390453581299999,Hocking Township (Fairfield),COUSUB,2015,28,151950.0,45574.67718653373,58192,1604.0,2.611183667858125,201103.9020407819,77016.37556799724
M100000US390453581299999,Hocking Township (Fairfield),COUSUB,2016,30,155650.5,40467.75084850078,60294,1005.0,2.5815255249278537,203435.10686979964,78804.22056856676
M100000US390453581299999,Hocking Township (Fairfield),COUSUB,2017,40,154569.5,38846.42461487611,63764,1469.0,2.424087259268553,197808.2240759628,81601.11535574413
M100000US390453581299999,Hocking Township (Fairfield),COUSUB,2018,18,187500.0,33871.828757540854,64052,1189.0,2.9273090613876227,234229.58141350106,80015.32345972037
M100000US390453581299999,Hocking Township (Fairfield),COUSUB,2019,27,200000.0,42065.40815853707,67207,1091.0,2.9758804886395764,245398.32666424153,82462.42670061841
M100000US390453581299999,Hocking Township (Fairfield),COUSUB,2020,24,272400.0,51515.796275853485,66715,579.0,4.083039796147792,330159.39662533667,80861.17527848508
M100000US390453581299999,Hocking Township (Fairfield),COUSUB,2021,34,290000.0,41839.27931991607,71839,1250.0,4.036804521221064,335719.1201978079,83164.57198582869
M100000US390453581299999,Hocking Township (Fairfield),COUSUB,2022,40,312500.0,51244.04883355652,75777,1639.0,4.123942621111947,334960.3201722165,81223.32218140816
M100000US390453581299999,Hocking Township (Fairfield),COUSUB,2023,33,319900.0,55289.53184177183,77390,1550.0,4.133608993410001,329335.25575808494,79672.57093816253
M100000US390453581299999,Hocking Township (Fairfield),COUSUB,2024,25,287500.0,61513.972121533436,82938,1487.0,3.466444814198558,287500.0,82938.0
M100000US390454312099999,Liberty Township (Fairfield),COUSUB,2012,38,163784.5,21280.754504959772,53699,1282.0,3.0500474869178196,223774.99420934348,73367.70826328215
M100000US390454312099999,Liberty Township (Fairfield),COUSUB,2013,39,212000.0,26186.274718211644,54079,1130.0,3.920190831931064,285469.28403095854,72820.25193919908
M100000US390454312099999,Liberty Township (Fairfield),COUSUB,2014,34,241000.0,30287.514920417827,56371,981.0,4.275247911159994,319339.0485604218,74694.86102240472
M100000US390454312099999,Liberty Township (Fairfield),COUSUB,2015,46,229000.0,26242.933830073252,58192,1604.0,3.9352488314544956,303078.6019568217,77016.37556799724
M100000US390454312099999,Liberty Township (Fairfield),COUSUB,2016,39,247500.0,31388.28977343721,60294,1005.0,4.104886058314261,323482.34634823154,78804.22056856676
M100000US390454312099999,Liberty Township (Fairfield),COUSUB,2017,41,240000.0,34991.283137086495,63764,1469.0,3.763879304936955,307136.7493472585,81601.11535574413
M100000US390454312099999,Liberty Township (Fairfield),COUSUB,2018,36,271750.0,33762.50297948477,64052,1189.0,4.242646599637794,339476.7399953008,80015.32345972037
M100000US390454312099999,Liberty Township (Fairfield),COUSUB,2019,51,289500.0,36176.6970099817,67207,1091.0,4.307587007305787,355214.0778464896,82462.42670061841
M100000US390454312099999,Liberty Township (Fairfield),COUSUB,2020,56,312000.0,32267.09463052262,66715,579.0,4.676609458142846,378156.1371039098,80861.17527848508
M100000US390454312099999,Liberty Township (Fairfield),COUSUB,2021,57,356000.0,32251.073841270703,71839,1250.0,4.955525550188616,412124.1613462745,83164.57198582869
M100000US390454312099999,Liberty Township (Fairfield),COUSUB,2022,40,414000.0,41296.23315961253,75777,1639.0,5.463399184449107,443755.43216415244,81223.32218140816
M100000US390454312099999,Liberty Township (Fairfield),COUSUB,2023,53,445000.0,56051.24995200174,77390,1550.0,5.750096911745704,458125.0041023689,79672.57093816253
M100000US390454312099999,Liberty Township (Fairfield),COUSUB,2024,40,495000.0,38254.357690103374,82938,1487.0,5.968313680098387,495000.0,82938.0
M100000US390454638299999,Madison Township (Fairfield),COUSUB,2012,11,95000.0,33138.56609924448,53699,1282.0,1.7691204677926964,129796.31436361579,73367.70826328215
M100000US390454638299999,Madison Township (Fairfield),COUSUB,2015,12,119900.0,35207.468974215495,58192,1604.0,2.060420676381633,158686.13264027477,77016.37556799724
M100000US390454638299999,Madison Township (Fairfield),COUSUB,2016,14,127550.0,37558.99293306583,60294,1005.0,2.1154675423756926,166707.7708150179,78804.22056856676
M100000US390454638299999,Madison Township (Fairfield),COUSUB,2018,12,157950.0,62151.06381330484,64052,1189.0,2.465965153312933,197314.99938273328,80015.32345972037
M100000US390454638299999,Madison Township (Fairfield),COUSUB,2020,12,234950.0,49037.41240667005,66715,579.0,3.521696769841865,284768.53978385776,80861.17527848508
M100000US390454638299999,Madison Township (Fairfield),COUSUB,2022,12,320000.0,261685.96098937723,75777,1639.0,4.2229172440186336,342999.3678563497,81223.32218140816
M100000US390454638299999,Madison Township (Fairfield),COUSUB,2023,15,290000.0,64403.54283367983,77390,1550.0,3.747254167205065,298553.37345997075,79672.57093816253
M100000US390454638299999,Madison Township (Fairfield),COUSUB,2024,20,257450.0,76824.90240088415,82938,1487.0,3.104125973618848,257450.0,82938.0
M100000US390456324099999,Pleasant Township (Fairfield),COUSUB,2012,34,162500.0,21938.36490531879,53699,1282.0,3.026127115961191,222020.01141144807,73367.70826328215
M100000US390456324099999,Pleasant Township (Fairfield),COUSUB,2013,32,149277.5,21042.865167178803,54079,1130.0,2.7603598439320254,201010.09927797836,72820.25193919908
M100000US390456324099999,Pleasant Township (Fairfield),COUSUB,2014,48,167972.0,23529.591818761302,56371,981.0,2.9797590959890723,222572.69155515006,74694.86102240472
M100000US390456324099999,Pleasant Township (Fairfield),COUSUB,2015,53,155000.0,27013.729851567656,58192,1604.0,2.6635963706351387,205140.5384423902,77016.37556799724
M100000US390456324099999,Pleasant Township (Fairfield),COUSUB,2016,46,160250.0,26832.938235497873,60294,1005.0,2.657810064019637,209446.65051436,78804.22056856676
M100000US390456324099999,Pleasant Township (Fairfield),COUSUB,2017,44,170000.0,29106.546920597375,63764,1469.0,2.666081174330343,217555.1974543081,81601.11535574413
M100000US390456324099999,Pleasant Township (Fairfield),COUSUB,2018,53,218000.0,23127.13509519578,64052,1189.0,3.403484668706676,272330.9266567639,80015.32345972037
M100000US390456324099999,Pleasant Township (Fairfield),COUSUB,2019,43,224900.0,22498.89436136225,67207,1091.0,3.3463776094752036,275950.4183339396,82462.42670061841
M100000US390456324099999,Pleasant Township (Fairfield),COUSUB,2020,58,245000.0,18891.45746206847,66715,579.0,3.6723375552724273,296949.53073864715,80861.17527848508
M100000US390456324099999,Pleasant Township (Fairfield),COUSUB,2021,54,304950.0,29363.432594783684,71839,1250.0,4.244908754297805,353026.01967007417,83164.57198582869
M100000US390456324099999,Pleasant Township (Fairfield),COUSUB,2022,64,303000.0,24683.5638028054,75777,1639.0,3.998574765430144,324777.5264389811,81223.32218140816
M100000US390456324099999,Pleasant Township (Fairfield),COUSUB,2023,58,340000.0,35619.62877862857,77390,1550.0,4.393332471895594,350028.0930220347,79672.57093816253
M100000US390456324099999,Pleasant Township (Fairfield),COUSUB,2024,68,345250.0,41327.385200666475,82938,1487.0,4.162748076876703,345250.0,82938.0
M100000US390456668499999,Richland Township (Fairfield),COUSUB,2012,19,145000.0,35376.91190887402,53699,1282.0,2.7002365034730627,198110.16402867675,73367.70826328215
M100000US390456668499999,Richland Township (Fairfield),COUSUB,2013,16,141250.0,20450.63117028852,54079,1130.0,2.611919599105013,190200.6432517589,72820.25193919908
M100000US390456668499999,Richland Township (Fairfield),COUSUB,2014,17,114000.0,26603.118434386623,56371,981.0,2.0223164393038973,151056.64537712897,74694.86102240472
M100000US390456668499999,Richland Township (Fairfield),COUSUB,2016,14,185950.0,33435.44778873836,60294,1005.0,3.084054798155704,243036.5345594087,78804.22056856676
M100000US390456668499999,Richland Township (Fairfield),COUSUB,2017,25,243000.0,29563.334283279113,63764,1469.0,3.810927796248667,310975.95871409925,81601.11535574413
M100000US390456668499999,Richland Township (Fairfield),COUSUB,2018,11,192500.0,34745.01611355565,64052,1189.0,3.0053706363579593,240475.70358452774,80015.32345972037
M100000US390456668499999,Richland Township (Fairfield),COUSUB,2019,17,232000.0,65584.15238044642,67207,1091.0,3.4520213668219086,284662.0589305202,82462.42670061841
M100000US390456668499999,Richland Township (Fairfield),COUSUB,2020,19,285500.0,55527.42874867526,66715,579.0,4.279397436858278,346037.106228097,80861.17527848508
M100000US390456668499999,Richland Township (Fairfield),COUSUB,2021,16,266500.0,65945.64034722833,71839,1250.0,3.7096841548462534,308514.2949403993,83164.57198582869
M100000US390456668499999,Richland Township (Fairfield),COUSUB,2022,13,350000.0,70479.60323933276,75777,1639.0,4.618815735645381,375155.5585928825,81223.32218140816
M100000US390456668499999,Richland Township (Fairfield),COUSUB,2023,13,425000.0,76423.87569583784,77390,1550.0,5.491665589869492,437535.1162775433,79672.57093816253
M100000US390456668499999,Richland Township (Fairfield),COUSUB,2024,12,407500.0,114632.06841698672,82938,1487.0,4.913308736646652,407500.0,82938.0
M100000US390456912099999,Rush Creek Township (Fairfield),COUSUB,2012,14,108500.0,41491.03480440346,53699,1282.0,2.020521797426395,148241.05377318224,73367.70826328215
M100000US390456912099999,Rush Creek Township (Fairfield),COUSUB,2013,16,118750.0,38952.74822887565,54079,1130.0,2.1958616098670465,159903.1956541336,72820.25193919908
M100000US390456912099999,Rush Creek Township (Fairfield),COUSUB,2014,18,159950.0,29621.774106411205,56371,981.0,2.8374518812864773,211943.0739304542,74694.86102240472
M100000US390456912099999,Rush Creek Township (Fairfield),COUSUB,2015,23,124900.0,23691.954012288916,58192,1604.0,2.146343139950509,165303.5693642228,77016.37556799724
M100000US390456912099999,Rush Creek Township (Fairfield),COUSUB,2016,29,200500.0,19636.23062593948,60294,1005.0,3.325372342189936,262053.37552654714,78804.22056856676
M100000US390456912099999,Rush Creek Township (Fairfield),COUSUB,2017,24,168200.0,49589.22161625327,63764,1469.0,2.637852079543316,215251.67183420368,81601.11535574413
M100000US390456912099999,Rush Creek Township (Fairfield),COUSUB,2018,22,162450.0,29747.71752435069,64052,1189.0,2.536220570786236,202936.5093366573,80015.32345972037
M100000US390456912099999,Rush Creek Township (Fairfield),COUSUB,2019,19,173000.0,36341.40305826101,67207,1091.0,2.5741366226732336,212269.55256456893,82462.42670061841
M100000US390456912099999,Rush Creek Township (Fairfield),COUSUB,2020,36,249450.0,30668.077268834968,66715,579.0,3.739039196582478,302343.1038479818,80861.17527848508
M100000US390456912099999,Rush Creek Township (Fairfield),COUSUB,2021,24,280700.0,48813.042978155994,71839,1250.0,3.9073483762301815,324952.9553087058,83164.57198582869
M100000US390456912099999,Rush Creek Township (Fairfield),COUSUB,2022,29,300000.0,40926.755913940724,75777,1639.0,3.958984916267469,321561.9073653278,81223.32218140816
M100000US390456912099999,Rush Creek Township (Fairfield),COUSUB,2023,23,375000.0,52609.62216357433,77390,1550.0,4.845587285178964,386060.3967154794,79672.57093816253
M100000US390456912099999,Rush Creek Township (Fairfield),COUSUB,2024,33,300000.0,57998.240100325296,82938,1487.0,3.6171598061202346,300000.0,82938.0
M100000US390458020699999,Violet Township (Fairfield),COUSUB,2012,212,200000.0,10918.16066977673,53699,1282.0,3.724464142721466,273255.3986602438,73367.70826328215
M100000US390458020699999,Violet Township (Fairfield),COUSUB,2013,258,198700.0,10551.380134521327,54079,1130.0,3.6742543316259546,267560.12611769553,72820.25193919908
M100000US390458020699999,Violet Township (Fairfield),COUSUB,2014,261,225000.0,9555.610115158495,56371,981.0,3.9914140249419026,298138.1158759124,74694.86102240472
M100000US390458020699999,Violet Township (Fairfield),COUSUB,2015,284,220200.0,10255.970756657274,58192,1604.0,3.7840252955732745,291431.91332267306,77016.37556799724
M100000US390458020699999,Violet Township (Fairfield),COUSUB,2016,348,239900.0,8678.043856756649,60294,1005.0,3.9788370318771356,313549.15106642724,78804.22056856676
M100000US390458020699999,Violet Township (Fairfield),COUSUB,2017,372,265000.0,9287.918052104686,63764,1469.0,4.155950065867888,339130.1607375979,81601.11535574413
M100000US390458020699999,Violet Township (Fairfield),COUSUB,2018,335,277500.0,10228.921358146803,64052,1189.0,4.332417410853681,346659.78049198154,80015.32345972037
M100000US390458020699999,Violet Township (Fairfield),COUSUB,2019,350,299000.0,9858.665884357946,67207,1091.0,4.448941330516167,366870.4983630411,82462.42670061841
M100000US390458020699999,Violet Township (Fairfield),COUSUB,2020,404,314950.0,8922.517858866677,66715,579.0,4.720827400134902,381731.65186178335,80861.17527848508
M100000US390458020699999,Violet Township (Fairfield),COUSUB,2021,417,375000.0,11196.805291285242,71839,1250.0,5.220005846406548,434119.55197992397,83164.57198582869
M100000US390458020699999,Violet Township (Fairfield),COUSUB,2022,362,429855.0,14983.484724703647,75777,1639.0,5.672631537273843,460749.97896841,81223.32218140816
M100000US390458020699999,Violet Township (Fairfield),COUSUB,2023,320,450000.0,13442.49477109213,77390,1550.0,5.814704742214756,463272.47605857527,79672.57093816253
M100000US390458020699999,Violet Township (Fairfield),COUSUB,2024,293,470000.0,16587.781089422144,82938,1487.0,5.6668836962550335,470000.0,82938.0
M100000US390458057099999,Walnut Township (Fairfield),COUSUB,2012,53,123000.0,20315.378778804206,53699,1282.0,2.2905454477737015,168052.07017604992,73367.70826328215
M100000US390458057099999,Walnut Township (Fairfield),COUSUB,2013,58,131250.0,22703.04617349728,54079,1130.0,2.427004937221472,176735.11098614766,72820.25193919908
M100000US390458057099999,Walnut Township (Fairfield),COUSUB,2014,64,131500.0,22963.43004760223,56371,981.0,2.332759752354934,174245.16550081104,74694.86102240472
M100000US390458057099999,Walnut Township (Fairfield),COUSUB,2015,53,121100.0,27743.7717162818,58192,1604.0,2.081042067638163,160274.3174540223,77016.37556799724
M100000US390458057099999,Walnut Township (Fairfield),COUSUB,2016,72,143500.0,22183.132619443506,60294,1005.0,2.3800046439115,187554.41091301505,78804.22056856676
M100000US390458057099999,Walnut Township (Fairfield),COUSUB,2017,72,184000.0,25479.642001047552,63764,1469.0,2.8856408004516654,235471.50783289818,81601.11535574413
M100000US390458057099999,Walnut Township (Fairfield),COUSUB,2018,73,204000.0,29225.647279588262,64052,1189.0,3.1849122587897334,254841.78457788914,80015.32345972037
M100000US390458057099999,Walnut Township (Fairfield),COUSUB,2019,79,265000.0,35776.91240618198,67207,1091.0,3.9430416474474383,325152.78283012,82462.42670061841
M100000US390458057099999,Walnut Township (Fairfield),COUSUB,2020,85,249900.0,28827.237330615233,66715,579.0,3.745784306377876,302888.5213534201,80861.17527848508
M100000US390458057099999,Walnut Township (Fairfield),COUSUB,2021,74,352500.0,39058.49305318163,71839,1250.0,4.906805495622155,408072.3788611285,83164.57198582869
M100000US390458057099999,Walnut Township (Fairfield),COUSUB,2022,99,320000.0,44076.65492900422,75777,1639.0,4.2229172440186336,342999.3678563497,81223.32218140816
M100000US390458057099999,Walnut Township (Fairfield),COUSUB,2023,70,300000.0,46110.72579616611,77390,1550.0,3.876469828143171,308848.3173723835,79672.57093816253
M100000US390458057099999,Walnut Township (Fairfield),COUSUB,2024,83,339900.0,61285.46359467606,82938,1487.0,4.098242060334226,339900.0,82938.0
M100000US390471815499999,Concord Township (Fayette),COUSUB,2015,13,85900.0,20624.222959997718,58192,1604.0,1.4761479241132802,113687.56291742787,77016.37556799724
M100000US390471815499999,Concord Township (Fayette),COUSUB,2017,15,136500.0,41774.095580848334,63764,1469.0,2.140706354682893,174684.02619125327,81601.11535574413
M100000US390471815499999,Concord Township (Fayette),COUSUB,2019,14,121500.0,29275.25878664858,67207,1091.0,1.8078473968485425,149079.48344852673,82462.42670061841
M100000US390471815499999,Concord Township (Fayette),COUSUB,2024,11,254900.0,39969.83771494514,82938,1487.0,3.0733801152668256,254900.0,82938.0
M100000US390473859899999,Jefferson Township (Fayette),COUSUB,2015,13,120000.0,33099.95394542007,58192,1604.0,2.062139125653011,158818.48137475373,77016.37556799724
M100000US390473859899999,Jefferson Township (Fayette),COUSUB,2016,13,131400.0,24830.616996807046,60294,1005.0,2.1793213255050254,171739.71842487928,78804.22056856676
M100000US390473859899999,Jefferson Township (Fayette),COUSUB,2017,11,125000.0,55864.12048680189,63764,1469.0,1.960353804654664,159967.05695169713,81601.11535574413
M100000US390473859899999,Jefferson Township (Fayette),COUSUB,2018,11,140000.0,45360.410591719854,64052,1189.0,2.1857240991694247,174891.42078874743,80015.32345972037
M100000US390473859899999,Jefferson Township (Fayette),COUSUB,2019,11,197000.0,58058.81643770529,67207,1091.0,2.9312422813099825,241717.3517642779,82462.42670061841
M100000US390473859899999,Jefferson Township (Fayette),COUSUB,2024,19,221000.0,56049.23636188962,82938,1487.0,2.6646410571752392,221000.0,82938.0
M100000US390474639699999,Madison Township (Fayette),COUSUB,2015,11,74000.0,62997.66885682272,58192,1604.0,1.2716524608193567,97938.06351443146,77016.37556799724
M100000US390474639699999,Madison Township (Fayette),COUSUB,2022,15,250000.0,47498.71767892807,75777,1639.0,3.2991540968895574,267968.2561377732,81223.32218140816
M100000US390474639699999,Madison Township (Fayette),COUSUB,2023,16,255000.0,46339.19609588754,77390,1550.0,3.2949993539216953,262521.069766526,79672.57093816253
M100000US390474639699999,Madison Township (Fayette),COUSUB,2024,14,222450.0,76793.28041747028,82938,1487.0,2.682123996238154,222450.0,82938.0
M100000US390477831699999,Union Township (Fayette),COUSUB,2012,23,96000.0,20876.00421076929,53699,1282.0,1.7877427885063037,131162.59135691702,73367.70826328215
M100000US390477831699999,Union Township (Fayette),COUSUB,2013,31,98700.0,20658.426316415615,54079,1130.0,1.825107712790547,132904.80346158304,72820.25193919908
M100000US390477831699999,Union Township (Fayette),COUSUB,2014,28,89950.0,17226.360383241812,56371,981.0,1.5956786290823295,119188.99343572589,74694.86102240472
M100000US390477831699999,Union Township (Fayette),COUSUB,2015,31,109900.0,15404.517058402434,58192,1604.0,1.8885757492438824,145451.2591923786,77016.37556799724
M100000US390477831699999,Union Township (Fayette),COUSUB,2016,41,119000.0,15963.734705267461,60294,1005.0,1.973662387633927,155532.92612298808,78804.22056856676
M100000US390477831699999,Union Township (Fayette),COUSUB,2017,32,134700.0,22732.945624634067,63764,1469.0,2.112477259895866,172380.50057114882,81601.11535574413
M100000US390477831699999,Union Township (Fayette),COUSUB,2018,26,131617.5,22004.28653618189,64052,1189.0,2.0548538687316555,164419.7969690212,80015.32345972037
M100000US390477831699999,Union Township (Fayette),COUSUB,2019,33,144900.0,18097.645795366152,67207,1091.0,2.156025414019373,177791.08766824298,82462.42670061841
M100000US390477831699999,Union Township (Fayette),COUSUB,2020,27,179900.0,39394.526293897674,66715,579.0,2.696545004871468,218045.79828523519,80861.17527848508
M100000US390477831699999,Union Township (Fayette),COUSUB,2021,46,166000.0,23054.084724261364,71839,1250.0,2.3107225880092988,192170.25500977968,83164.57198582869
M100000US390477831699999,Union Township (Fayette),COUSUB,2022,34,217000.0,35301.91413959171,75777,1639.0,2.863665756100136,232596.44632758712,81223.32218140816
M100000US390477831699999,Union Township (Fayette),COUSUB,2023,31,230000.0,51665.47293828037,77390,1550.0,2.9719602015764313,236783.70998549403,79672.57093816253
M100000US390477831699999,Union Township (Fayette),COUSUB,2024,41,239000.0,34218.444057675704,82938,1487.0,2.8816706455424534,239000.0,82938.0
M100000US390478216699999,Wayne Township (Fayette),COUSUB,2012,14,151200.0,37066.06293509371,53699,1282.0,2.815694891897428,206581.08138714428,73367.70826328215
M100000US390478216699999,Wayne Township (Fayette),COUSUB,2013,16,127450.0,36589.926900948936,54079,1130.0,2.356737365705727,171618.2087252154,72820.25193919908
M100000US390478216699999,Wayne Township (Fayette),COUSUB,2014,11,78000.0,42371.96361467562,56371,981.0,1.383690195313193,103354.54683698298,74694.86102240472
M100000US390478216699999,Wayne Township (Fayette),COUSUB,2015,14,108500.0,18345.001467367554,58192,1604.0,1.8645174594445972,143598.37690967316,77016.37556799724
M100000US390478216699999,Wayne Township (Fayette),COUSUB,2016,13,150000.0,39891.99920684189,60294,1005.0,2.487809732311673,196049.90687771607,78804.22056856676
M100000US390478216699999,Wayne Township (Fayette),COUSUB,2018,11,144000.0,49895.85417153646,64052,1189.0,2.248173359145694,179888.31852556881,80015.32345972037
M100000US390478216699999,Wayne Township (Fayette),COUSUB,2019,12,181000.0,43815.09424370728,67207,1091.0,2.6931718422188164,222085.48563113858,82462.42670061841
M100000US390478216699999,Wayne Township (Fayette),COUSUB,2020,11,220000.0,35310.64084643522,66715,579.0,3.2976092333058533,266648.55821429536,80861.17527848508
M100000US390478216699999,Wayne Township (Fayette),COUSUB,2021,11,199000.0,67213.15362151603,71839,1250.0,2.770083102493075,230372.775584013,83164.57198582869
M100000US390478216699999,Wayne Township (Fayette),COUSUB,2022,11,194000.0,62781.22010798704,75777,1639.0,2.5601435791862968,207943.366762912,81223.32218140816
M100000US390478216699999,Wayne Township (Fayette),COUSUB,2023,14,242500.0,62526.697761681615,77390,1550.0,3.1334797777490633,249652.38987601,79672.57093816253
M100000US390478216699999,Wayne Township (Fayette),COUSUB,2024,15,269900.0,39496.377074779695,82938,1487.0,3.2542381055728375,269900.0,82938.0
M100000US390490692299999,Blendon Township (Franklin),COUSUB,2012,91,106000.0,13781.241113446436,53699,1282.0,1.973965995642377,144825.3612899292,73367.70826328215
M100000US390490692299999,Blendon Township (Franklin),COUSUB,2013,134,116450.0,16681.28071899558,54079,1130.0,2.153331237633832,156806.123233043,72820.25193919908
M100000US390490692299999,Blendon Township (Franklin),COUSUB,2014,130,123500.0,8283.15559733463,56371,981.0,2.190842809245889,163644.69915855638,74694.86102240472
M100000US390490692299999,Blendon Township (Franklin),COUSUB,2015,143,134900.0,19844.05756832837,58192,1604.0,2.3181880670882595,178538.44281211897,77016.37556799724
M100000US390490692299999,Blendon Township (Franklin),COUSUB,2016,158,141000.0,11275.349586957405,60294,1005.0,2.3385411483729723,184286.91246505312,78804.22056856676
M100000US390490692299999,Blendon Township (Franklin),COUSUB,2017,158,161250.0,11586.699966917171,63764,1469.0,2.5288564080045166,206357.5034676893,81601.11535574413
M100000US390490692299999,Blendon Township (Franklin),COUSUB,2018,137,174900.0,11674.032485110098,64052,1189.0,2.7305938924623745,218489.35354251377,80015.32345972037
M100000US390490692299999,Blendon Township (Franklin),COUSUB,2019,143,185000.0,12344.763252250601,67207,1091.0,2.752689451991608,226993.45216442342,82462.42670061841
M100000US390490692299999,Blendon Township (Franklin),COUSUB,2020,140,216000.0,23407.235050355353,66715,579.0,3.2376527017912013,261800.40261039912,80861.17527848508
M100000US390490692299999,Blendon Township (Franklin),COUSUB,2021,145,240000.0,28347.13270358993,71839,1250.0,3.340803741700191,277836.5132671514,83164.57198582869
M100000US390490692299999,Blendon Township (Franklin),COUSUB,2022,126,278450.0,21062.654573702534,75777,1639.0,3.6745978331155893,298463.0436862518,81223.32218140816
M100000US390490692299999,Blendon Township (Franklin),COUSUB,2023,113,285500.0,17181.889767123434,77390,1550.0,3.6891071197829177,293920.648699385,79672.57093816253
M100000US390490692299999,Blendon Township (Franklin),COUSUB,2024,107,305000.0,35653.18879567835,82938,1487.0,3.6774458028889048,305000.0,82938.0
M100000US390490944299999,Brown Township (Franklin),COUSUB,2012,21,316000.0,39093.227875523684,53699,1282.0,5.884653345499916,431743.52988318517,73367.70826328215
M100000US390490944299999,Brown Township (Franklin),COUSUB,2013,34,327450.0,47312.16492048291,54079,1130.0,6.055030603376542,440928.8540374404,72820.25193919908
M100000US390490944299999,Brown Township (Franklin),COUSUB,2014,29,286000.0,34359.63549079535,56371,981.0,5.073530716148374,378966.67173560424,74694.86102240472
M100000US390490944299999,Brown Township (Franklin),COUSUB,2015,31,300000.0,44931.20644989758,58192,1604.0,5.155347814132527,397046.2034368843,77016.37556799724
M100000US390490944299999,Brown Township (Franklin),COUSUB,2016,28,309500.0,54985.58161068399,60294,1005.0,5.133180747669751,404516.3078576875,78804.22056856676
M100000US390490944299999,Brown Township (Franklin),COUSUB,2017,44,337500.0,35709.93982136523,63764,1469.0,5.292955272567593,431911.05376958224,81601.11535574413
M100000US390490944299999,Brown Township (Franklin),COUSUB,2018,28,401625.0,40483.116833931446,64052,1189.0,6.270296009492288,501719.7633877192,80015.32345972037
M100000US390490944299999,Brown Township (Franklin),COUSUB,2019,30,371319.0,43378.04471782029,67207,1091.0,5.525004835805794,455605.3062931975,82462.42670061841
M100000US390490944299999,Brown Township (Franklin),COUSUB,2020,33,434000.0,91436.70973649467,66715,579.0,6.505283669339729,526024.8830227464,80861.17527848508
M100000US390490944299999,Brown Township (Franklin),COUSUB,2021,37,495000.0,62040.13843157427,71839,1250.0,6.890407717256643,573037.8086134996,83164.57198582869
M100000US390490944299999,Brown Township (Franklin),COUSUB,2022,33,505000.0,85038.29728059692,75777,1639.0,6.664291275716907,541295.8773983018,81223.32218140816
M100000US390490944299999,Brown Township (Franklin),COUSUB,2023,26,538750.0,82741.03859721315,77390,1550.0,6.961493733040444,554640.1032812387,79672.57093816253
M100000US390490944299999,Brown Township (Franklin),COUSUB,2024,24,645540.5,88124.06559101942,82938,1487.0,7.7834104994091975,645540.5,82938.0
M100000US390491611299999,Clinton Township (Franklin),COUSUB,2012,36,49000.0,21658.026195037535,53699,1282.0,0.9124937149667591,66947.57267175973,73367.70826328215
M100000US390491611299999,Clinton Township (Franklin),COUSUB,2013,54,60000.0,14223.611719965686,54079,1130.0,1.1094879713012444,80793.1935936675,72820.25193919908
M100000US390491611299999,Clinton Township (Franklin),COUSUB,2014,48,59000.0,16166.292572729173,56371,981.0,1.0466374554292102,78178.43927412815,74694.86102240472
M100000US390491611299999,Clinton Township (Franklin),COUSUB,2015,54,64500.0,15547.23753322568,58192,1604.0,1.1083997800384933,85364.93373893012,77016.37556799724
M100000US390491611299999,Clinton Township (Franklin),COUSUB,2016,59,50900.0,13593.492989463346,60294,1005.0,0.8441967691644277,66526.26840050498,78804.22056856676
M100000US390491611299999,Clinton Township (Franklin),COUSUB,2017,65,80000.0,12957.638989444467,63764,1469.0,1.254626434978985,102378.91644908617,81601.11535574413
M100000US390491611299999,Clinton Township (Franklin),COUSUB,2018,53,108000.0,16368.640241020277,64052,1189.0,1.6861300193592705,134916.2388941766,80015.32345972037
M100000US390491611299999,Clinton Township (Franklin),COUSUB,2019,53,125000.0,15675.844312278066,67207,1091.0,1.859925305399735,153373.95416515096,82462.42670061841
M100000US390491611299999,Clinton Township (Franklin),COUSUB,2020,52,142000.0,16776.931680169946,66715,579.0,2.1284568687701415,172109.52393831793,80861.17527848508
M100000US390491611299999,Clinton Township (Franklin),COUSUB,2021,76,160000.0,14514.95608100876,71839,1250.0,2.227202494466794,185224.3421781009,83164.57198582869
M100000US390491611299999,Clinton Township (Franklin),COUSUB,2022,56,200000.0,20129.297601612765,75777,1639.0,2.639323277511646,214374.60491021856,81223.32218140816
M100000US390491611299999,Clinton Township (Franklin),COUSUB,2023,48,199000.0,19661.347304928626,77390,1550.0,2.5713916526683036,204869.3838570144,79672.57093816253
M100000US390491611299999,Clinton Township (Franklin),COUSUB,2024,58,200000.0,22450.971521602278,82938,1487.0,2.4114398707468228,200000.0,82938.0
M100000US390492828099999,Franklin Township (Franklin),COUSUB,2012,60,39280.0,10256.939000611384,53699,1282.0,0.7314847576304959,53667.36029687188,73367.70826328215
M100000US390492828099999,Franklin Township (Franklin),COUSUB,2013,91,40750.0,6152.752660452282,54079,1130.0,0.7535272471754285,54872.043982365845,72820.25193919908
M100000US390492828099999,Franklin Township (Franklin),COUSUB,2014,96,59550.0,8486.699601093489,56371,981.0,1.0563942452679569,78907.22133515816,74694.86102240472
M100000US390492828099999,Franklin Township (Franklin),COUSUB,2015,83,62566.0,7540.597434870658,58192,1604.0,1.0751649711300522,82805.30921410701,77016.37556799724
M100000US390492828099999,Franklin Township (Franklin),COUSUB,2016,76,74000.0,12118.028547837035,60294,1005.0,1.2273194679404253,96717.95405967327,78804.22056856676
M100000US390492828099999,Franklin Township (Franklin),COUSUB,2017,103,77000.0,8422.534868738727,63764,1469.0,1.2075779436672731,98539.70708224544,81601.11535574413
M100000US390492828099999,Franklin Township (Franklin),COUSUB,2018,77,90000.0,10695.034764662369,64052,1189.0,1.4051083494660588,112430.1990784805,80015.32345972037
M100000US390492828099999,Franklin Township (Franklin),COUSUB,2019,109,112000.0,9723.708846617867,67207,1091.0,1.6664930736381627,137423.06293197526,82462.42670061841
M100000US390492828099999,Franklin Township (Franklin),COUSUB,2020,100,119950.0,11467.740168527693,66715,579.0,1.7979464887956231,145384.0661718397,80861.17527848508
M100000US390492828099999,Franklin Township (Franklin),COUSUB,2021,105,160000.0,12539.31492758303,71839,1250.0,2.227202494466794,185224.3421781009,83164.57198582869
M100000US390492828099999,Franklin Township (Franklin),COUSUB,2022,113,168000.0,11461.25711686445,75777,1639.0,2.217031553109783,180074.66812458358,81223.32218140816
M100000US390492828099999,Franklin Township (Franklin),COUSUB,2023,78,175500.0,15677.002195710726,77390,1550.0,2.267734849463755,180676.26566284435,79672.57093816253
M100000US390492828099999,Franklin Township (Franklin),COUSUB,2024,93,197000.0,14190.626722436404,82938,1487.0,2.3752682726856205,197000.0,82938.0
M100000US390493302699999,Hamilton Township (Franklin),COUSUB,2012,30,45000.0,9706.172223127067,53699,1282.0,0.8380044321123299,61482.464698554846,73367.70826328215
M100000US390493302699999,Hamilton Township (Franklin),COUSUB,2013,28,79500.0,13478.987270016814,54079,1130.0,1.470071561974149,107050.98151160944,72820.25193919908
M100000US390493302699999,Hamilton Township (Franklin),COUSUB,2014,37,67500.0,16921.846834692904,56371,981.0,1.1974242074825707,89441.43476277373,74694.86102240472
M100000US390493302699999,Hamilton Township (Franklin),COUSUB,2015,38,59000.0,16777.187759656154,58192,1604.0,1.0138850701127302,78085.75334258724,77016.37556799724
M100000US390493302699999,Hamilton Township (Franklin),COUSUB,2016,51,105000.0,9788.191044701598,60294,1005.0,1.741466812618171,137234.93481440126,78804.22056856676
M100000US390493302699999,Hamilton Township (Franklin),COUSUB,2017,55,115000.0,11442.44930636985,63764,1469.0,1.803525500282291,147169.69239556137,81601.11535574413
M100000US390493302699999,Hamilton Township (Franklin),COUSUB,2018,55,129900.0,12308.76292816279,64052,1189.0,2.028039717729345,162274.25400327353,80015.32345972037
M100000US390493302699999,Hamilton Township (Franklin),COUSUB,2019,69,128000.0,12398.626344018483,67207,1091.0,1.9045635127293288,157054.9290651146,82462.42670061841
M100000US390493302699999,Hamilton Township (Franklin),COUSUB,2020,49,160000.0,12163.429342720701,66715,579.0,2.398261260586075,193926.2241558512,80861.17527848508
M100000US390493302699999,Hamilton Township (Franklin),COUSUB,2021,69,172000.0,13505.29472020618,71839,1250.0,2.394242681551803,199116.16784145846,83164.57198582869
M100000US390493302699999,Hamilton Township (Franklin),COUSUB,2022,71,190000.0,11980.00191395605,75777,1639.0,2.5073571136360635,203655.87466470763,81223.32218140816
M100000US390493302699999,Hamilton Township (Franklin),COUSUB,2023,69,212500.0,19521.08869025895,77390,1550.0,2.745832794934746,218767.55813877165,79672.57093816253
M100000US390493302699999,Hamilton Township (Franklin),COUSUB,2024,71,261900.0,21663.069233840833,82938,1487.0,3.1577805107429646,261900.0,82938.0
M100000US390493777299999,Jackson Township (Franklin),COUSUB,2012,39,159500.0,16492.246728042424,53699,1282.0,2.970260153820369,217921.1804315444,73367.70826328215
M100000US390493777299999,Jackson Township (Franklin),COUSUB,2013,56,149400.0,21199.74414039161,54079,1130.0,2.762625048540099,201175.0520482321,72820.25193919908
M100000US390493777299999,Jackson Township (Franklin),COUSUB,2014,60,177500.0,19978.970330584663,56371,981.0,3.1487821752319456,235197.84696877538,74694.86102240472
M100000US390493777299999,Jackson Township (Franklin),COUSUB,2015,74,173200.0,20919.605592839638,58192,1604.0,2.9763541380258456,229228.0081175612,77016.37556799724
M100000US390493777299999,Jackson Township (Franklin),COUSUB,2016,54,227500.0,19750.70566022324,60294,1005.0,3.773178094006037,297342.35876453604,78804.22056856676
M100000US390493777299999,Jackson Township (Franklin),COUSUB,2017,52,215000.0,24668.827865475105,63764,1469.0,3.371808544006022,275143.33795691904,81601.11535574413
M100000US390493777299999,Jackson Township (Franklin),COUSUB,2018,65,228500.0,24789.879069638355,64052,1189.0,3.567413976144383,285447.7832159199,80015.32345972037
M100000US390493777299999,Jackson Township (Franklin),COUSUB,2019,59,207000.0,21603.564366029183,67207,1091.0,3.0800363057419613,253987.26809748998,82462.42670061841
M100000US390493777299999,Jackson Township (Franklin),COUSUB,2020,68,252925.0,29346.54178374051,66715,579.0,3.7911264333358314,306554.93902886665,80861.17527848508
M100000US390493777299999,Jackson Township (Franklin),COUSUB,2021,88,345492.5,22595.799319703227,71839,1250.0,4.809260986372305,399960.13149979705,83164.57198582869
M100000US390493777299999,Jackson Township (Franklin),COUSUB,2022,73,320000.0,27310.141305613906,75777,1639.0,4.2229172440186336,342999.3678563497,81223.32218140816
M100000US390493777299999,Jackson Township (Franklin),COUSUB,2023,53,350000.0,25900.44804794128,77390,1550.0,4.522548132833699,360323.0369344474,79672.57093816253
M100000US390493777299999,Jackson Township (Franklin),COUSUB,2024,53,348000.0,41274.86858114397,82938,1487.0,4.195905375099472,348000.0,82938.0
M100000US390493861299999,Jefferson Township (Franklin),COUSUB,2012,157,227000.0,22418.115572436756,53699,1282.0,4.227266801988864,310144.8774793767,73367.70826328215
M100000US390493861299999,Jefferson Township (Franklin),COUSUB,2013,179,212000.0,20823.18995857144,54079,1130.0,3.920190831931064,285469.28403095854,72820.25193919908
M100000US390493861299999,Jefferson Township (Franklin),COUSUB,2014,238,204050.0,16613.901010067002,56371,981.0,3.61976903017509,270378.14464213303,74694.86102240472
M100000US390493861299999,Jefferson Township (Franklin),COUSUB,2015,267,202000.0,15583.781499521085,58192,1604.0,3.471267528182568,267344.4436475021,77016.37556799724
M100000US390493861299999,Jefferson Township (Franklin),COUSUB,2016,274,209250.0,21019.095079343024,60294,1005.0,3.4704945765747834,273489.6200944139,78804.22056856676
M100000US390493861299999,Jefferson Township (Franklin),COUSUB,2017,315,245000.0,15006.085834616,63764,1469.0,3.8422934571231417,313535.4316253264,81601.11535574413
M100000US390493861299999,Jefferson Township (Franklin),COUSUB,2018,302,260000.0,16459.102808688418,64052,1189.0,4.059201898457503,324798.35289338813,80015.32345972037
M100000US390493861299999,Jefferson Township (Franklin),COUSUB,2019,325,275000.0,18118.210461427596,67207,1091.0,4.0918356718794175,337422.6991633321,82462.42670061841
M100000US390493861299999,Jefferson Township (Franklin),COUSUB,2020,347,310000.0,17947.68366167123,66715,579.0,4.64663119238552,375732.0593019617,80861.17527848508
M100000US390493861299999,Jefferson Township (Franklin),COUSUB,2021,362,369500.0,20335.214561844667,71839,1250.0,5.143445760659252,427752.4652175518,83164.57198582869
M100000US390493861299999,Jefferson Township (Franklin),COUSUB,2022,286,425450.0,23170.4575609676,75777,1639.0,5.614500442086649,456028.3782952624,81223.32218140816
M100000US390493861299999,Jefferson Township (Franklin),COUSUB,2023,254,477535.0,25348.194986576167,77390,1550.0,6.170500064607831,491619.6041214039,79672.57093816253
M100000US390493861299999,Jefferson Township (Franklin),COUSUB,2024,233,493581.0,35201.068901855724,82938,1487.0,5.951204514215438,493581.0,82938.0
M100000US390494641099999,Madison Township (Franklin),COUSUB,2012,140,48000.0,8105.191863364136,53699,1282.0,0.8938713942531519,65581.29567845851,73367.70826328215
M100000US390494641099999,Madison Township (Franklin),COUSUB,2013,149,45000.0,7600.424761748379,54079,1130.0,0.8321159784759333,60594.89519525063,72820.25193919908
M100000US390494641099999,Madison Township (Franklin),COUSUB,2014,144,73500.0,6730.2586972771805,56371,981.0,1.3038619148143549,97391.78451946472,74694.86102240472
M100000US390494641099999,Madison Township (Franklin),COUSUB,2015,164,74449.0,10636.135011566354,58192,1604.0,1.2793682980478416,98532.30933224199,77016.37556799724
M100000US390494641099999,Madison Township (Franklin),COUSUB,2016,189,89900.0,7260.8750834935045,60294,1005.0,1.4910272995654625,117499.24418871116,78804.22056856676
M100000US390494641099999,Madison Township (Franklin),COUSUB,2017,165,102000.0,7330.587326395457,63764,1469.0,1.599648704598206,130533.11847258486,81601.11535574413
M100000US390494641099999,Madison Township (Franklin),COUSUB,2018,157,117000.0,7357.4518949140775,64052,1189.0,1.8266408543058765,146159.25880202465,80015.32345972037
M100000US390494641099999,Madison Township (Franklin),COUSUB,2019,174,125550.0,6774.3975896283455,67207,1091.0,1.868108976743494,154048.79956347763,82462.42670061841
M100000US390494641099999,Madison Township (Franklin),COUSUB,2020,174,145750.0,7695.109983490201,66715,579.0,2.184666117065128,176654.6698169707,80861.17527848508
M100000US390494641099999,Madison Township (Franklin),COUSUB,2021,194,170000.0,7597.995062247281,71839,1250.0,2.3664026503709685,196800.86356423222,83164.57198582869
M100000US390494641099999,Madison Township (Franklin),COUSUB,2022,152,200000.0,11008.680615482794,75777,1639.0,2.639323277511646,214374.60491021856,81223.32218140816
M100000US390494641099999,Madison Township (Franklin),COUSUB,2023,166,210000.0,10760.373352650477,77390,1550.0,2.7135288797002195,216193.82216066847,79672.57093816253
M100000US390494641099999,Madison Township (Franklin),COUSUB,2024,175,234100.0,10280.411445058298,82938,1487.0,2.822590368709156,234100.0,82938.0
M100000US390495006499999,Mifflin Township (Franklin),COUSUB,2012,29,16700.0,6405.028863381211,53699,1282.0,0.3109927559172424,22816.825788130354,73367.70826328215
M100000US390495006499999,Mifflin Township (Franklin),COUSUB,2013,27,22000.0,19068.740791815777,54079,1130.0,0.40681225614378963,29624.170984344753,72820.25193919908
M100000US390495006499999,Mifflin Township (Franklin),COUSUB,2014,27,18000.0,12065.89424800238,56371,981.0,0.3193131219953522,23851.049270072996,74694.86102240472
M100000US390495006499999,Mifflin Township (Franklin),COUSUB,2015,30,26555.0,14997.343384128473,58192,1604.0,0.4563342040142975,35145.20644088821,77016.37556799724
M100000US390495006499999,Mifflin Township (Franklin),COUSUB,2016,25,22100.0,13231.431457457078,60294,1005.0,0.3665373005605865,28884.6862799835,78804.22056856676
M100000US390495006499999,Mifflin Township (Franklin),COUSUB,2017,24,48750.0,28007.16314707861,63764,1469.0,0.764537983815319,62387.15221116188,81601.11535574413
M100000US390495006499999,Mifflin Township (Franklin),COUSUB,2018,29,45000.0,24698.09544032727,64052,1189.0,0.7025541747330294,56215.09953924025,80015.32345972037
M100000US390495006499999,Mifflin Township (Franklin),COUSUB,2019,38,61000.0,29860.594863052498,67207,1091.0,0.9076435490350707,74846.48963259367,82462.42670061841
M100000US390495006499999,Mifflin Township (Franklin),COUSUB,2020,37,95000.0,32784.674198549474,66715,579.0,1.4239676234729821,115143.69559253665,80861.17527848508
M100000US390495006499999,Mifflin Township (Franklin),COUSUB,2021,45,105000.0,25206.726845151712,71839,1250.0,1.4616016369938334,121553.47455437871,83164.57198582869
M100000US390495006499999,Mifflin Township (Franklin),COUSUB,2022,37,150000.0,34104.47735854197,75777,1639.0,1.9794924581337345,160780.9536826639,81223.32218140816
M100000US390495006499999,Mifflin Township (Franklin),COUSUB,2023,39,151000.0,24746.293502696615,77390,1550.0,1.951156480165396,155453.65307743303,79672.57093816253
M100000US390495006499999,Mifflin Township (Franklin),COUSUB,2024,63,175258.0,34493.667810449915,82938,1487.0,2.1131206443367336,175258.0,82938.0
M100000US390495734499999,Norwich Township (Franklin),COUSUB,2012,56,189500.0,38769.02873437432,53699,1282.0,3.528929775228589,258909.49023058097,73367.70826328215
M100000US390495734499999,Norwich Township (Franklin),COUSUB,2013,72,211500.0,51795.17115434787,54079,1130.0,3.9109450988368866,284796.00741767796,72820.25193919908
M100000US390495734499999,Norwich Township (Franklin),COUSUB,2014,71,210000.0,51583.87251301235,56371,981.0,3.7253197566124427,278262.2414841849,74694.86102240472
M100000US390495734499999,Norwich Township (Franklin),COUSUB,2015,91,215900.0,21403.729059201218,58192,1604.0,3.7101319769040417,285740.9177400777,77016.37556799724
M100000US390495734499999,Norwich Township (Franklin),COUSUB,2016,86,229138.0,40756.04997604661,60294,1005.0,3.8003449762828807,299483.22374764073,78804.22056856676
M100000US390495734499999,Norwich Township (Franklin),COUSUB,2017,84,256450.0,29149.69381969351,63764,1469.0,4.021861865629509,328188.4140421018,81601.11535574413
M100000US390495734499999,Norwich Township (Franklin),COUSUB,2018,68,265000.0,34895.20568906375,64052,1189.0,4.13726347342784,331044.4750644148,80015.32345972037
M100000US390495734499999,Norwich Township (Franklin),COUSUB,2019,100,292250.0,35362.60807162882,67207,1091.0,4.3485053640245805,358588.3048381229,82462.42670061841
M100000US390495734499999,Norwich Township (Franklin),COUSUB,2020,62,277500.0,33523.49939981977,66715,579.0,4.159484373828974,336340.7950203044,80861.17527848508
M100000US390495734499999,Norwich Township (Franklin),COUSUB,2021,74,349900.0,55326.90689548757,71839,1250.0,4.87061345508707,405062.4833007344,83164.57198582869
M100000US390495734499999,Norwich Township (Franklin),COUSUB,2022,58,377500.0,65169.82130887948,75777,1639.0,4.981722686303232,404632.0667680375,81223.32218140816
M100000US390495734499999,Norwich Township (Franklin),COUSUB,2023,54,400000.0,88399.35222401952,77390,1550.0,5.168626437524228,411797.75649651134,79672.57093816253
M100000US390495734499999,Norwich Township (Franklin),COUSUB,2024,50,412500.0,102785.47296955148,82938,1487.0,4.9735947334153225,412500.0,82938.0
M100000US390496184099999,Perry Township (Franklin),COUSUB,2012,56,241250.0,22726.322038541995,53699,1282.0,4.492634872157768,329614.32463391905,73367.70826328215
M100000US390496184099999,Perry Township (Franklin),COUSUB,2013,62,265700.0,15416.605141483902,54079,1130.0,4.913182566245678,357779.19229729095,72820.25193919908
M100000US390496184099999,Perry Township (Franklin),COUSUB,2014,58,272125.0,21290.101306758403,56371,981.0,4.827393517943624,360581.4879232563,74694.86102240472
M100000US390496184099999,Perry Township (Franklin),COUSUB,2015,71,309500.0,16554.17180884681,58192,1604.0,5.31860049491339,409619.3332123856,77016.37556799724
M100000US390496184099999,Perry Township (Franklin),COUSUB,2016,68,279565.0,14398.03281196915,60294,1005.0,4.6366968520914185,365391.2814417913,78804.22056856676
M100000US390496184099999,Perry Township (Franklin),COUSUB,2017,59,329900.0,18276.13364446252,63764,1469.0,5.1737657612445895,422185.0567069191,81601.11535574413
M100000US390496184099999,Perry Township (Franklin),COUSUB,2018,53,348000.0,27650.042231816748,64052,1189.0,5.433085617935427,434730.10310345795,80015.32345972037
M100000US390496184099999,Perry Township (Franklin),COUSUB,2019,61,358999.0,20493.854200637226,67207,1091.0,5.341690597705596,440488.7693706802,82462.42670061841
M100000US390496184099999,Perry Township (Franklin),COUSUB,2020,60,379950.0,26021.080224173726,66715,579.0,5.695121037247995,460514.1804250979,80861.17527848508
M100000US390496184099999,Perry Township (Franklin),COUSUB,2021,79,470000.0,32573.27522921596,71839,1250.0,6.542407327496207,544096.5051481714,83164.57198582869
M100000US390496184099999,Perry Township (Franklin),COUSUB,2022,49,500000.0,43714.96408414761,75777,1639.0,6.598308193779115,535936.5122755464,81223.32218140816
M100000US390496184099999,Perry Township (Franklin),COUSUB,2023,72,612500.0,41982.60182517885,77390,1550.0,7.914459232458974,630565.314635283,79672.57093816253
M100000US390496184099999,Perry Township (Franklin),COUSUB,2024,55,589900.0,58861.705699220925,82938,1487.0,7.112541898767755,589900.0,82938.0
M100000US390496297499999,Plain Township (Franklin),COUSUB,2012,24,177000.0,100769.70454890393,53699,1282.0,3.2961507663084975,241831.02781431575,73367.70826328215
M100000US390496297499999,Plain Township (Franklin),COUSUB,2013,27,179900.0,33874.37324718865,54079,1130.0,3.326614767284898,242244.9254583464,72820.25193919908
M100000US390496297499999,Plain Township (Franklin),COUSUB,2014,29,185000.0,29914.991727192184,56371,981.0,3.2818293093966755,245135.78416463913,74694.86102240472
M100000US390496297499999,Plain Township (Franklin),COUSUB,2015,37,210000.0,41932.3829359396,58192,1604.0,3.6087434698927687,277932.342405819,77016.37556799724
M100000US390496297499999,Plain Township (Franklin),COUSUB,2016,37,234900.0,34590.03215513984,60294,1005.0,3.8959100408000795,307014.1541705034,78804.22056856676
M100000US390496297499999,Plain Township (Franklin),COUSUB,2017,42,262750.0,27919.74346405604,63764,1469.0,4.120663697384104,336250.7537124674,81601.11535574413
M100000US390496297499999,Plain Township (Franklin),COUSUB,2018,35,260000.0,73785.90642648515,64052,1189.0,4.059201898457503,324798.35289338813,80015.32345972037
M100000US390496297499999,Plain Township (Franklin),COUSUB,2019,39,265000.0,37222.26261578865,67207,1091.0,3.9430416474474383,325152.78283012,82462.42670061841
M100000US390496297499999,Plain Township (Franklin),COUSUB,2020,34,330877.5,96029.67419414302,66715,579.0,4.959566814059807,401036.40145704785,80861.17527848508
M100000US390496297499999,Plain Township (Franklin),COUSUB,2021,46,385000.0,64783.436536432324,71839,1250.0,5.359206002310723,445696.0733660553,83164.57198582869
M100000US390496297499999,Plain Township (Franklin),COUSUB,2022,27,420629.0,127653.80952229818,75777,1639.0,5.550879554482231,450860.8784439016,81223.32218140816
M100000US390496297499999,Plain Township (Franklin),COUSUB,2023,24,422500.0,166432.65375384016,77390,1550.0,5.459361674634966,434961.3802994401,79672.57093816253
M100000US390496297499999,Plain Township (Franklin),COUSUB,2024,29,449900.0,118833.80787484616,82938,1487.0,5.424533989244978,449900.0,82938.0
M100000US390496325499999,Pleasant Township (Franklin),COUSUB,2012,65,160000.0,16997.29940011061,53699,1282.0,2.9795713141771727,218604.31892819502,73367.70826328215
M100000US390496325499999,Pleasant Township (Franklin),COUSUB,2013,59,173000.0,22692.93683877629,54079,1130.0,3.199023650585255,232953.70819507464,72820.25193919908
M100000US390496325499999,Pleasant Township (Franklin),COUSUB,2014,90,185500.0,17077.675326774108,56371,981.0,3.290699118340991,245798.31331103004,74694.86102240472
M100000US390496325499999,Pleasant Township (Franklin),COUSUB,2015,72,204950.0,21039.143949720194,58192,1604.0,3.5219617816882045,271248.73131463147,77016.37556799724
M100000US390496325499999,Pleasant Township (Franklin),COUSUB,2016,83,202900.0,19781.70908517076,60294,1005.0,3.3651772979069228,265190.1740365906,78804.22056856676
M100000US390496325499999,Pleasant Township (Franklin),COUSUB,2017,72,211250.0,19184.38505501961,63764,1469.0,3.3129979298663823,270344.32624836813,81601.11535574413
M100000US390496325499999,Pleasant Township (Franklin),COUSUB,2018,71,242900.0,27141.930873499565,64052,1189.0,3.792231312058952,303436.6150684768,80015.32345972037
M100000US390496325499999,Pleasant Township (Franklin),COUSUB,2019,87,255000.0,20289.90698509194,67207,1091.0,3.7942476230154596,312882.86649690795,82462.42670061841
M100000US390496325499999,Pleasant Township (Franklin),COUSUB,2020,75,265000.0,30760.814906360887,66715,579.0,3.9721202128456867,321190.30875812855,80861.17527848508
M100000US390496325499999,Pleasant Township (Franklin),COUSUB,2021,95,299900.0,25399.603570292224,71839,1250.0,4.1746126755661965,347179.8763700779,83164.57198582869
M100000US390496325499999,Pleasant Township (Franklin),COUSUB,2022,85,280000.0,29223.576260711536,75777,1639.0,3.6950525885163046,300124.44687430596,81223.32218140816
M100000US390496325499999,Pleasant Township (Franklin),COUSUB,2023,66,325000.0,33165.569843847145,77390,1550.0,4.199508980488435,334585.67715341545,79672.57093816253
M100000US390496325499999,Pleasant Township (Franklin),COUSUB,2024,67,365000.0,40134.1732397003,82938,1487.0,4.400877764112952,365000.0,82938.0
M100000US390496457099999,Prairie Township (Franklin),COUSUB,2012,186,76750.0,6338.704828201445,53699,1282.0,1.4292631147693626,104861.75923586855,73367.70826328215
M100000US390496457099999,Prairie Township (Franklin),COUSUB,2013,257,78000.0,5879.890641270272,54079,1130.0,1.4423343626916179,105031.15167176776,72820.25193919908
M100000US390496457099999,Prairie Township (Franklin),COUSUB,2014,229,99900.0,6742.9339548934895,56371,981.0,1.7721878270742049,132373.3234489051,74694.86102240472
M100000US390496457099999,Prairie Township (Franklin),COUSUB,2015,264,97500.0,5686.712336320875,58192,1604.0,1.6754880395930711,129040.01611698739,77016.37556799724
M100000US390496457099999,Prairie Township (Franklin),COUSUB,2016,311,121000.0,7338.930496272509,60294,1005.0,2.0068331840647495,158146.92488135764,78804.22056856676
M100000US390496457099999,Prairie Township (Franklin),COUSUB,2017,270,129050.0,6056.354015301244,63764,1469.0,2.023869267925475,165149.9895969321,81601.11535574413
M100000US390496457099999,Prairie Township (Franklin),COUSUB,2018,301,143000.0,6324.558651838398,64052,1189.0,2.232561044151627,178639.09409136345,80015.32345972037
M100000US390496457099999,Prairie Township (Franklin),COUSUB,2019,226,164950.0,7345.961388265031,67207,1091.0,2.4543574330054905,202392.2699163332,82462.42670061841
M100000US390496457099999,Prairie Township (Franklin),COUSUB,2020,285,170000.0,7331.076943264285,66715,579.0,2.548152589372705,206046.6131655919,80861.17527848508
M100000US390496457099999,Prairie Township (Franklin),COUSUB,2021,261,205001.0,8769.162049999375,71839,1250.0,2.85361711605117,237319.8460678304,83164.57198582869
M100000US390496457099999,Prairie Township (Franklin),COUSUB,2022,233,217500.0,9675.179801097742,75777,1639.0,2.8702640642939152,233132.3828398627,81223.32218140816
M100000US390496457099999,Prairie Township (Franklin),COUSUB,2023,219,240000.0,11889.112924756506,77390,1550.0,3.1011758625145367,247078.65389790683,79672.57093816253
M100000US390496457099999,Prairie Township (Franklin),COUSUB,2024,255,280000.0,11378.641151036394,82938,1487.0,3.376015819045552,280000.0,82938.0
M100000US390497178799999,Sharon Township (Franklin),COUSUB,2012,35,140000.0,22311.42324777854,53699,1282.0,2.6071248999050263,191278.77906217065,73367.70826328215
M100000US390497178799999,Sharon Township (Franklin),COUSUB,2013,45,151000.0,19270.141672073234,54079,1130.0,2.7922113944414653,203329.53721072988,72820.25193919908
M100000US390497178799999,Sharon Township (Franklin),COUSUB,2014,44,165750.0,20496.53346836521,56371,981.0,2.940341665040535,219628.41202858882,74694.86102240472
M100000US390497178799999,Sharon Township (Franklin),COUSUB,2015,43,183000.0,24713.043390439252,58192,1604.0,3.144762166620841,242198.1840964994,77016.37556799724
M100000US390497178799999,Sharon Township (Franklin),COUSUB,2016,40,221000.0,26065.4749997446,60294,1005.0,3.6653730056058644,288846.86279983504,78804.22056856676
M100000US390497178799999,Sharon Township (Franklin),COUSUB,2017,48,231995.5,29212.103778505396,63764,1469.0,3.638346088702089,296893.0988882996,81601.11535574413
M100000US390497178799999,Sharon Township (Franklin),COUSUB,2018,41,250000.0,34138.69795440895,64052,1189.0,3.90307874851683,312306.1085513347,80015.32345972037
M100000US390497178799999,Sharon Township (Franklin),COUSUB,2019,40,291500.0,33244.70046450873,67207,1091.0,4.337345812192182,357668.06111313205,82462.42670061841
M100000US390497178799999,Sharon Township (Franklin),COUSUB,2020,50,257450.0,28036.66844370489,66715,579.0,3.8589522596117813,312039.4150557743,80861.17527848508
M100000US390497178799999,Sharon Township (Franklin),COUSUB,2021,49,301000.0,30994.437700500373,71839,1250.0,4.189924692715656,348453.2937225523,83164.57198582869
M100000US390497178799999,Sharon Township (Franklin),COUSUB,2022,51,285000.0,37509.344636013455,75777,1639.0,3.7610356704540955,305483.8119970614,81223.32218140816
M100000US390497178799999,Sharon Township (Franklin),COUSUB,2023,30,354050.0,38985.721913163514,77390,1550.0,4.574880475513632,364492.4892189746,79672.57093816253
M100000US390497178799999,Sharon Township (Franklin),COUSUB,2024,46,379700.0,36599.11331132461,82938,1487.0,4.578118594612843,379700.0,82938.0
M100000US390497771499999,Truro Township (Franklin),COUSUB,2012,16,36500.0,18486.548444713408,53699,1282.0,0.6797147060466675,49869.11025549449,73367.70826328215
M100000US390497771499999,Truro Township (Franklin),COUSUB,2013,20,50000.0,15112.666065995647,54079,1130.0,0.9245733094177038,67327.66132805626,72820.25193919908
M100000US390497771499999,Truro Township (Franklin),COUSUB,2014,22,73250.0,11280.001291147662,56371,981.0,1.2994270103421972,97060.51994626927,74694.86102240472
M100000US390497771499999,Truro Township (Franklin),COUSUB,2015,16,76450.0,18410.038738193878,58192,1604.0,1.3137544679681057,101180.60750916602,77016.37556799724
M100000US390497771499999,Truro Township (Franklin),COUSUB,2016,26,81250.0,10420.36781738548,60294,1005.0,1.347563605002156,106193.69955876288,78804.22056856676
M100000US390497771499999,Truro Township (Franklin),COUSUB,2017,18,112450.0,14217.803880325762,63764,1469.0,1.7635342826673357,143906.36443374676,81601.11535574413
M100000US390497771499999,Truro Township (Franklin),COUSUB,2018,16,117000.0,10333.550388432175,64052,1189.0,1.8266408543058765,146159.25880202465,80015.32345972037
M100000US390497771499999,Truro Township (Franklin),COUSUB,2019,29,126000.0,16280.496700671849,67207,1091.0,1.874804707842933,154600.94579847215,82462.42670061841
M100000US390497771499999,Truro Township (Franklin),COUSUB,2020,17,139900.0,10551.854685985218,66715,579.0,2.0969796897249493,169564.2422462724,80861.17527848508
M100000US390497771499999,Truro Township (Franklin),COUSUB,2021,23,178000.0,8709.227229872173,71839,1250.0,2.477762775094308,206062.08067313724,83164.57198582869
M100000US390497771499999,Truro Township (Franklin),COUSUB,2022,32,226250.0,40848.657217086475,75777,1639.0,2.9857344576850497,242511.27180468474,81223.32218140816
M100000US390497771499999,Truro Township (Franklin),COUSUB,2023,34,408950.0,33368.7009163884,77390,1550.0,5.284274454063833,421011.7312981208,79672.57093816253
M100000US390497771499999,Truro Township (Franklin),COUSUB,2024,46,439115.0,29679.193784899562,82938,1487.0,5.294497094214956,439115.0,82938.0
M100000US390498124299999,Washington Township (Franklin),COUSUB,2018,12,217950.0,58757.65055001129,64052,1189.0,3.4027040529569725,272268.46543505363,80015.32345972037
M100000US390498124299999,Washington Township (Franklin),COUSUB,2019,11,278300.0,63715.61630939861,67207,1091.0,4.14093769994197,341471.7715532921,82462.42670061841
M100000US390498124299999,Washington Township (Franklin),COUSUB,2020,13,359900.0,129544.6773984217,66715,579.0,5.394588923030803,436212.80046056776,80861.17527848508
M100000US390498124299999,Washington Township (Franklin),COUSUB,2021,20,237500.0,108340.0696736347,71839,1250.0,3.306003702724147,274942.3829206185,83164.57198582869
M100000US3905130,Bellefontaine,PLACE,2012,40,98750.0,16657.385410673083,53699,1282.0,1.8389541704687238,134919.85308849535,73367.70826328215
M100000US3905130,Bellefontaine,PLACE,2013,34,78250.0,16514.47464554993,54079,1130.0,1.4469572292387063,105367.78997840804,72820.25193919908
M100000US3905130,Bellefontaine,PLACE,2014,29,98000.0,20897.6425066409,56371,981.0,1.7384825530858066,129855.71269261964,74694.86102240472
M100000US3905130,Bellefontaine,PLACE,2015,29,92000.0,17656.628683885087,58192,1604.0,1.5809733296673083,121760.8357206445,77016.37556799724
M100000US3905130,Bellefontaine,PLACE,2016,48,100950.0,13620.452229252158,60294,1005.0,1.6742959498457557,131941.5873287029,78804.22056856676
M100000US3905130,Bellefontaine,PLACE,2017,44,110000.0,15891.2018214867,63764,1469.0,1.7251113480961044,140771.01011749348,81601.11535574413
M100000US3905130,Bellefontaine,PLACE,2018,42,140000.0,20188.76923480362,64052,1189.0,2.1857240991694247,174891.42078874743,80015.32345972037
M100000US3905130,Bellefontaine,PLACE,2019,63,125250.0,13357.319366541022,67207,1091.0,1.8636451560105347,153680.70207348125,82462.42670061841
M100000US3905130,Bellefontaine,PLACE,2020,88,149900.0,11351.007302529639,66715,579.0,2.246871018511579,181684.6312560131,80861.17527848508
M100000US3905130,Bellefontaine,PLACE,2021,88,155000.0,15009.275179744453,71839,1250.0,2.1576024165147065,179436.08148503525,83164.57198582869
M100000US3905130,Bellefontaine,PLACE,2022,77,184900.0,30093.425588088743,75777,1639.0,2.4400543700595168,198189.32223949707,81223.32218140816
M100000US3905130,Bellefontaine,PLACE,2023,84,210000.0,16933.844038546606,77390,1550.0,2.7135288797002195,216193.82216066847,79672.57093816253
M100000US3905130,Bellefontaine,PLACE,2024,115,229900.0,13529.371070037605,82938,1487.0,2.771950131423473,229900.0,82938.0
M100000US3906278,Bexley,PLACE,2012,192,256412.5,28483.66502103273,53699,1282.0,4.774995809977839,350330.4995448488,73367.70826328215
M100000US3906278,Bexley,PLACE,2013,234,263500.0,29117.134508432882,54079,1130.0,4.872501340631299,354816.7751988565,72820.25193919908
M100000US3906278,Bexley,PLACE,2014,213,286500.0,29649.277750391197,56371,981.0,5.082400525092689,379629.2008819952,74694.86102240472
M100000US3906278,Bexley,PLACE,2015,196,328050.0,33963.03948000762,58192,1604.0,5.6373728347539185,434170.023458233,77016.37556799724
M100000US3906278,Bexley,PLACE,2016,218,361250.0,29435.450384627296,60294,1005.0,5.991475105317279,472153.52573049953,78804.22056856676
M100000US3906278,Bexley,PLACE,2017,235,375000.0,33249.09726554195,63764,1469.0,5.881061413963992,479901.1708550914,81601.11535574413
M100000US3906278,Bexley,PLACE,2018,189,365000.0,32199.530011298015,64052,1189.0,5.698494972834572,455966.9184849487,80015.32345972037
M100000US3906278,Bexley,PLACE,2019,210,397500.0,32772.327226996065,67207,1091.0,5.914562471171158,487729.17424518004,82462.42670061841
M100000US3906278,Bexley,PLACE,2020,209,429000.0,31753.58797423087,66715,579.0,6.430338004946414,519964.688517876,80861.17527848508
M100000US3906278,Bexley,PLACE,2021,204,451499.5,42097.6674036881,71839,1250.0,6.2848800790656885,522679.3617577592,83164.57198582869
M100000US3906278,Bexley,PLACE,2022,162,503000.0,56444.09202870682,75777,1639.0,6.6378980429417895,539152.1313491997,81223.32218140816
M100000US3906278,Bexley,PLACE,2023,137,504000.0,55140.093277998545,77390,1550.0,6.512469311280527,518865.17318560433,79672.57093816253
M100000US3906278,Bexley,PLACE,2024,149,599000.0,51158.238124854885,82938,1487.0,7.222262412886734,599000.0,82938.0
M100000US3907188,Bloomingburg,PLACE,2016,17,73900.0,11205.949021078086,60294,1005.0,1.2256609281188842,96587.25412175478,78804.22056856676
M100000US3907188,Bloomingburg,PLACE,2018,12,88000.0,17288.857116195984,64052,1189.0,1.373883719477924,109931.75021006982,80015.32345972037
M100000US3907188,Bloomingburg,PLACE,2021,13,164000.0,21629.625182210675,71839,1250.0,2.2828825568284636,189854.95073255344,83164.57198582869
M100000US3907188,Bloomingburg,PLACE,2024,14,220000.0,40494.70646195269,82938,1487.0,2.6525838578215053,220000.0,82938.0
M100000US390730557899999,Benton Township (Hocking),COUSUB,2022,14,630000.0,142450.80459616243,75777,1639.0,8.313868324161685,675280.0054671884,81223.32218140816
M100000US390730557899999,Benton Township (Hocking),COUSUB,2024,11,450000.0,144069.46946112934,82938,1487.0,5.425739709180352,450000.0,82938.0
M100000US390732648899999,Falls Township (Hocking),COUSUB,2012,22,89500.0,24466.190381346354,53699,1282.0,1.666697703867856,122281.79090045909,73367.70826328215
M100000US390732648899999,Falls Township (Hocking),COUSUB,2013,19,95000.0,44268.06954391669,54079,1130.0,1.756689287893637,127922.55652330688,72820.25193919908
M100000US390732648899999,Falls Township (Hocking),COUSUB,2014,32,118000.0,25939.042138218276,56371,981.0,2.0932749108584203,156356.8785482563,74694.86102240472
M100000US390732648899999,Falls Township (Hocking),COUSUB,2015,37,124900.0,21345.624344079017,58192,1604.0,2.146343139950509,165303.5693642228,77016.37556799724
M100000US390732648899999,Falls Township (Hocking),COUSUB,2016,34,137950.0,28835.75742228157,60294,1005.0,2.2879556838159685,180300.56435853956,78804.22056856676
M100000US390732648899999,Falls Township (Hocking),COUSUB,2017,29,170000.0,34054.04431949876,63764,1469.0,2.666081174330343,217555.1974543081,81601.11535574413
M100000US390732648899999,Falls Township (Hocking),COUSUB,2018,40,172450.0,24764.15851331412,64052,1189.0,2.6923437207269094,215428.7536787107,80015.32345972037
M100000US390732648899999,Falls Township (Hocking),COUSUB,2019,39,164000.0,26258.2490461607,67207,1091.0,2.4402220006844524,201226.62786467804,82462.42670061841
M100000US390732648899999,Falls Township (Hocking),COUSUB,2020,51,184000.0,34805.82334907171,66715,579.0,2.7580004496739865,223015.15777922887,80861.17527848508
M100000US390732648899999,Falls Township (Hocking),COUSUB,2021,42,217500.0,39789.86634279781,71839,1250.0,3.027603390915798,251789.34014835593,83164.57198582869
M100000US390732648899999,Falls Township (Hocking),COUSUB,2022,52,205000.0,52343.42749924587,75777,1639.0,2.705306359449437,219733.97003297403,81223.32218140816
M100000US390732648899999,Falls Township (Hocking),COUSUB,2023,37,235000.0,92593.58340511713,77390,1550.0,3.036568032045484,241931.18194170043,79672.57093816253
M100000US390732648899999,Falls Township (Hocking),COUSUB,2024,33,270000.0,64905.28103867446,82938,1487.0,3.2554438255082108,270000.0,82938.0
M100000US390733084299999,Good Hope Township (Hocking),COUSUB,2013,11,155000.0,45172.49642670304,54079,1130.0,2.8661772591948815,208715.75011697438,72820.25193919908
M100000US390733084299999,Good Hope Township (Hocking),COUSUB,2018,11,213500.0,91393.36828586002,64052,1189.0,3.333229251233373,266709.41670283984,80015.32345972037
M100000US390733084299999,Good Hope Township (Hocking),COUSUB,2020,11,169000.0,52723.06511495586,66715,579.0,2.5331634564940417,204834.5742646178,80861.17527848508
M100000US390733084299999,Good Hope Township (Hocking),COUSUB,2022,18,371500.0,112483.2028172806,75777,1639.0,4.902542987977882,398200.82862073096,81223.32218140816
M100000US390733084299999,Good Hope Township (Hocking),COUSUB,2023,11,425000.0,122796.8927700862,77390,1550.0,5.491665589869492,437535.1162775433,79672.57093816253
M100000US390733178099999,Green Township (Hocking),COUSUB,2014,13,140000.0,50005.64819936552,56371,981.0,2.483546504408295,185508.16098945664,74694.86102240472
M100000US390733178099999,Green Township (Hocking),COUSUB,2015,14,144000.0,53715.99922961038,58192,1604.0,2.474566950783613,190582.17764970445,77016.37556799724
M100000US390733178099999,Green Township (Hocking),COUSUB,2016,17,124900.0,24196.816032841743,60294,1005.0,2.071516237104853,163244.22246017825,78804.22056856676
M100000US390733178099999,Green Township (Hocking),COUSUB,2017,15,172900.0,55821.892973634516,63764,1469.0,2.7115613825983313,221266.43317558747,81601.11535574413
M100000US390733178099999,Green Township (Hocking),COUSUB,2018,21,141000.0,30364.35153947861,64052,1189.0,2.2013364141634923,176140.6452229528,80015.32345972037
M100000US390733178099999,Green Township (Hocking),COUSUB,2019,11,174000.0,50242.9598993683,67207,1091.0,2.589016025116431,213496.54419789012,82462.42670061841
M100000US390733178099999,Green Township (Hocking),COUSUB,2020,17,228000.0,66298.60868729561,66715,579.0,3.417522296335157,276344.86942208797,80861.17527848508
M100000US390733178099999,Green Township (Hocking),COUSUB,2021,23,245000.0,64527.58158479292,71839,1250.0,3.410403819652278,283624.773960217,83164.57198582869
M100000US390733178099999,Green Township (Hocking),COUSUB,2022,23,255000.0,58583.4455574001,75777,1639.0,3.3651371788273488,273327.6212605287,81223.32218140816
M100000US390733178099999,Green Township (Hocking),COUSUB,2023,19,349900.0,93993.54601464956,77390,1550.0,4.521255976224318,360220.0874953233,79672.57093816253
M100000US390733178099999,Green Township (Hocking),COUSUB,2024,21,269900.0,107744.39205768082,82938,1487.0,3.2542381055728375,269900.0,82938.0
M100000US390734205699999,Laurel Township (Hocking),COUSUB,2017,12,144072.5,62280.801711507374,63764,1469.0,2.2594645881688726,184374.83050138707,81601.11535574413
M100000US390734205699999,Laurel Township (Hocking),COUSUB,2019,11,225000.0,68962.0686077967,67207,1091.0,3.3478655497195233,276073.11749727174,82462.42670061841
M100000US390734205699999,Laurel Township (Hocking),COUSUB,2020,13,290000.0,337037.92562679347,66715,579.0,4.346848534812261,351491.2812824803,80861.17527848508
M100000US390734205699999,Laurel Township (Hocking),COUSUB,2021,16,237450.0,65144.92609568186,71839,1250.0,3.305307701944626,274884.5003136879,83164.57198582869
M100000US390734205699999,Laurel Township (Hocking),COUSUB,2022,22,506000.0,119697.84241350948,75777,1639.0,6.677487892104464,542367.7504228529,81223.32218140816
M100000US390734205699999,Laurel Township (Hocking),COUSUB,2023,20,595000.0,172061.34636159198,77390,1550.0,7.688331825817289,612549.1627885606,79672.57093816253
M100000US390734205699999,Laurel Township (Hocking),COUSUB,2024,15,594000.0,102288.40646418628,82938,1487.0,7.161976416118064,594000.0,82938.0
M100000US390734774099999,Marion Township (Hocking),COUSUB,2012,35,135000.0,26575.305168389896,53699,1282.0,2.5140132963369894,184447.39409566455,73367.70826328215
M100000US390734774099999,Marion Township (Hocking),COUSUB,2013,46,145375.0,29513.867436125372,54079,1130.0,2.6881968971319736,195755.17531132355,72820.25193919908
M100000US390734774099999,Marion Township (Hocking),COUSUB,2014,33,120000.0,24487.21569301419,56371,981.0,2.1287541466356816,159006.99513381996,74694.86102240472
M100000US390734774099999,Marion Township (Hocking),COUSUB,2015,36,141250.0,20977.780205594896,58192,1604.0,2.4273095958207316,186942.587451533,77016.37556799724
M100000US390734774099999,Marion Township (Hocking),COUSUB,2016,39,154000.0,34433.841249439414,60294,1005.0,2.554151325173317,201277.90439445517,78804.22056856676
M100000US390734774099999,Marion Township (Hocking),COUSUB,2017,42,158750.0,26755.46935756985,63764,1469.0,2.4896493319114232,203158.16232865537,81601.11535574413
M100000US390734774099999,Marion Township (Hocking),COUSUB,2018,40,179500.0,26951.040254140356,64052,1189.0,2.802410541435084,224235.78593985832,80015.32345972037
M100000US390734774099999,Marion Township (Hocking),COUSUB,2019,50,210500.0,22899.49828171399,67207,1091.0,3.132114214293154,258281.73881411421,82462.42670061841
M100000US390734774099999,Marion Township (Hocking),COUSUB,2020,56,234750.0,26337.880605698967,66715,579.0,3.518698943266132,284526.13200366293,80861.17527848508
M100000US390734774099999,Marion Township (Hocking),COUSUB,2021,47,267700.0,41901.196459983905,71839,1250.0,3.7263881735547546,309903.4775067351,83164.57198582869
M100000US390734774099999,Marion Township (Hocking),COUSUB,2022,39,375000.0,50200.456516097314,75777,1639.0,4.948731145334336,401952.3842066598,81223.32218140816
M100000US390734774099999,Marion Township (Hocking),COUSUB,2023,35,330000.0,71621.28502584643,77390,1550.0,4.264116810957488,339733.1491096219,79672.57093816253
M100000US390734774099999,Marion Township (Hocking),COUSUB,2024,47,334000.0,49782.75764228727,82938,1487.0,4.027104584147194,334000.0,82938.0
M100000US390736186899999,Perry Township (Hocking),COUSUB,2015,11,131000.0,40511.41111615081,58192,1604.0,2.2511685455045365,173376.84216743946,77016.37556799724
M100000US390736186899999,Perry Township (Hocking),COUSUB,2016,12,214750.0,56616.559283894974,60294,1005.0,3.561714266759545,280678.1166799302,78804.22056856676
M100000US390736186899999,Perry Township (Hocking),COUSUB,2017,25,200000.0,39061.1873463556,63764,1469.0,3.1365660874474623,255947.29112271543,81601.11535574413
M100000US390736186899999,Perry Township (Hocking),COUSUB,2018,17,160000.0,74249.26670016184,64052,1189.0,2.497970399050771,199875.90947285423,80015.32345972037
M100000US390736186899999,Perry Township (Hocking),COUSUB,2019,26,172950.0,29704.308585756713,67207,1091.0,2.5733926525510737,212208.20298290288,82462.42670061841
M100000US390736186899999,Perry Township (Hocking),COUSUB,2020,22,237500.0,54788.64659057018,66715,579.0,3.559919058682455,287859.2389813416,80861.17527848508
M100000US390736186899999,Perry Township (Hocking),COUSUB,2021,12,331000.0,166153.83612736533,71839,1250.0,4.60752516042818,383182.85788094625,83164.57198582869
M100000US390736186899999,Perry Township (Hocking),COUSUB,2022,25,293500.0,53261.55003317445,75777,1639.0,3.8732069097483404,314594.73270574573,81223.32218140816
M100000US390736186899999,Perry Township (Hocking),COUSUB,2023,18,339250.0,132764.56743225685,77390,1550.0,4.383641297325235,349255.97222860367,79672.57093816253
M100000US390736186899999,Perry Township (Hocking),COUSUB,2024,22,297500.0,135647.0582771444,82938,1487.0,3.5870168077358993,297500.0,82938.0
M100000US390737014299999,Salt Creek Township (Hocking),COUSUB,2016,11,150500.0,63702.51723765874,60294,1005.0,2.4961024314193785,196703.40656730847,78804.22056856676
M100000US390737014299999,Salt Creek Township (Hocking),COUSUB,2020,11,235000.0,77487.95491994255,66715,579.0,3.5224462264857976,284829.1417289064,80861.17527848508
M100000US390737014299999,Salt Creek Township (Hocking),COUSUB,2024,12,335000.0,229155.8942874316,82938,1487.0,4.039161783500928,335000.0,82938.0
M100000US390737440599999,Starr Township (Hocking),COUSUB,2018,11,120000.0,85271.48583614102,64052,1189.0,1.8734777992880784,149906.93210464067,80015.32345972037
M100000US390737440599999,Starr Township (Hocking),COUSUB,2023,14,465950.0,202957.69961068503,77390,1550.0,6.020803721411035,479692.9115988737,79672.57093816253
M100000US390737440599999,Starr Township (Hocking),COUSUB,2024,13,425000.0,250859.35917691854,82938,1487.0,5.124309725336999,425000.0,82938.0
M100000US390738135499999,Washington Township (Hocking),COUSUB,2019,14,165750.0,44070.346401627576,67207,1091.0,2.466260954960049,203373.86322299016,82462.42670061841
M100000US390738135499999,Washington Township (Hocking),COUSUB,2020,13,241400.0,65568.5979475509,66715,579.0,3.6183766769092407,292586.1906951405,80861.17527848508
M100000US390738135499999,Washington Township (Hocking),COUSUB,2021,12,387000.0,62960.31093757488,71839,1250.0,5.387046033491558,448011.37764328154,83164.57198582869
M100000US390738135499999,Washington Township (Hocking),COUSUB,2022,18,525000.0,99513.20327081165,75777,1639.0,6.928223603468071,562733.3378893237,81223.32218140816
M100000US390738135499999,Washington Township (Hocking),COUSUB,2023,16,487500.5,140101.67955894844,77390,1550.0,6.2992699315157,501879.03047731885,79672.57093816253
M100000US390738135499999,Washington Township (Hocking),COUSUB,2024,17,500000.0,111301.89564740146,82938,1487.0,6.028599676867057,500000.0,82938.0
M100000US390830584499999,Berlin Township (Knox),COUSUB,2013,12,86000.0,36619.1822097739,54079,1130.0,1.5902660921984504,115803.57748425676,72820.25193919908
M100000US390830584499999,Berlin Township (Knox),COUSUB,2018,11,157000.0,23607.48284990486,64052,1189.0,2.4511334540685694,196128.2361702382,80015.32345972037
M100000US390830584499999,Berlin Township (Knox),COUSUB,2019,19,209900.0,44744.27082800933,67207,1091.0,3.1231865728272354,257545.5438341215,82462.42670061841
M100000US390830584499999,Berlin Township (Knox),COUSUB,2020,18,160000.0,43750.07889347239,66715,579.0,2.398261260586075,193926.2241558512,80861.17527848508
M100000US390830584499999,Berlin Township (Knox),COUSUB,2021,13,315000.0,119447.80823004499,71839,1250.0,4.3848049109815,364660.42366313614,83164.57198582869
M100000US390830584499999,Berlin Township (Knox),COUSUB,2022,11,275000.0,43335.96107695338,75777,1639.0,3.6290695065785132,294765.0817515505,81223.32218140816
M100000US390830584499999,Berlin Township (Knox),COUSUB,2024,13,260000.0,54644.741872765604,82938,1487.0,3.13487183197087,260000.0,82938.0
M100000US390830947099999,Brown Township (Knox),COUSUB,2014,12,125000.0,22990.230770362465,56371,981.0,2.217452236078835,165632.28659772914,74694.86102240472
M100000US390830947099999,Brown Township (Knox),COUSUB,2016,15,179500.0,55712.216565438546,60294,1005.0,2.977078979666302,234606.3885636669,78804.22056856676
M100000US390830947099999,Brown Township (Knox),COUSUB,2017,12,220450.0,46250.10186157174,63764,1469.0,3.4572799698889654,282117.9016400131,81601.11535574413
M100000US390830947099999,Brown Township (Knox),COUSUB,2018,17,192900.0,29189.423993299657,64052,1189.0,3.011615562355586,240975.39335820987,80015.32345972037
M100000US390830947099999,Brown Township (Knox),COUSUB,2021,16,225450.0,55203.91458304668,71839,1250.0,3.1382675148596166,260992.6746503303,83164.57198582869
M100000US390830947099999,Brown Township (Knox),COUSUB,2022,12,272450.0,26442.641073902545,75777,1639.0,3.59541813479024,292031.80553894525,81223.32218140816
M100000US390830947099999,Brown Township (Knox),COUSUB,2023,13,263900.0,71964.2985542961,77390,1550.0,3.4100012921566094,271683.56984857336,79672.57093816253
M100000US390830947099999,Brown Township (Knox),COUSUB,2024,16,369950.0,46940.778859593636,82938,1487.0,4.4605609009139355,369950.0,82938.0
M100000US390831550499999,Clay Township (Knox),COUSUB,2015,14,135750.0,39922.48126525711,58192,1604.0,2.3327948858949683,179663.40705519012,77016.37556799724
M100000US390831614099999,Clinton Township (Knox),COUSUB,2014,12,112000.0,36941.93622586632,56371,981.0,1.986837203526636,148406.5287915653,74694.86102240472
M100000US390831614099999,Clinton Township (Knox),COUSUB,2016,15,122000.0,46005.56055956826,60294,1005.0,2.0234185822801605,159453.9242605424,78804.22056856676
M100000US390831614099999,Clinton Township (Knox),COUSUB,2017,16,124500.0,27167.33178932432,63764,1469.0,1.9525123894360454,159327.18872389034,81601.11535574413
M100000US390831614099999,Clinton Township (Knox),COUSUB,2018,28,159500.0,27051.70896518539,64052,1189.0,2.4901642415537375,199251.29725575156,80015.32345972037
M100000US390831614099999,Clinton Township (Knox),COUSUB,2019,28,107750.0,27346.043414703054,67207,1091.0,1.6032556132545717,132208.34849036013,82462.42670061841
M100000US390831614099999,Clinton Township (Knox),COUSUB,2020,21,202000.0,36458.10436970692,66715,579.0,3.0278048414899197,244831.85799676212,80861.17527848508
M100000US390831614099999,Clinton Township (Knox),COUSUB,2021,26,145000.0,35070.81232173946,71839,1250.0,2.018402260610532,167859.56009890395,83164.57198582869
M100000US390831614099999,Clinton Township (Knox),COUSUB,2022,35,156000.0,30322.676961764908,75777,1639.0,2.058672156459084,167212.19182997048,81223.32218140816
M100000US390831614099999,Clinton Township (Knox),COUSUB,2023,33,172000.0,42122.99064938615,77390,1550.0,2.222509368135418,177073.03529349988,79672.57093816253
M100000US390831614099999,Clinton Township (Knox),COUSUB,2024,26,260500.0,41951.033804721825,82938,1487.0,3.140900431647737,260500.0,82938.0
M100000US390833546299999,Hilliar Township (Knox),COUSUB,2012,16,198750.0,32642.04444388701,53699,1282.0,3.7011862418294568,271547.55241861724,73367.70826328215
M100000US390833546299999,Hilliar Township (Knox),COUSUB,2013,30,154350.0,29813.53487247629,54079,1130.0,2.8541578061724513,207840.49051970965,72820.25193919908
M100000US390833546299999,Hilliar Township (Knox),COUSUB,2014,21,195000.0,43116.61783509221,56371,981.0,3.4592254882829825,258386.36709245745,74694.86102240472
M100000US390833546299999,Hilliar Township (Knox),COUSUB,2015,23,192000.0,21827.50514327462,58192,1604.0,3.2994226010448173,254109.57019960595,77016.37556799724
M100000US390833546299999,Hilliar Township (Knox),COUSUB,2016,29,197750.0,26236.776901283854,60294,1005.0,3.2797624970975554,258459.127233789,78804.22056856676
M100000US390833546299999,Hilliar Township (Knox),COUSUB,2017,31,217500.0,24966.135174786174,63764,1469.0,3.4110156200991155,278342.679095953,81601.11535574413
M100000US390833546299999,Hilliar Township (Knox),COUSUB,2018,17,227500.0,37071.700494908444,64052,1189.0,3.551801661150315,284198.5587817146,80015.32345972037
M100000US390833546299999,Hilliar Township (Knox),COUSUB,2019,24,263000.0,33273.216465054524,67207,1091.0,3.913282842561043,322698.79956347763,82462.42670061841
M100000US390833546299999,Hilliar Township (Knox),COUSUB,2020,17,305000.0,50870.434178906835,66715,579.0,4.571685527992206,369671.86479709134,80861.17527848508
M100000US390833546299999,Hilliar Township (Knox),COUSUB,2021,21,320000.0,62847.71164078012,71839,1250.0,4.454404988933588,370448.6843562018,83164.57198582869
M100000US390833546299999,Hilliar Township (Knox),COUSUB,2022,21,390000.0,66596.77861486474,75777,1639.0,5.14668039114771,418030.4795749262,81223.32218140816
M100000US390833546299999,Hilliar Township (Knox),COUSUB,2023,21,360000.0,70969.03684695845,77390,1550.0,4.6517637937718055,370617.9808468602,79672.57093816253
M100000US390833546299999,Hilliar Township (Knox),COUSUB,2024,18,385000.0,54576.480518047974,82938,1487.0,4.6420217511876345,385000.0,82938.0
M100000US390833652699999,Howard Township (Knox),COUSUB,2012,64,120250.0,27107.30467137322,53699,1282.0,2.2393340658112812,164294.80844447156,73367.70826328215
M100000US390833652699999,Howard Township (Knox),COUSUB,2013,58,138000.0,30806.085044041643,54079,1130.0,2.5518223339928623,185824.34526543526,72820.25193919908
M100000US390833652699999,Howard Township (Knox),COUSUB,2014,83,149900.0,27447.750883073026,56371,981.0,2.659168721505739,198626.23808799678,74694.86102240472
M100000US390833652699999,Howard Township (Knox),COUSUB,2015,84,147910.0,29030.85791199008,58192,1604.0,2.5417583172944735,195757.01316783184,77016.37556799724
M100000US390833652699999,Howard Township (Knox),COUSUB,2016,110,149950.0,22552.628886465664,60294,1005.0,2.4869804624009024,195984.55690875684,78804.22056856676
M100000US390833652699999,Howard Township (Knox),COUSUB,2017,147,165000.0,21661.56673481825,63764,1469.0,2.5876670221441564,211156.5151762402,81601.11535574413
M100000US390833652699999,Howard Township (Knox),COUSUB,2018,154,169500.0,21468.824517502555,64052,1189.0,2.6462873914944107,211743.54159780496,80015.32345972037
M100000US390833652699999,Howard Township (Knox),COUSUB,2019,146,189450.0,27591.713462660256,67207,1091.0,2.8189027928638386,232453.56493270278,82462.42670061841
M100000US390833652699999,Howard Township (Knox),COUSUB,2020,129,215000.0,33046.876083289426,66715,579.0,3.2226635689125382,260588.36370942503,80861.17527848508
M100000US390833652699999,Howard Township (Knox),COUSUB,2021,138,234950.0,27247.184985103246,71839,1250.0,3.2705076629685825,271990.36996715504,83164.57198582869
M100000US390833652699999,Howard Township (Knox),COUSUB,2022,137,260000.0,32103.876827821827,75777,1639.0,3.4311202607651397,278686.98638328415,81223.32218140816
M100000US390833652699999,Howard Township (Knox),COUSUB,2023,119,285000.0,43288.09604338336,77390,1550.0,3.6826463367360125,293405.9015037643,79672.57093816253
M100000US390833652699999,Howard Township (Knox),COUSUB,2024,142,342899.5,40466.76274499694,82938,1487.0,4.134407629795751,342899.5,82938.0
M100000US390834321899999,Liberty Township (Knox),COUSUB,2014,16,117450.0,47715.30791185806,56371,981.0,2.083518121019673,155628.09648722628,74694.86102240472
M100000US390834321899999,Liberty Township (Knox),COUSUB,2015,20,169500.0,29362.354475236563,58192,1604.0,2.9127715149848776,224331.1049418396,77016.37556799724
M100000US390834321899999,Liberty Township (Knox),COUSUB,2016,12,241000.0,47979.50660062522,60294,1005.0,3.9970809699140877,314986.8503835305,78804.22056856676
M100000US390834321899999,Liberty Township (Knox),COUSUB,2017,14,253600.0,65304.17836308023,63764,1469.0,3.9771657988833824,324541.16514360317,81601.11535574413
M100000US390834321899999,Liberty Township (Knox),COUSUB,2018,27,207500.0,37559.89451922022,64052,1189.0,3.239555361268969,259214.07009760782,80015.32345972037
M100000US390834321899999,Liberty Township (Knox),COUSUB,2019,19,289000.0,57901.0363275817,67207,1091.0,4.300147306084187,354600.58202982903,82462.42670061841
M100000US390834321899999,Liberty Township (Knox),COUSUB,2020,23,289900.0,58871.95820727199,66715,579.0,4.345349621524395,351370.0773923829,80861.17527848508
M100000US390834321899999,Liberty Township (Knox),COUSUB,2021,20,307000.0,81783.526339092,71839,1250.0,4.27344478625816,355399.2065542311,83164.57198582869
M100000US390834321899999,Liberty Township (Knox),COUSUB,2022,13,329900.0,87180.85457351859,75777,1639.0,4.35356374625546,353610.91079940554,81223.32218140816
M100000US390834965899999,Middlebury Township (Knox),COUSUB,2021,11,194000.0,70475.67043245619,71839,1250.0,2.7004830245409877,224584.51489094735,83164.57198582869
M100000US390835020499999,Milford Township (Knox),COUSUB,2012,16,145000.0,31098.758254117773,53699,1282.0,2.7002365034730627,198110.16402867675,73367.70826328215
M100000US390835020499999,Milford Township (Knox),COUSUB,2013,13,175000.0,58941.89714193869,54079,1130.0,3.236006582961963,235646.8146481969,72820.25193919908
M100000US390835020499999,Milford Township (Knox),COUSUB,2014,16,143500.0,32048.82071655626,56371,981.0,2.5456351670185025,190145.86501419306,74694.86102240472
M100000US390835020499999,Milford Township (Knox),COUSUB,2015,14,182450.0,39682.6246054306,58192,1604.0,3.1353106956282653,241470.26605686513,77016.37556799724
M100000US390835020499999,Milford Township (Knox),COUSUB,2016,18,181450.0,59326.35742564469,60294,1005.0,3.0094205061863537,237155.0373530772,78804.22056856676
M100000US390835020499999,Milford Township (Knox),COUSUB,2017,24,168950.0,43230.99561634798,63764,1469.0,2.649614202371244,216211.47417591384,81601.11535574413
M100000US390835020499999,Milford Township (Knox),COUSUB,2018,21,200000.0,35244.27746917435,64052,1189.0,3.122462998813464,249844.88684106778,80015.32345972037
M100000US390835020499999,Milford Township (Knox),COUSUB,2019,20,220000.0,33357.648489160536,67207,1091.0,3.273468537503534,269938.15933066566,82462.42670061841
M100000US390835020499999,Milford Township (Knox),COUSUB,2020,20,240000.0,36248.889633490006,66715,579.0,3.5973918908791127,290889.3362337768,80861.17527848508
M100000US390835020499999,Milford Township (Knox),COUSUB,2021,11,280000.0,89815.0810348466,71839,1250.0,3.897604365316889,324142.5988116766,83164.57198582869
M100000US390835020499999,Milford Township (Knox),COUSUB,2023,17,415000.0,62513.04765996507,77390,1550.0,5.362449928931387,427240.1723651305,79672.57093816253
M100000US390835020499999,Milford Township (Knox),COUSUB,2024,18,405000.0,53395.5768859151,82938,1487.0,4.883165738262316,405000.0,82938.0
M100000US390835033099999,Miller Township (Knox),COUSUB,2020,13,305000.0,38089.36837140712,66715,579.0,4.571685527992206,369671.86479709134,80861.17527848508
M100000US390835143699999,Monroe Township (Knox),COUSUB,2013,11,91000.0,48366.93927577302,54079,1130.0,1.6827234231402208,122536.34361706238,72820.25193919908
M100000US390835143699999,Monroe Township (Knox),COUSUB,2014,16,132450.0,35698.2593257002,56371,981.0,2.3496123893491334,175503.97087895378,74694.86102240472
M100000US390835143699999,Monroe Township (Knox),COUSUB,2015,14,179000.0,66020.76656943855,58192,1604.0,3.076024195765741,236904.23471734097,77016.37556799724
M100000US390835143699999,Monroe Township (Knox),COUSUB,2016,21,185000.0,52622.581430228005,60294,1005.0,3.068298669851063,241794.88514918316,78804.22056856676
M100000US390835143699999,Monroe Township (Knox),COUSUB,2017,15,165000.0,34373.683050148094,63764,1469.0,2.5876670221441564,211156.5151762402,81601.11535574413
M100000US390835143699999,Monroe Township (Knox),COUSUB,2018,19,165000.0,44825.82782173144,64052,1189.0,2.5760319740211077,206122.0316438809,80015.32345972037
M100000US390835143699999,Monroe Township (Knox),COUSUB,2019,29,228000.0,29898.246459035094,67207,1091.0,3.3925037570491168,279754.09239723533,82462.42670061841
M100000US390835143699999,Monroe Township (Knox),COUSUB,2020,28,234500.0,38590.5143584727,66715,579.0,3.5149516600464663,284223.1222784194,80861.17527848508
M100000US390835143699999,Monroe Township (Knox),COUSUB,2021,35,260000.0,24915.594339786177,71839,1250.0,3.61920405350854,300989.55603941396,83164.57198582869
M100000US390835143699999,Monroe Township (Knox),COUSUB,2022,31,330000.0,36395.810693599844,75777,1639.0,4.354883407894216,353718.0981018606,81223.32218140816
M100000US390835143699999,Monroe Township (Knox),COUSUB,2023,24,282250.0,41750.50812727481,77390,1550.0,3.6471120299780333,290574.7919278508,79672.57093816253
M100000US390835143699999,Monroe Township (Knox),COUSUB,2024,20,354200.0,66322.01342461909,82938,1487.0,4.270660011092623,354200.0,82938.0
M100000US390835229099999,Morris Township (Knox),COUSUB,2014,15,177500.0,39803.35435944257,56371,981.0,3.1487821752319456,235197.84696877538,74694.86102240472
M100000US390835229099999,Morris Township (Knox),COUSUB,2015,12,135450.0,20631.122127865263,58192,1604.0,2.327639538080836,179266.36085175324,77016.37556799724
M100000US390835229099999,Morris Township (Knox),COUSUB,2016,14,153500.0,45293.65986604893,60294,1005.0,2.5458586260656118,200624.40470486277,78804.22056856676
M100000US390835229099999,Morris Township (Knox),COUSUB,2017,16,144750.0,23365.679238064724,63764,1469.0,2.270089705790101,185241.8519500653,81601.11535574413
M100000US390835229099999,Morris Township (Knox),COUSUB,2018,18,239750.0,31629.904664990652,64052,1189.0,3.74305251982764,299501.55810073,80015.32345972037
M100000US390835229099999,Morris Township (Knox),COUSUB,2019,15,205000.0,31500.293660132367,67207,1091.0,3.050277500855566,251533.28483084758,82462.42670061841
M100000US390835229099999,Morris Township (Knox),COUSUB,2020,22,193200.0,34716.727914901494,66715,579.0,2.8959004721576855,234165.9156681903,80861.17527848508
M100000US390835229099999,Morris Township (Knox),COUSUB,2021,20,270500.0,117985.94869513495,71839,1250.0,3.765364217207923,313144.90349485184,83164.57198582869
M100000US390835229099999,Morris Township (Knox),COUSUB,2022,14,270000.0,40456.04586831217,75777,1639.0,3.5630864246407223,289405.7166287951,81223.32218140816
M100000US390835229099999,Morris Township (Knox),COUSUB,2023,21,315000.0,37348.85030601292,77390,1550.0,4.07029331955033,324290.7332410027,79672.57093816253
M100000US390835229099999,Morris Township (Knox),COUSUB,2024,14,314950.0,73223.10961595793,82938,1487.0,3.7974149364585594,314950.0,82938.0
M100000US390836265299999,Pike Township (Knox),COUSUB,2021,11,209800.0,96326.27989214491,71839,1250.0,2.9204192708695835,242875.41868103482,83164.57198582869
M100000US390836331099999,Pleasant Township (Knox),COUSUB,2013,12,186750.0,59159.744694956804,54079,1130.0,3.4532813106751234,251468.8150602901,72820.25193919908
M100000US390836331099999,Pleasant Township (Knox),COUSUB,2015,14,189500.0,37667.30542897205,58192,1604.0,3.2564613692603794,250800.8518376319,77016.37556799724
M100000US390836331099999,Pleasant Township (Knox),COUSUB,2016,13,177000.0,38451.09225292426,60294,1005.0,2.9356154841277737,231338.89011570497,78804.22056856676
M100000US390836331099999,Pleasant Township (Knox),COUSUB,2017,17,186950.0,54312.47843169255,63764,1469.0,2.9319051502415157,239246.73037695824,81601.11535574413
M100000US390836331099999,Pleasant Township (Knox),COUSUB,2018,14,189450.0,44798.971368682345,64052,1189.0,2.9577530756260537,236665.56906020147,80015.32345972037
M100000US390836331099999,Pleasant Township (Knox),COUSUB,2019,21,250000.0,38740.0006459251,67207,1091.0,3.71985061079947,306747.9083303019,82462.42670061841
M100000US390836331099999,Pleasant Township (Knox),COUSUB,2020,21,265000.0,37004.7746709338,66715,579.0,3.9721202128456867,321190.30875812855,80861.17527848508
M100000US390836331099999,Pleasant Township (Knox),COUSUB,2021,17,300000.0,106720.76304442223,71839,1250.0,4.176004677125238,347295.6415839392,83164.57198582869
M100000US390836331099999,Pleasant Township (Knox),COUSUB,2022,18,356500.0,225418.53513231204,75777,1639.0,4.704593742164509,382122.73325246456,81223.32218140816
M100000US390836331099999,Pleasant Township (Knox),COUSUB,2023,16,379838.5,56096.38817799007,77390,1550.0,4.908108282723866,391041.6053275003,79672.57093816253
M100000US390836331099999,Pleasant Township (Knox),COUSUB,2024,14,486855.0,105702.13539017033,82938,1487.0,5.870107791362223,486855.0,82938.0
M100000US3908392,Bremen,PLACE,2013,12,78000.0,19701.78463373388,54079,1130.0,1.4423343626916179,105031.15167176776,72820.25193919908
M100000US3908392,Bremen,PLACE,2014,16,75000.0,32750.95694447543,56371,981.0,1.3304713416473009,99379.37195863748,74694.86102240472
M100000US3908392,Bremen,PLACE,2016,24,85800.0,17875.162831470145,60294,1005.0,1.423027166882277,112140.5467340536,78804.22056856676
M100000US3908392,Bremen,PLACE,2017,19,95000.0,12583.736676272993,63764,1469.0,1.4898688915375446,121574.96328328982,81601.11535574413
M100000US3908392,Bremen,PLACE,2018,20,125450.0,20755.722438333934,64052,1189.0,1.9585649160057452,156715.20527105976,80015.32345972037
M100000US3908392,Bremen,PLACE,2019,26,117500.0,23050.12881549681,67207,1091.0,1.748329787075751,144171.5169152419,82462.42670061841
M100000US3908392,Bremen,PLACE,2020,26,142500.0,23879.86788619852,66715,579.0,2.1359514352094733,172715.54338880497,80861.17527848508
M100000US3908392,Bremen,PLACE,2021,26,161000.0,38884.14465575289,71839,1250.0,2.2411225100572114,186381.99431671403,83164.57198582869
M100000US3908392,Bremen,PLACE,2022,20,168950.0,35310.575339842515,75777,1639.0,2.229568338677963,181092.94749790712,81223.32218140816
M100000US3908392,Bremen,PLACE,2023,17,179000.0,27090.128894669866,77390,1550.0,2.312960330792092,184279.49603218882,79672.57093816253
M100000US3908392,Bremen,PLACE,2024,23,220000.0,21462.03196208286,82938,1487.0,2.6525838578215053,220000.0,82938.0
M100000US390890549499999,Bennington Township (Licking),COUSUB,2012,18,178000.0,35754.06953505529,53699,1282.0,3.314773087022105,243197.30480761695,73367.70826328215
M100000US390890549499999,Bennington Township (Licking),COUSUB,2013,22,186250.0,36736.53060810612,54079,1130.0,3.4440355775809466,250795.53844700955,72820.25193919908
M100000US390890549499999,Bennington Township (Licking),COUSUB,2014,18,99450.0,37177.702544961,56371,981.0,1.764204999024321,131777.0472171533,74694.86102240472
M100000US390890549499999,Bennington Township (Licking),COUSUB,2015,18,198450.0,46769.131698704834,58192,1604.0,3.4102625790486667,262646.063573499,77016.37556799724
M100000US390890549499999,Bennington Township (Licking),COUSUB,2016,18,194400.0,32859.070702393,60294,1005.0,3.224201413075928,254080.67931352003,78804.22056856676
M100000US390890549499999,Bennington Township (Licking),COUSUB,2017,19,244900.0,43865.377739264266,63764,1469.0,3.840725174079418,313407.457979765,81601.11535574413
M100000US390890549499999,Bennington Township (Licking),COUSUB,2018,14,265500.0,32826.48716060016,64052,1189.0,4.145069630924874,331669.08728151745,80015.32345972037
M100000US390890549499999,Bennington Township (Licking),COUSUB,2019,19,308000.0,40363.44992575064,67207,1091.0,4.582855952504947,377913.423062932,82462.42670061841
M100000US390890549499999,Bennington Township (Licking),COUSUB,2020,21,290000.0,43018.68771177858,66715,579.0,4.346848534812261,351491.2812824803,80861.17527848508
M100000US390890549499999,Bennington Township (Licking),COUSUB,2021,25,365000.0,48037.13411630643,71839,1250.0,5.080805690502373,422543.0305937927,83164.57198582869
M100000US390890549499999,Bennington Township (Licking),COUSUB,2022,22,415000.0,56350.88997831852,75777,1639.0,5.476595800836665,444827.3051887035,81223.32218140816
M100000US390890549499999,Bennington Township (Licking),COUSUB,2023,13,305000.0,60759.00789645379,77390,1550.0,3.941077658612224,313995.7893285899,79672.57093816253
M100000US390890794499999,Bowling Green Township (Licking),COUSUB,2013,16,135250.0,30647.474067848172,54079,1130.0,2.5009708019748884,182121.32389239216,72820.25193919908
M100000US390890794499999,Bowling Green Township (Licking),COUSUB,2014,15,158000.0,31946.59162844742,56371,981.0,2.8028596264036474,209359.21025952962,74694.86102240472
M100000US390890794499999,Bowling Green Township (Licking),COUSUB,2015,22,151450.0,22940.2068668582,58192,1604.0,2.6025914215012373,200442.15836838708,77016.37556799724
M100000US390890794499999,Bowling Green Township (Licking),COUSUB,2016,22,169750.0,39498.45078099592,60294,1005.0,2.815371347066043,221863.14461661535,78804.22056856676
M100000US390890794499999,Bowling Green Township (Licking),COUSUB,2017,16,183450.0,30990.348825046487,63764,1469.0,2.877015243711185,234767.6527823107,81601.11535574413
M100000US390890794499999,Bowling Green Township (Licking),COUSUB,2018,22,244950.0,41716.703091389965,64052,1189.0,3.82423655779679,305997.52515859774,80015.32345972037
M100000US390890794499999,Bowling Green Township (Licking),COUSUB,2019,15,235000.0,61830.651603893035,67207,1091.0,3.496659574151502,288343.0338304838,82462.42670061841
M100000US390890794499999,Bowling Green Township (Licking),COUSUB,2020,18,260000.0,52701.712421136865,66715,579.0,3.897174548452372,315130.1142532582,80861.17527848508
M100000US390890794499999,Bowling Green Township (Licking),COUSUB,2021,20,284950.0,35921.52434078664,71839,1250.0,3.9665084424894554,329872.9768978116,83164.57198582869
M100000US390890794499999,Bowling Green Township (Licking),COUSUB,2022,26,344500.0,150704.4174640125,75777,1639.0,4.546234345513811,369260.25695785147,81223.32218140816
M100000US390890794499999,Bowling Green Township (Licking),COUSUB,2023,13,360000.0,85916.50298082097,77390,1550.0,4.6517637937718055,370617.9808468602,79672.57093816253
M100000US390890794499999,Bowling Green Township (Licking),COUSUB,2024,16,323500.0,57426.13642426518,82938,1487.0,3.900503990932986,323500.0,82938.0
M100000US390891036699999,Burlington Township (Licking),COUSUB,2014,14,142200.0,44231.76776548049,56371,981.0,2.5225736637632825,188423.28923357665,74694.86102240472
M100000US390891036699999,Burlington Township (Licking),COUSUB,2016,13,144000.0,66656.05726193011,60294,1005.0,2.388297343019206,188207.91060260744,78804.22056856676
M100000US390891036699999,Burlington Township (Licking),COUSUB,2017,15,197000.0,64649.51777793207,63764,1469.0,3.0895175961357504,252108.08175587468,81601.11535574413
M100000US390891036699999,Burlington Township (Licking),COUSUB,2018,15,230000.0,37726.74897263147,64052,1189.0,3.5908324486354837,287321.619867228,80015.32345972037
M100000US390891036699999,Burlington Township (Licking),COUSUB,2019,11,185000.0,60821.69034032237,67207,1091.0,2.752689451991608,226993.45216442342,82462.42670061841
M100000US390891036699999,Burlington Township (Licking),COUSUB,2021,14,257388.5,62964.312876938886,71839,1250.0,3.582851932794165,297966.3474794258,83164.57198582869
M100000US390891036699999,Burlington Township (Licking),COUSUB,2023,11,339000.0,95903.02208086576,77390,1550.0,4.380410905801783,348998.5986307934,79672.57093816253
M100000US390892433299999,Eden Township (Licking),COUSUB,2014,12,96764.5,44849.06239354609,56371,981.0,1.7165652551844033,128218.60317188769,74694.86102240472
M100000US390892433299999,Eden Township (Licking),COUSUB,2016,11,134000.0,50519.31152202489,60294,1005.0,2.2224433608650944,175137.9168107597,78804.22056856676
M100000US390892433299999,Eden Township (Licking),COUSUB,2017,11,150000.0,24317.10842445975,63764,1469.0,2.352424565585597,191960.46834203656,81601.11535574413
M100000US390892569099999,Etna Township (Licking),COUSUB,2012,97,134000.0,10506.788509943968,53699,1282.0,2.495390975623382,183081.11710236332,73367.70826328215
M100000US390892569099999,Etna Township (Licking),COUSUB,2013,122,138950.0,8669.890342133964,54079,1130.0,2.569389226871799,187103.57083066832,72820.25193919908
M100000US390892569099999,Etna Township (Licking),COUSUB,2014,118,154450.0,8233.70691513774,56371,981.0,2.7398839828990083,204655.25332015412,74694.86102240472
M100000US390892569099999,Etna Township (Licking),COUSUB,2015,149,169900.0,8414.576885296874,58192,1604.0,2.919645312070388,224860.49987975546,77016.37556799724
M100000US390892569099999,Etna Township (Licking),COUSUB,2016,166,187700.0,7372.206227906245,60294,1005.0,3.113079245032673,245323.78347298206,78804.22056856676
M100000US390892569099999,Etna Township (Licking),COUSUB,2017,157,202400.0,6829.255912533404,63764,1469.0,3.174204880496832,259018.658616188,81601.11535574413
M100000US390892569099999,Etna Township (Licking),COUSUB,2018,180,219725.0,9365.756571092776,64052,1189.0,3.430415912071442,274485.8388057681,80015.32345972037
M100000US390892569099999,Etna Township (Licking),COUSUB,2019,197,234000.0,7815.695014468198,67207,1091.0,3.481780171708304,287116.0421971626,82462.42670061841
M100000US390892569099999,Etna Township (Licking),COUSUB,2020,174,267950.0,10033.091061132796,66715,579.0,4.016338154837743,324765.82351600204,80861.17527848508
M100000US390892569099999,Etna Township (Licking),COUSUB,2021,208,317500.0,10676.8904480812,71839,1250.0,4.419604949957544,367554.554009669,83164.57198582869
M100000US390892569099999,Etna Township (Licking),COUSUB,2022,153,355000.0,16618.92893185208,75777,1639.0,4.684798817583172,380514.92371563794,81223.32218140816
M100000US390892569099999,Etna Township (Licking),COUSUB,2023,102,334500.0,19072.84077728967,77390,1550.0,4.322263858379635,344365.87387020764,79672.57093816253
M100000US390892569099999,Etna Township (Licking),COUSUB,2024,107,360000.0,17840.189812195655,82938,1487.0,4.340591767344281,360000.0,82938.0
M100000US390892653099999,Fallsbury Township (Licking),COUSUB,2020,12,291250.0,97578.06644460239,66715,579.0,4.3655849509105895,353006.32990869787,80861.17527848508
M100000US390892653099999,Fallsbury Township (Licking),COUSUB,2021,11,280000.0,115300.62613033917,71839,1250.0,3.897604365316889,324142.5988116766,83164.57198582869
M100000US390892653099999,Fallsbury Township (Licking),COUSUB,2022,11,249900.0,67135.35275602437,75777,1639.0,3.2978344352508016,267861.0688353181,81223.32218140816
M100000US390892833699999,Franklin Township (Licking),COUSUB,2013,23,159777.0,36404.03119562413,54079,1130.0,2.954510993176649,215148.23488025687,72820.25193919908
M100000US390892833699999,Franklin Township (Licking),COUSUB,2014,24,225000.0,79432.74233714512,56371,981.0,3.9914140249419026,298138.1158759124,74694.86102240472
M100000US390892833699999,Franklin Township (Licking),COUSUB,2015,23,225500.0,23627.44596975451,58192,1604.0,3.8751031069562827,298446.396250058,77016.37556799724
M100000US390892833699999,Franklin Township (Licking),COUSUB,2016,28,156787.0,23115.619737062287,60294,1005.0,2.6003748299996685,204920.51166424312,78804.22056856676
M100000US390892833699999,Franklin Township (Licking),COUSUB,2017,23,194900.0,52613.48410338175,63764,1469.0,3.0565836522175522,249420.63519908616,81601.11535574413
M100000US390892833699999,Franklin Township (Licking),COUSUB,2018,23,174500.0,33132.11464061811,64052,1189.0,2.7243489664647473,217989.66376883164,80015.32345972037
M100000US390892833699999,Franklin Township (Licking),COUSUB,2019,15,298000.0,84428.55789080175,67207,1091.0,4.4340619280729685,365643.50672971987,82462.42670061841
M100000US390892833699999,Franklin Township (Licking),COUSUB,2020,21,224900.0,83121.46771153607,66715,579.0,3.371055984411302,272587.5488290683,80861.17527848508
M100000US390892833699999,Franklin Township (Licking),COUSUB,2021,18,352000.0,65319.20264435764,71839,1250.0,4.899845487826946,407493.552791822,83164.57198582869
M100000US390892833699999,Franklin Township (Licking),COUSUB,2022,32,262500.0,38189.18576855759,75777,1639.0,3.4641118017340355,281366.66894466185,81223.32218140816
M100000US390892833699999,Franklin Township (Licking),COUSUB,2023,21,336000.0,76319.58310099067,77390,1550.0,4.341646207520352,345910.11545706954,79672.57093816253
M100000US390892833699999,Franklin Township (Licking),COUSUB,2024,16,417500.0,78830.5521817499,82938,1487.0,5.033880730183993,417500.0,82938.0
M100000US390893141699999,Granville Township (Licking),COUSUB,2012,38,229500.0,33660.34738576438,53699,1282.0,4.273822603772882,313560.56996262976,73367.70826328215
M100000US390893141699999,Granville Township (Licking),COUSUB,2013,58,227950.0,37246.60296371414,54079,1130.0,4.215129717635311,306946.8079946085,72820.25193919908
M100000US390893141699999,Granville Township (Licking),COUSUB,2014,67,245000.0,33995.80770016814,56371,981.0,4.3462063827145165,324639.2817315491,74694.86102240472
M100000US390893141699999,Granville Township (Licking),COUSUB,2015,79,252000.0,31620.382188360563,58192,1604.0,4.330492163871322,333518.81088698277,77016.37556799724
M100000US390893141699999,Granville Township (Licking),COUSUB,2016,64,274500.0,31426.9481660697,60294,1005.0,4.552691810130361,358771.32958622044,78804.22056856676
M100000US390893141699999,Granville Township (Licking),COUSUB,2017,63,319000.0,38824.74326525342,63764,1469.0,5.002822909478703,408235.92934073106,81601.11535574413
M100000US390893141699999,Granville Township (Licking),COUSUB,2018,77,340000.0,42072.111383182564,64052,1189.0,5.308187097982889,424736.30762981524,80015.32345972037
M100000US390893141699999,Granville Township (Licking),COUSUB,2019,64,319000.0,42147.581658395386,67207,1091.0,4.746529379380124,391410.33102946525,82462.42670061841
M100000US390893141699999,Granville Township (Licking),COUSUB,2020,85,375800.0,53309.06279016454,66715,579.0,5.632916135801544,455484.21898605546,80861.17527848508
M100000US390893141699999,Granville Township (Licking),COUSUB,2021,65,380000.0,55839.38270271989,71839,1250.0,5.289605924358635,439907.8126729897,83164.57198582869
M100000US390893141699999,Granville Township (Licking),COUSUB,2022,47,495000.0,100615.03930169626,75777,1639.0,6.532325111841324,530577.1471527909,81223.32218140816
M100000US390893141699999,Granville Township (Licking),COUSUB,2023,53,490000.0,47375.88799071306,77390,1550.0,6.331567385967179,504452.2517082264,79672.57093816253
M100000US390893141699999,Granville Township (Licking),COUSUB,2024,49,580000.0,82647.15201894939,82938,1487.0,6.993175625165787,580000.0,82938.0
M100000US390893329999999,Hanover Township (Licking),COUSUB,2012,12,166000.0,61057.33272489974,53699,1282.0,3.091305238458817,226801.98088800232,73367.70826328215
M100000US390893329999999,Hanover Township (Licking),COUSUB,2013,19,105000.0,17658.468120735335,54079,1130.0,1.9416039497771778,141388.08878891813,72820.25193919908
M100000US390893329999999,Hanover Township (Licking),COUSUB,2014,14,138500.0,131839.11120672748,56371,981.0,2.456937077575349,183520.57355028388,74694.86102240472
M100000US390893329999999,Hanover Township (Licking),COUSUB,2015,14,117750.0,43122.90922950007,58192,1604.0,2.023474017047017,155840.6348489771,77016.37556799724
M100000US390893329999999,Hanover Township (Licking),COUSUB,2017,22,161000.0,55493.373999414056,63764,1469.0,2.5249357003952073,206037.56935378592,81601.11535574413
M100000US390893329999999,Hanover Township (Licking),COUSUB,2018,12,153500.0,67200.01264404951,64052,1189.0,2.3964903515893337,191755.95065051952,80015.32345972037
M100000US390893329999999,Hanover Township (Licking),COUSUB,2019,14,128950.0,53233.817197484634,67207,1091.0,1.9186989450503669,158220.57111676972,82462.42670061841
M100000US390893329999999,Hanover Township (Licking),COUSUB,2020,21,183400.0,24728.33118477559,66715,579.0,2.7490069699467887,222287.93443864444,80861.17527848508
M100000US390893329999999,Hanover Township (Licking),COUSUB,2021,18,266200.0,130415.60203731933,71839,1250.0,3.7055081501691283,308166.9992988154,83164.57198582869
M100000US390893329999999,Hanover Township (Licking),COUSUB,2022,27,265000.0,92370.09035507547,75777,1639.0,3.497103342702931,284046.3515060396,81223.32218140816
M100000US390893329999999,Hanover Township (Licking),COUSUB,2023,17,265000.0,47760.153805177666,77390,1550.0,3.424215014859801,272816.0136789388,79672.57093816253
M100000US390893329999999,Hanover Township (Licking),COUSUB,2024,12,268000.0,93511.45214221532,82938,1487.0,3.231329426800743,268000.0,82938.0
M100000US390893389499999,Harrison Township (Licking),COUSUB,2012,93,157500.0,11910.04059076136,53699,1282.0,2.9330155123931543,215188.62644494197,73367.70826328215
M100000US390893389499999,Harrison Township (Licking),COUSUB,2013,118,175000.0,9643.735498489961,54079,1130.0,3.236006582961963,235646.8146481969,72820.25193919908
M100000US390893389499999,Harrison Township (Licking),COUSUB,2014,98,174250.0,11337.788626492664,56371,981.0,3.0911284170938957,230891.40751723442,74694.86102240472
M100000US390893389499999,Harrison Township (Licking),COUSUB,2015,130,187500.0,9786.247208844894,58192,1604.0,3.2220923838328295,248153.87714805268,77016.37556799724
M100000US390893389499999,Harrison Township (Licking),COUSUB,2016,114,227450.0,11579.009879725745,60294,1005.0,3.7723488240952667,297277.0087955768,78804.22056856676
M100000US390893389499999,Harrison Township (Licking),COUSUB,2017,140,236400.0,9228.53100086766,63764,1469.0,3.7074211153629006,302529.6981070496,81601.11535574413
M100000US390893389499999,Harrison Township (Licking),COUSUB,2018,134,250000.0,13578.068221070123,64052,1189.0,3.90307874851683,312306.1085513347,80015.32345972037
M100000US390893389499999,Harrison Township (Licking),COUSUB,2019,148,270000.0,11090.788537430195,67207,1091.0,4.017438659663428,331287.7409967261,82462.42670061841
M100000US390893389499999,Harrison Township (Licking),COUSUB,2020,135,290000.0,10883.000927989762,66715,579.0,4.346848534812261,351491.2812824803,80861.17527848508
M100000US390893389499999,Harrison Township (Licking),COUSUB,2021,166,354176.0,11379.114663694532,71839,1250.0,4.930135441751695,410012.60384544416,83164.57198582869
M100000US390893389499999,Harrison Township (Licking),COUSUB,2022,159,406900.0,21018.98759750087,75777,1639.0,5.369703208097444,436145.1336898397,81223.32218140816
M100000US390893389499999,Harrison Township (Licking),COUSUB,2023,136,419900.0,20218.699342053944,77390,1550.0,5.425765602791058,432284.6948822128,79672.57093816253
M100000US390893389499999,Harrison Township (Licking),COUSUB,2024,117,435501.0,21378.365071060696,82938,1487.0,5.2509223757505605,435501.0,82938.0
M100000US390893418899999,Hartford Township (Licking),COUSUB,2014,15,172000.0,49741.38552035229,56371,981.0,3.051214276844477,227910.0263584753,74694.86102240472
M100000US390893418899999,Hartford Township (Licking),COUSUB,2015,14,156500.0,43759.975636966454,58192,1604.0,2.6893731097058016,207125.76945957463,77016.37556799724
M100000US390893418899999,Hartford Township (Licking),COUSUB,2016,18,229250.0,36623.8614947545,60294,1005.0,3.8022025408830067,299629.6076781094,78804.22056856676
M100000US390893418899999,Hartford Township (Licking),COUSUB,2017,11,207000.0,42594.22222093527,63764,1469.0,3.246345900508124,264905.44631201046,81601.11535574413
M100000US390893418899999,Hartford Township (Licking),COUSUB,2021,21,342000.0,128894.78249107489,71839,1250.0,4.760645331922772,395917.0314056907,83164.57198582869
M100000US390893418899999,Hartford Township (Licking),COUSUB,2023,12,400000.0,74912.0488042276,77390,1550.0,5.168626437524228,411797.75649651134,79672.57093816253
M100000US390893631699999,Hopewell Township (Licking),COUSUB,2015,14,137500.0,45574.49408756766,58192,1604.0,2.3628677481440747,181979.50990857196,77016.37556799724
M100000US390893631699999,Hopewell Township (Licking),COUSUB,2023,13,333000.0,264996.50271841657,77390,1550.0,4.30288150923892,342821.6322833457,79672.57093816253
M100000US390893631699999,Hopewell Township (Licking),COUSUB,2024,12,332450.0,192344.66182501166,82938,1487.0,4.008415925148906,332450.0,82938.0
M100000US390893910299999,Jersey Township (Licking),COUSUB,2012,24,149250.0,32689.39838161265,53699,1282.0,2.779381366505894,203916.84125020693,73367.70826328215
M100000US390893910299999,Jersey Township (Licking),COUSUB,2013,31,219000.0,22902.739416644687,54079,1130.0,4.049631095249542,294895.1566168864,72820.25193919908
M100000US390893910299999,Jersey Township (Licking),COUSUB,2014,25,205000.0,87669.74111219622,56371,981.0,3.636621667169289,271636.9500202758,74694.86102240472
M100000US390893910299999,Jersey Township (Licking),COUSUB,2015,27,233000.0,35585.902385932146,58192,1604.0,4.003986802309596,308372.5513359801,77016.37556799724
M100000US390893910299999,Jersey Township (Licking),COUSUB,2016,27,187000.0,69599.17544936495,60294,1005.0,3.1014694662818854,244408.8839075527,78804.22056856676
M100000US390893910299999,Jersey Township (Licking),COUSUB,2017,25,280000.0,51155.61901459654,63764,1469.0,4.391192522426447,358326.20757180155,81601.11535574413
M100000US390893910299999,Jersey Township (Licking),COUSUB,2018,38,262500.0,30772.351242513916,64052,1189.0,4.098232685942672,327921.41397890146,80015.32345972037
M100000US390893910299999,Jersey Township (Licking),COUSUB,2019,32,303950.0,50708.43100863276,67207,1091.0,4.522594372609996,372944.10694798105,82462.42670061841
M100000US390893910299999,Jersey Township (Licking),COUSUB,2020,29,305000.0,47315.91756609924,66715,579.0,4.571685527992206,369671.86479709134,80861.17527848508
M100000US390893910299999,Jersey Township (Licking),COUSUB,2021,29,355000.0,40004.03149039646,71839,1250.0,4.941605534598199,410966.5092076614,83164.57198582869
M100000US390893910299999,Jersey Township (Licking),COUSUB,2022,32,460571.0,84445.8433717522,75777,1639.0,6.077978806234081,493673.63079052133,81223.32218140816
M100000US390893910299999,Jersey Township (Licking),COUSUB,2023,16,430000.0,130620.57218085513,77390,1550.0,5.556273420338545,442682.58823374973,79672.57093816253
M100000US390893910299999,Jersey Township (Licking),COUSUB,2024,16,425000.0,54181.487372197174,82938,1487.0,5.124309725336999,425000.0,82938.0
M100000US390894323299999,Liberty Township (Licking),COUSUB,2012,23,217000.0,47156.18797789548,53699,1282.0,4.04104359485279,296482.1075463645,73367.70826328215
M100000US390894323299999,Liberty Township (Licking),COUSUB,2013,26,259500.0,37680.09155696678,54079,1130.0,4.798535475877882,349430.562292612,72820.25193919908
M100000US390894323299999,Liberty Township (Licking),COUSUB,2014,36,248450.0,84793.6049736777,56371,981.0,4.407408064430292,329210.7328416464,74694.86102240472
M100000US390894323299999,Liberty Township (Licking),COUSUB,2015,29,238900.0,40633.69088884225,58192,1604.0,4.105375309320869,316181.12667023885,77016.37556799724
M100000US390894323299999,Liberty Township (Licking),COUSUB,2016,25,280000.0,61541.84744747096,60294,1005.0,4.643911500315123,365959.8261717367,78804.22056856676
M100000US390894323299999,Liberty Township (Licking),COUSUB,2017,37,320000.0,38542.874229719564,63764,1469.0,5.01850573991594,409515.6657963447,81601.11535574413
M100000US390894323299999,Liberty Township (Licking),COUSUB,2018,29,365000.0,43460.86018307881,64052,1189.0,5.698494972834572,455966.9184849487,80015.32345972037
M100000US390894323299999,Liberty Township (Licking),COUSUB,2019,36,344950.0,34190.35402700136,67207,1091.0,5.132649872781109,423250.7639141506,82462.42670061841
M100000US390894323299999,Liberty Township (Licking),COUSUB,2020,27,395000.0,42702.81559507887,66715,579.0,5.920707487071873,478755.36588475766,80861.17527848508
M100000US390894323299999,Liberty Township (Licking),COUSUB,2021,21,501500.0,189031.43697239534,71839,1250.0,6.980887818594357,580562.5475144851,83164.57198582869
M100000US390894323299999,Liberty Township (Licking),COUSUB,2022,20,484950.0,62766.88425512744,75777,1639.0,6.399699117146364,519804.82325605245,81223.32218140816
M100000US390894323299999,Liberty Township (Licking),COUSUB,2023,19,450000.0,55158.22380084664,77390,1550.0,5.814704742214756,463272.47605857527,79672.57093816253
M100000US390894323299999,Liberty Township (Licking),COUSUB,2024,23,625000.0,123066.41325978657,82938,1487.0,7.5357495960838214,625000.0,82938.0
M100000US390894345699999,Licking Township (Licking),COUSUB,2012,48,138700.0,19779.266393085298,53699,1282.0,2.5829158829773364,189502.61897087906,73367.70826328215
M100000US390894345699999,Licking Township (Licking),COUSUB,2013,47,150000.0,30380.16066757032,54079,1130.0,2.773719928253111,201982.98398416876,72820.25193919908
M100000US390894345699999,Licking Township (Licking),COUSUB,2014,55,170000.0,27850.53342419879,56371,981.0,3.0157350410672152,225259.90977291163,74694.86102240472
M100000US390894345699999,Licking Township (Licking),COUSUB,2015,53,154500.0,20312.798023213487,58192,1604.0,2.655004124278251,204478.7947699954,77016.37556799724
M100000US390894345699999,Licking Township (Licking),COUSUB,2016,74,164950.0,22710.525326435032,60294,1005.0,2.7357614356320696,215589.54759652846,78804.22056856676
M100000US390894345699999,Licking Township (Licking),COUSUB,2017,73,175700.0,24799.82951329593,63764,1469.0,2.7554733078225957,224849.6952513055,81601.11535574413
M100000US390894345699999,Licking Township (Licking),COUSUB,2018,90,178500.0,19189.837493026098,64052,1189.0,2.7867982264410167,222986.561505653,80015.32345972037
M100000US390894345699999,Licking Township (Licking),COUSUB,2019,77,230000.0,23733.689789622706,67207,1091.0,3.4222625619355127,282208.07566387777,82462.42670061841
M100000US390894345699999,Licking Township (Licking),COUSUB,2020,73,250000.0,28042.35810382254,66715,579.0,3.7472832196657424,303009.7252435175,80861.17527848508
M100000US390894345699999,Licking Township (Licking),COUSUB,2021,77,275000.0,41248.071971668935,71839,1250.0,3.8280042873648017,318354.3381186109,83164.57198582869
M100000US390894345699999,Licking Township (Licking),COUSUB,2022,60,360000.0,38845.802073526436,75777,1639.0,4.7507818995209625,385874.2888383934,81223.32218140816
M100000US390894345699999,Licking Township (Licking),COUSUB,2023,51,339000.0,53286.589402013175,77390,1550.0,4.380410905801783,348998.5986307934,79672.57093816253
M100000US390894345699999,Licking Township (Licking),COUSUB,2024,43,350000.0,74730.68912058594,82938,1487.0,4.22001977380694,350000.0,82938.0
M100000US390894611699999,McKean Township (Licking),COUSUB,2013,13,130500.0,102378.98920431714,54079,1130.0,2.4131363375802066,175725.1960662268,72820.25193919908
M100000US390894611699999,McKean Township (Licking),COUSUB,2014,16,220000.0,120362.36002903932,56371,981.0,3.9027159354987493,291512.8244120033,74694.86102240472
M100000US390894611699999,McKean Township (Licking),COUSUB,2015,11,155000.0,49358.54942877264,58192,1604.0,2.6635963706351387,205140.5384423902,77016.37556799724
M100000US390894611699999,McKean Township (Licking),COUSUB,2016,16,207400.0,73195.72883974141,60294,1005.0,3.439811589876273,271071.6712429221,78804.22056856676
M100000US390894611699999,McKean Township (Licking),COUSUB,2017,22,208000.0,73160.83129268892,63764,1469.0,3.262028730945361,266185.18276762404,81601.11535574413
M100000US390894611699999,McKean Township (Licking),COUSUB,2018,13,244900.0,60950.47265269668,64052,1189.0,3.8234559420470866,305935.0639368875,80015.32345972037
M100000US390894611699999,McKean Township (Licking),COUSUB,2019,20,318500.0,81222.97862054346,67207,1091.0,4.739089678158525,390796.8352128046,82462.42670061841
M100000US390894611699999,McKean Township (Licking),COUSUB,2021,18,340000.0,195475.39781027782,71839,1250.0,4.732805300741937,393601.72712846444,83164.57198582869
M100000US390894611699999,McKean Township (Licking),COUSUB,2022,12,320500.0,64362.61524639806,75777,1639.0,4.229515552212413,343535.3043686252,81223.32218140816
M100000US390894611699999,McKean Township (Licking),COUSUB,2023,14,293250.0,108372.07649848692,77390,1550.0,3.7892492570099496,301899.2302315049,79672.57093816253
M100000US390894650899999,Madison Township (Licking),COUSUB,2012,29,120000.0,22768.864039847,53699,1282.0,2.2346784856328794,163953.23919614626,73367.70826328215
M100000US390894650899999,Madison Township (Licking),COUSUB,2013,30,113950.0,24418.196762964322,54079,1130.0,2.1071025721629466,153439.7401666402,72820.25193919908
M100000US390894650899999,Madison Township (Licking),COUSUB,2014,33,135000.0,21693.627399290912,56371,981.0,2.3948484149651414,178882.86952554746,74694.86102240472
M100000US390894650899999,Madison Township (Licking),COUSUB,2015,29,139900.0,23775.03711201914,58192,1604.0,2.404110530657135,185155.87953606705,77016.37556799724
M100000US390894650899999,Madison Township (Licking),COUSUB,2016,33,137500.0,23371.57557230367,60294,1005.0,2.2804922546190336,179712.4146379064,78804.22056856676
M100000US390894650899999,Madison Township (Licking),COUSUB,2017,34,178500.0,26175.695469249447,63764,1469.0,2.7993852330468605,228432.9573270235,81601.11535574413
M100000US390894650899999,Madison Township (Licking),COUSUB,2018,26,177500.0,35832.45893588651,64052,1189.0,2.7711859114469495,221737.33707144766,80015.32345972037
M100000US390894650899999,Madison Township (Licking),COUSUB,2019,30,179650.0,19811.677618492617,67207,1091.0,2.6730846489204994,220429.04692615496,82462.42670061841
M100000US390894650899999,Madison Township (Licking),COUSUB,2020,34,266000.0,33814.99217427021,66715,579.0,3.98710934572435,322402.3476591026,80861.17527848508
M100000US390894650899999,Madison Township (Licking),COUSUB,2021,38,265000.0,32097.408940190104,71839,1250.0,3.688804131460627,306777.8167324796,83164.57198582869
M100000US390894650899999,Madison Township (Licking),COUSUB,2022,30,300000.0,42864.62618106551,75777,1639.0,3.958984916267469,321561.9073653278,81223.32218140816
M100000US390894650899999,Madison Township (Licking),COUSUB,2023,26,325000.0,45204.05397399339,77390,1550.0,4.199508980488435,334585.67715341545,79672.57093816253
M100000US390894650899999,Madison Township (Licking),COUSUB,2024,25,319900.0,55540.474086895556,82938,1487.0,3.8570980732595435,319900.0,82938.0
M100000US390894813299999,Mary Ann Township (Licking),COUSUB,2012,11,124900.0,32278.26556029323,53699,1282.0,2.3259278571295554,170647.99646332223,73367.70826328215
M100000US390894813299999,Mary Ann Township (Licking),COUSUB,2013,11,124000.0,35294.641889350096,54079,1130.0,2.292941807355905,166972.6000935795,72820.25193919908
M100000US390894813299999,Mary Ann Township (Licking),COUSUB,2014,18,114000.0,30495.080363409856,56371,981.0,2.0223164393038973,151056.64537712897,74694.86102240472
M100000US390894813299999,Mary Ann Township (Licking),COUSUB,2015,14,155500.0,44477.836218284705,58192,1604.0,2.6721886169920266,205802.28211478502,77016.37556799724
M100000US390894813299999,Mary Ann Township (Licking),COUSUB,2016,24,164200.0,21325.200499720446,60294,1005.0,2.723322386970511,214609.29806213986,78804.22056856676
M100000US390894813299999,Mary Ann Township (Licking),COUSUB,2017,20,182450.0,27867.88243062251,63764,1469.0,2.8613324132739475,233487.91632669713,81601.11535574413
M100000US390894813299999,Mary Ann Township (Licking),COUSUB,2018,16,168900.0,32956.6248619913,64052,1189.0,2.63692000249797,210994.00693728175,80015.32345972037
M100000US390894813299999,Mary Ann Township (Licking),COUSUB,2019,18,160000.0,40906.80780664552,67207,1091.0,2.380704390911661,196318.66133139323,82462.42670061841
M100000US390894813299999,Mary Ann Township (Licking),COUSUB,2020,21,210000.0,36710.585060106685,66715,579.0,3.1477179045192236,254528.1692045547,80861.17527848508
M100000US390894813299999,Mary Ann Township (Licking),COUSUB,2021,21,220000.0,133719.14976982743,71839,1250.0,3.0624034298918414,254683.47049488875,83164.57198582869
M100000US390894813299999,Mary Ann Township (Licking),COUSUB,2022,17,275000.0,141819.99645616004,75777,1639.0,3.6290695065785132,294765.0817515505,81223.32218140816
M100000US390894813299999,Mary Ann Township (Licking),COUSUB,2023,19,300000.0,104294.2104450868,77390,1550.0,3.876469828143171,308848.3173723835,79672.57093816253
M100000US390894813299999,Mary Ann Township (Licking),COUSUB,2024,22,327000.0,39939.64825565221,82938,1487.0,3.9427041886710557,327000.0,82938.0
M100000US390895145099999,Monroe Township (Licking),COUSUB,2012,22,202800.0,44302.737784635436,53699,1282.0,3.7766066407195664,277080.9742414872,73367.70826328215
M100000US390895145099999,Monroe Township (Licking),COUSUB,2013,22,180250.0,50123.84354841201,54079,1130.0,3.333086780450822,242716.2190876428,72820.25193919908
M100000US390895145099999,Monroe Township (Licking),COUSUB,2014,23,156000.0,39268.927759966246,56371,981.0,2.767380390626386,206709.09367396595,74694.86102240472
M100000US390895145099999,Monroe Township (Licking),COUSUB,2015,24,163001.475,35116.09994807732,58192,1604.0,2.8010976594720924,215730.3893445407,77016.37556799724
M100000US390895145099999,Monroe Township (Licking),COUSUB,2016,28,228750.0,33041.28214551706,60294,1005.0,3.793909841775301,298976.10798851703,78804.22056856676
M100000US390895145099999,Monroe Township (Licking),COUSUB,2017,18,224450.0,31902.295578672387,63764,1469.0,3.520011291637915,287236.8474624674,81601.11535574413
M100000US390895145099999,Monroe Township (Licking),COUSUB,2018,20,245250.0,39292.915644833025,64052,1189.0,3.8289202522950103,306372.2924888594,80015.32345972037
M100000US390895145099999,Monroe Township (Licking),COUSUB,2019,34,272000.0,32486.759971229105,67207,1091.0,4.047197464549824,333741.72426336847,82462.42670061841
M100000US390895145099999,Monroe Township (Licking),COUSUB,2020,23,276500.0,48011.671375080725,66715,579.0,4.144495240950311,335128.75611933036,80861.17527848508
M100000US390895145099999,Monroe Township (Licking),COUSUB,2021,33,295000.0,35409.310528695874,71839,1250.0,4.1064045991731515,341507.38089087355,83164.57198582869
M100000US390895145099999,Monroe Township (Licking),COUSUB,2022,25,412973.5,48735.102917032375,75777,1639.0,5.4498528577272785,442655.15450445074,81223.32218140816
M100000US390895145099999,Monroe Township (Licking),COUSUB,2023,21,500000.0,58766.380923382676,77390,1550.0,6.460783046905285,514747.1956206392,79672.57093816253
M100000US390895145099999,Monroe Township (Licking),COUSUB,2024,21,430000.0,77256.61227733955,82938,1487.0,5.184595722105669,430000.0,82938.0
M100000US390895405499999,Newark Township (Licking),COUSUB,2012,34,104000.0,15474.663261276319,53699,1282.0,1.9367213542151622,142092.80730332676,73367.70826328215
M100000US390895405499999,Newark Township (Licking),COUSUB,2013,31,115000.0,14665.402085865304,54079,1130.0,2.1265186116607184,154853.6210545294,72820.25193919908
M100000US390895405499999,Newark Township (Licking),COUSUB,2014,33,125000.0,21579.471128235167,56371,981.0,2.217452236078835,165632.28659772914,74694.86102240472
M100000US390895405499999,Newark Township (Licking),COUSUB,2015,37,138000.0,19029.730310812025,58192,1604.0,2.3714599945009622,182641.25358096676,77016.37556799724
M100000US390895405499999,Newark Township (Licking),COUSUB,2016,21,139500.0,16919.470913357534,60294,1005.0,2.313663051049856,182326.41339627595,78804.22056856676
M100000US390895405499999,Newark Township (Licking),COUSUB,2017,28,161125.0,18586.805673884635,63764,1469.0,2.526896054199862,206197.5364107376,81601.11535574413
M100000US390895405499999,Newark Township (Licking),COUSUB,2018,21,173000.0,26955.416765362494,64052,1189.0,2.7009304939736465,216115.82711752364,80015.32345972037
M100000US390895405499999,Newark Township (Licking),COUSUB,2019,35,175000.0,42900.72314499883,67207,1091.0,2.603895427559629,214723.53583121134,82462.42670061841
M100000US390895405499999,Newark Township (Licking),COUSUB,2020,30,182450.0,24004.46546660264,66715,579.0,2.734767293712059,221136.49748271907,80861.17527848508
M100000US390895405499999,Newark Township (Licking),COUSUB,2021,34,226500.0,20426.43445429895,71839,1250.0,3.152883531229555,262208.2093958741,83164.57198582869
M100000US390895405499999,Newark Township (Licking),COUSUB,2022,32,265000.0,33976.993205253566,75777,1639.0,3.497103342702931,284046.3515060396,81223.32218140816
M100000US390895405499999,Newark Township (Licking),COUSUB,2023,28,277450.0,25183.077299038043,77390,1550.0,3.5850885127277428,285633.21884989267,79672.57093816253
M100000US390895405499999,Newark Township (Licking),COUSUB,2024,25,300000.0,38405.03453305109,82938,1487.0,3.6171598061202346,300000.0,82938.0
M100000US390895558099999,Newton Township (Licking),COUSUB,2012,23,125000.0,21616.56967353533,53699,1282.0,2.3277900892009162,170784.62416265236,73367.70826328215
M100000US390895558099999,Newton Township (Licking),COUSUB,2013,28,119950.0,20824.958095958766,54079,1130.0,2.2180513692930712,161519.05952600695,72820.25193919908
M100000US390895558099999,Newton Township (Licking),COUSUB,2014,20,104000.0,27452.73332003048,56371,981.0,1.8449202604175905,137806.06244931064,74694.86102240472
M100000US390895558099999,Newton Township (Licking),COUSUB,2015,28,111500.0,12513.684756918468,58192,1604.0,1.9160709375859224,147568.83894404199,77016.37556799724
M100000US390895558099999,Newton Township (Licking),COUSUB,2016,27,126500.0,31231.5733805047,60294,1005.0,2.0980528742495106,165335.4214668739,78804.22056856676
M100000US390895558099999,Newton Township (Licking),COUSUB,2017,24,134900.0,29803.350249413143,63764,1469.0,2.1156138259833135,172636.44786227154,81601.11535574413
M100000US390895558099999,Newton Township (Licking),COUSUB,2018,27,148000.0,17897.317307554018,64052,1189.0,2.3106226191219634,184885.21626239017,80015.32345972037
M100000US390895558099999,Newton Township (Licking),COUSUB,2019,29,150000.0,25404.99980671088,67207,1091.0,2.231910366479682,184048.74499818115,82462.42670061841
M100000US390895558099999,Newton Township (Licking),COUSUB,2020,27,199900.0,17342.975182732484,66715,579.0,2.9963276624447275,242286.57630471658,80861.17527848508
M100000US390895558099999,Newton Township (Licking),COUSUB,2021,38,216000.0,22962.92068835438,71839,1250.0,3.0067233675301717,250052.8619404362,83164.57198582869
M100000US390895558099999,Newton Township (Licking),COUSUB,2022,28,270000.0,93599.71564517233,75777,1639.0,3.5630864246407223,289405.7166287951,81223.32218140816
M100000US390895558099999,Newton Township (Licking),COUSUB,2023,26,255000.0,26749.64750490183,77390,1550.0,3.2949993539216953,262521.069766526,79672.57093816253
M100000US390895558099999,Newton Township (Licking),COUSUB,2024,40,285500.0,38138.763841104505,82938,1487.0,3.4423304154910896,285500.0,82938.0
M100000US390896192499999,Perry Township (Licking),COUSUB,2013,11,67110.0,47291.878950759085,54079,1130.0,1.240962295900442,90367.1870345171,72820.25193919908
M100000US390896192499999,Perry Township (Licking),COUSUB,2015,15,185000.0,33775.55476205786,58192,1604.0,3.1791311520483916,244845.15878607865,77016.37556799724
M100000US390896192499999,Perry Township (Licking),COUSUB,2016,13,156900.0,44982.62565185746,60294,1005.0,2.6022489799980097,205068.202594091,78804.22056856676
M100000US390896192499999,Perry Township (Licking),COUSUB,2017,22,151500.0,29196.69424923937,63764,1469.0,2.375948811241453,193880.07302545692,81601.11535574413
M100000US390896192499999,Perry Township (Licking),COUSUB,2018,13,179500.0,49121.50764586406,64052,1189.0,2.802410541435084,224235.78593985832,80015.32345972037
M100000US390896192499999,Perry Township (Licking),COUSUB,2019,12,171200.0,48467.62391034989,67207,1091.0,2.547353698275477,210060.96762459076,82462.42670061841
M100000US390896192499999,Perry Township (Licking),COUSUB,2020,18,203000.0,41784.244362585996,66715,579.0,3.042793974368583,246043.8968977362,80861.17527848508
M100000US390896192499999,Perry Township (Licking),COUSUB,2023,11,240000.0,64894.30220601887,77390,1550.0,3.1011758625145367,247078.65389790683,79672.57093816253
M100000US390896192499999,Perry Township (Licking),COUSUB,2024,13,323000.0,83984.61787796859,82938,1487.0,3.894475391256119,323000.0,82938.0
M100000US390896945699999,St. Albans Township (Licking),COUSUB,2012,16,184250.0,31572.48487262988,53699,1282.0,3.4311625914821504,251736.5360157496,73367.70826328215
M100000US390896945699999,St. Albans Township (Licking),COUSUB,2013,17,212500.0,31810.91210634995,54079,1130.0,3.9294365650252407,286142.56064423907,72820.25193919908
M100000US390896945699999,St. Albans Township (Licking),COUSUB,2014,20,239950.0,41791.30726077032,56371,981.0,4.256621312376931,317947.73735300085,74694.86102240472
M100000US390896945699999,St. Albans Township (Licking),COUSUB,2015,19,220000.0,50397.46877710277,58192,1604.0,3.78058839703052,291167.21585371514,77016.37556799724
M100000US390896945699999,St. Albans Township (Licking),COUSUB,2016,23,289900.0,40505.61921392521,60294,1005.0,4.808106942647693,378899.1200256659,78804.22056856676
M100000US390896945699999,St. Albans Township (Licking),COUSUB,2017,31,267000.0,34086.66890757932,63764,1469.0,4.187315726742362,341689.63364882505,81601.11535574413
M100000US390896945699999,St. Albans Township (Licking),COUSUB,2018,21,279500.0,53628.99766820055,64052,1189.0,4.363642040841816,349158.2293603922,80015.32345972037
M100000US390896945699999,St. Albans Township (Licking),COUSUB,2019,18,285700.0,64637.02903310688,67207,1091.0,4.251045278021635,350551.50963986904,82462.42670061841
M100000US390896945699999,St. Albans Township (Licking),COUSUB,2020,24,311750.0,72970.88854175978,66715,579.0,4.672862174923181,377853.1273786663,80861.17527848508
M100000US390896945699999,St. Albans Township (Licking),COUSUB,2021,31,399800.0,55670.450561241676,71839,1250.0,5.565222233048901,462829.32501752966,83164.57198582869
M100000US390896945699999,St. Albans Township (Licking),COUSUB,2022,17,457500.0,107307.44999031164,75777,1639.0,6.03745199730789,490381.90873212495,81223.32218140816
M100000US390896945699999,St. Albans Township (Licking),COUSUB,2023,17,520000.0,105128.99553246933,77390,1550.0,6.719214368781496,535337.0834454647,79672.57093816253
M100000US390896945699999,St. Albans Township (Licking),COUSUB,2024,23,480000.0,66834.16888959144,82938,1487.0,5.787455689792375,480000.0,82938.0
M100000US390897840099999,Union Township (Licking),COUSUB,2012,40,280950.0,40155.37065696395,53699,1282.0,5.23194100448798,383855.5212679774,73367.70826328215
M100000US390897840099999,Union Township (Licking),COUSUB,2013,42,275950.0,36183.46796283242,54079,1130.0,5.1027200946763065,371581.36286954244,72820.25193919908
M100000US390897840099999,Union Township (Licking),COUSUB,2014,38,306000.0,53210.7677896528,56371,981.0,5.428323073920987,405467.83759124094,74694.86102240472
M100000US390897840099999,Union Township (Licking),COUSUB,2015,70,244500.0,28254.01412971304,58192,1604.0,4.2016084685180095,323592.65580106067,77016.37556799724
M100000US390897840099999,Union Township (Licking),COUSUB,2016,43,287000.0,34613.3936051295,60294,1005.0,4.760009287823,375108.8218260301,78804.22056856676
M100000US390897840099999,Union Township (Licking),COUSUB,2017,49,385000.0,53965.160206566645,63764,1469.0,6.037889718336365,492698.53541122715,81601.11535574413
M100000US390897840099999,Union Township (Licking),COUSUB,2018,39,390000.0,49735.372731737916,64052,1189.0,6.088802847686255,487197.5293400822,80015.32345972037
M100000US390897840099999,Union Township (Licking),COUSUB,2019,53,325000.0,41773.945200916816,67207,1091.0,4.835805794039311,398772.2808293925,82462.42670061841
M100000US390897840099999,Union Township (Licking),COUSUB,2020,53,438900.0,46502.40312126746,66715,579.0,6.5787304204451775,531963.8736375193,80861.17527848508
M100000US390897840099999,Union Township (Licking),COUSUB,2021,40,430250.0,62386.686875636726,71839,1250.0,5.989086707777113,498079.83263829944,83164.57198582869
M100000US390897840099999,Union Township (Licking),COUSUB,2022,37,496900.0,65974.16474154983,75777,1639.0,6.557398682977684,532613.705899438,81223.32218140816
M100000US390897840099999,Union Township (Licking),COUSUB,2023,33,570000.0,126356.89548595014,77390,1550.0,7.365292673472025,586811.8030075287,79672.57093816253
M100000US390897840099999,Union Township (Licking),COUSUB,2024,36,503750.0,93368.4348692116,82938,1487.0,6.0738141744435605,503750.0,82938.0
M100000US390913390899999,Harrison Township (Logan),COUSUB,2022,12,301000.0,43286.10475737734,75777,1639.0,3.972181532655027,322633.78038987896,81223.32218140816
M100000US390913868299999,Jefferson Township (Logan),COUSUB,2017,13,178500.0,41613.524687337725,63764,1469.0,2.7993852330468605,228432.9573270235,81601.11535574413
M100000US390913868299999,Jefferson Township (Logan),COUSUB,2018,14,236750.0,78315.36213980695,64052,1189.0,3.696215574845438,295753.884798114,80015.32345972037
M100000US390913868299999,Jefferson Township (Logan),COUSUB,2019,17,239900.0,57869.30427877891,67207,1091.0,3.5695686461231717,294355.2928337577,82462.42670061841
M100000US390913868299999,Jefferson Township (Logan),COUSUB,2021,12,300000.0,51435.30868011939,71839,1250.0,4.176004677125238,347295.6415839392,83164.57198582869
M100000US390913868299999,Jefferson Township (Logan),COUSUB,2022,14,352500.0,68765.84633849654,75777,1639.0,4.651807276614276,377835.24115426023,81223.32218140816
M100000US390913868299999,Jefferson Township (Logan),COUSUB,2023,12,364000.0,92795.21372984828,77390,1550.0,4.703450058147047,374735.95841182536,79672.57093816253
M100000US390913868299999,Jefferson Township (Logan),COUSUB,2024,11,340000.0,73601.67185013647,82938,1487.0,4.099447780269599,340000.0,82938.0
M100000US390914568299999,McArthur Township (Logan),COUSUB,2020,11,254900.0,54668.279492684036,66715,579.0,3.820729970771191,308948.71585829044,80861.17527848508
M100000US390915146499999,Monroe Township (Logan),COUSUB,2021,13,325000.0,60509.33853133912,71839,1250.0,4.524005066885675,376236.94504926744,83164.57198582869
M100000US390915146499999,Monroe Township (Logan),COUSUB,2022,11,348000.0,141708.99644296776,75777,1639.0,4.592422502870264,373011.8125437803,81223.32218140816
M100000US390915146499999,Monroe Township (Logan),COUSUB,2024,17,343000.0,66550.77429362938,82938,1487.0,4.1356193783308015,343000.0,82938.0
M100000US390916674099999,Richland Township (Logan),COUSUB,2017,13,303000.0,104290.65532212285,63764,1469.0,4.751897622482906,387760.14605091384,81601.11535574413
M100000US390916674099999,Richland Township (Logan),COUSUB,2019,11,175000.0,96032.30027060317,67207,1091.0,2.603895427559629,214723.53583121134,82462.42670061841
M100000US390916674099999,Richland Township (Logan),COUSUB,2022,18,434950.0,116545.20091933013,75777,1639.0,5.739868297768452,466211.1720284978,81223.32218140816
M100000US390917478099999,Stokes Township (Logan),COUSUB,2015,11,87000.0,89796.19837464271,58192,1604.0,1.4950508660984327,115143.39899669644,77016.37556799724
M100000US390917478099999,Stokes Township (Logan),COUSUB,2016,22,189500.0,73633.14817479321,60294,1005.0,3.142932961820413,247676.38235551465,78804.22056856676
M100000US390917478099999,Stokes Township (Logan),COUSUB,2017,19,242000.0,74939.87933195451,63764,1469.0,3.79524496581143,309696.2222584857,81601.11535574413
M100000US390917478099999,Stokes Township (Logan),COUSUB,2018,19,80000.0,55279.970115968674,64052,1189.0,1.2489851995253856,99937.95473642711,80015.32345972037
M100000US390917478099999,Stokes Township (Logan),COUSUB,2019,25,205000.0,72495.83073447632,67207,1091.0,3.050277500855566,251533.28483084758,82462.42670061841
M100000US390917478099999,Stokes Township (Logan),COUSUB,2020,38,245000.0,56484.57009615836,66715,579.0,3.6723375552724273,296949.53073864715,80861.17527848508
M100000US390917478099999,Stokes Township (Logan),COUSUB,2021,30,315950.0,72879.30443289076,71839,1250.0,4.398028925792397,365760.1931948186,83164.57198582869
M100000US390917478099999,Stokes Township (Logan),COUSUB,2022,34,340000.0,57549.83943273363,75777,1639.0,4.486849571769798,364436.82834737154,81223.32218140816
M100000US390917478099999,Stokes Township (Logan),COUSUB,2023,34,255000.0,71273.2990657966,77390,1550.0,3.2949993539216953,262521.069766526,79672.57093816253
M100000US390917478099999,Stokes Township (Logan),COUSUB,2024,42,333625.0,93459.05951425519,82938,1487.0,4.022583134389544,333625.0,82938.0
M100000US390918142499999,Washington Township (Logan),COUSUB,2021,12,430000.0,139901.44543624198,71839,1250.0,5.985606703879508,497790.4196036462,83164.57198582869
M100000US390918142499999,Washington Township (Logan),COUSUB,2022,12,327500.0,63554.67977966799,75777,1639.0,4.321891866925321,351038.4155404829,81223.32218140816
M100000US390918142499999,Washington Township (Logan),COUSUB,2023,17,255000.0,103395.19928322983,77390,1550.0,3.2949993539216953,262521.069766526,79672.57093816253
M100000US390918142499999,Washington Township (Logan),COUSUB,2024,15,205000.0,229388.56840218883,82938,1487.0,2.4717258675154934,205000.0,82938.0
M100000US390918804299999,Zane Township (Logan),COUSUB,2015,11,200000.0,29552.162059767,58192,1604.0,3.436898542755018,264697.4689579228,77016.37556799724
M100000US390918804299999,Zane Township (Logan),COUSUB,2018,13,143500.0,58665.26902482918,64052,1189.0,2.2403672016486604,179263.70630846612,80015.32345972037
M100000US390918804299999,Zane Township (Logan),COUSUB,2021,11,318000.0,89307.09290567311,71839,1250.0,4.426564957752753,368133.3800789756,83164.57198582869
M100000US390918804299999,Zane Township (Logan),COUSUB,2024,14,330000.0,51152.4311238258,82938,1487.0,3.978875786732258,330000.0,82938.0
M100000US390971123499999,Canaan Township (Madison),COUSUB,2012,12,224500.0,84195.31755148452,53699,1282.0,4.1807110002048455,306729.18499612366,73367.70826328215
M100000US390971123499999,Canaan Township (Madison),COUSUB,2014,16,240050.0,80134.92954713815,56371,981.0,4.258395274165794,318080.24318227905,74694.86102240472
M100000US390971123499999,Canaan Township (Madison),COUSUB,2017,14,310000.0,83925.99363239031,63764,1469.0,4.861677435543567,396718.3012402089,81601.11535574413
M100000US390971123499999,Canaan Township (Madison),COUSUB,2018,11,242600.0,91146.88718479076,64052,1189.0,3.787547617560732,303061.84773821523,80015.32345972037
M100000US390971123499999,Canaan Township (Madison),COUSUB,2019,15,300000.0,121610.12665254525,67207,1091.0,4.463820732959364,368097.4899963623,82462.42670061841
M100000US390971123499999,Canaan Township (Madison),COUSUB,2021,15,385000.0,92062.61993311127,71839,1250.0,5.359206002310723,445696.0733660553,83164.57198582869
M100000US390971123499999,Canaan Township (Madison),COUSUB,2022,14,280000.0,177620.84719250613,75777,1639.0,3.6950525885163046,300124.44687430596,81223.32218140816
M100000US390971123499999,Canaan Township (Madison),COUSUB,2023,16,298500.0,108651.17095859034,77390,1550.0,3.857087479002455,307304.0757855216,79672.57093816253
M100000US390971123499999,Canaan Township (Madison),COUSUB,2024,30,77450.0,100656.312085535,82938,1487.0,0.9338300899467071,77450.0,82938.0
M100000US390972115499999,Deer Creek Township (Madison),COUSUB,2016,11,146900.0,51621.92783289083,60294,1005.0,2.436394997843898,191998.2088022433,78804.22056856676
M100000US390972606899999,Fairfield Township (Madison),COUSUB,2014,12,162750.0,31054.620705485046,56371,981.0,2.8871228113746428,215653.23715024334,74694.86102240472
M100000US390972606899999,Fairfield Township (Madison),COUSUB,2015,21,180000.0,35595.919009847064,58192,1604.0,3.0932086884795162,238227.72206213058,77016.37556799724
M100000US390972606899999,Fairfield Township (Madison),COUSUB,2016,16,191500.0,44163.48936385402,60294,1005.0,3.1761037582512355,250290.38111388418,78804.22056856676
M100000US390972606899999,Fairfield Township (Madison),COUSUB,2017,12,253500.0,61018.79814027753,63764,1469.0,3.9755975158396586,324413.1914980418,81601.11535574413
M100000US390972606899999,Fairfield Township (Madison),COUSUB,2018,17,225000.0,42724.991256407084,64052,1189.0,3.512770873665147,281075.49769620126,80015.32345972037
M100000US390972606899999,Fairfield Township (Madison),COUSUB,2019,12,147500.0,52086.50554016057,67207,1091.0,2.1947118603716875,180981.26591487814,82462.42670061841
M100000US390972606899999,Fairfield Township (Madison),COUSUB,2020,13,275900.0,56326.89769484876,66715,579.0,4.1355017612231135,334401.5327787459,80861.17527848508
M100000US390972606899999,Fairfield Township (Madison),COUSUB,2021,17,320000.0,48347.99236094792,71839,1250.0,4.454404988933588,370448.6843562018,83164.57198582869
M100000US390972606899999,Fairfield Township (Madison),COUSUB,2022,13,300000.0,86439.57037388819,75777,1639.0,3.958984916267469,321561.9073653278,81223.32218140816
M100000US390972606899999,Fairfield Township (Madison),COUSUB,2024,18,387500.0,93572.82416023106,82938,1487.0,4.672164749571969,387500.0,82938.0
M100000US390973869699999,Jefferson Township (Madison),COUSUB,2012,16,226000.0,62861.35805544174,53699,1282.0,4.208644481275257,308778.60048607545,73367.70826328215
M100000US390973869699999,Jefferson Township (Madison),COUSUB,2013,24,248950.0,73571.1505696622,54079,1130.0,4.603450507590747,335224.4257523921,72820.25193919908
M100000US390973869699999,Jefferson Township (Madison),COUSUB,2014,18,194750.0,47249.9068914967,56371,981.0,3.4547905838108246,258055.102519262,74694.86102240472
M100000US390973869699999,Jefferson Township (Madison),COUSUB,2015,30,225000.0,36097.13369840661,58192,1604.0,3.866510860599395,297784.6525776632,77016.37556799724
M100000US390973869699999,Jefferson Township (Madison),COUSUB,2016,26,245450.0,56701.8344309351,60294,1005.0,4.070885991972667,320802.9976209027,78804.22056856676
M100000US390973869699999,Jefferson Township (Madison),COUSUB,2017,24,257500.0,57512.132108359154,63764,1469.0,4.038328837588608,329532.1373204961,81601.11535574413
M100000US390973869699999,Jefferson Township (Madison),COUSUB,2018,28,266500.0,52828.83069914726,64052,1189.0,4.160681945918941,332918.31171572284,80015.32345972037
M100000US390973869699999,Jefferson Township (Madison),COUSUB,2019,19,275629.0,126674.55645507127,67207,1091.0,4.101194816016188,338194.47690069117,82462.42670061841
M100000US390973869699999,Jefferson Township (Madison),COUSUB,2020,20,382000.0,80025.63404384872,66715,579.0,5.725848759649255,462998.8601720947,80861.17527848508
M100000US390973869699999,Jefferson Township (Madison),COUSUB,2021,23,425000.0,79183.52055978624,71839,1250.0,5.916006625927421,492002.1589105805,83164.57198582869
M100000US390973869699999,Jefferson Township (Madison),COUSUB,2022,24,372575.0,76975.5249310659,75777,1639.0,4.916729350594507,399353.0921221234,81223.32218140816
M100000US390973869699999,Jefferson Township (Madison),COUSUB,2023,12,399900.0,143728.15100120442,77390,1550.0,5.167334280914847,411694.80705738725,79672.57093816253
M100000US390973869699999,Jefferson Township (Madison),COUSUB,2024,34,380000.0,79021.88849362472,82938,1487.0,4.581735754418964,380000.0,82938.0
M100000US390975147899999,Monroe Township (Madison),COUSUB,2019,11,295000.0,52728.990639856354,67207,1091.0,4.389423720743375,361962.5318297563,82462.42670061841
M100000US390976333899999,Pleasant Township (Madison),COUSUB,2013,12,150016.0,34008.910120192115,54079,1130.0,2.7740157917121246,202004.52883579375,72820.25193919908
M100000US390976333899999,Pleasant Township (Madison),COUSUB,2014,11,108500.0,63357.51126147554,56371,981.0,1.9247485409164287,143768.82476682888,74694.86102240472
M100000US390976333899999,Pleasant Township (Madison),COUSUB,2016,12,148750.0,37559.0104873726,60294,1005.0,2.4670779845424087,194416.1576537351,78804.22056856676
M100000US390976333899999,Pleasant Township (Madison),COUSUB,2017,15,133000.0,26717.597813036336,63764,1469.0,2.0858164481525625,170204.94859660574,81601.11535574413
M100000US390976333899999,Pleasant Township (Madison),COUSUB,2018,15,197500.0,55491.25354891215,64052,1189.0,3.083432211328296,246721.82575555443,80015.32345972037
M100000US390976333899999,Pleasant Township (Madison),COUSUB,2019,17,180000.0,57865.110846139374,67207,1091.0,2.6782924397756185,220858.49399781736,82462.42670061841
M100000US390976333899999,Pleasant Township (Madison),COUSUB,2022,12,290000.0,131037.79124105131,75777,1639.0,3.827018752391887,310843.1771198169,81223.32218140816
M100000US390976333899999,Pleasant Township (Madison),COUSUB,2023,16,302500.0,91314.35365136628,77390,1550.0,3.9087737433776972,311422.05335048673,79672.57093816253
M100000US390976333899999,Pleasant Township (Madison),COUSUB,2024,16,341500.0,67338.55493525031,82938,1487.0,4.117533579300201,341500.0,82938.0
M100000US390977296099999,Somerford Township (Madison),COUSUB,2012,28,140000.0,23724.147937787875,53699,1282.0,2.6071248999050263,191278.77906217065,73367.70826328215
M100000US390977296099999,Somerford Township (Madison),COUSUB,2013,40,171950.0,25587.60003803879,54079,1130.0,3.179607611087483,231539.82730718545,72820.25193919908
M100000US390977296099999,Somerford Township (Madison),COUSUB,2014,56,178500.0,22752.59591469027,56371,981.0,3.1665217931205762,236522.9052615572,74694.86102240472
M100000US390977296099999,Somerford Township (Madison),COUSUB,2015,53,210000.0,25093.36431139295,58192,1604.0,3.6087434698927687,277932.342405819,77016.37556799724
M100000US390977296099999,Somerford Township (Madison),COUSUB,2016,69,209900.0,24647.934869918514,60294,1005.0,3.4812750854148007,274339.169690884,78804.22056856676
M100000US390977296099999,Somerford Township (Madison),COUSUB,2017,59,205000.0,23885.677574430352,63764,1469.0,3.214980239633649,262345.9734007833,81601.11535574413
M100000US390977296099999,Somerford Township (Madison),COUSUB,2018,47,236000.0,29022.652480895587,64052,1189.0,3.6845063385998875,294816.96647245996,80015.32345972037
M100000US390977296099999,Somerford Township (Madison),COUSUB,2019,50,278500.0,35363.52938339922,67207,1091.0,4.14391358043061,341717.16987995635,82462.42670061841
M100000US390977296099999,Somerford Township (Madison),COUSUB,2020,58,310750.0,35545.46179515016,66715,579.0,4.657873042044518,376641.0884776922,80861.17527848508
M100000US390977296099999,Somerford Township (Madison),COUSUB,2021,52,304250.0,59072.17519648654,71839,1250.0,4.235164743384512,352215.663173045,83164.57198582869
M100000US390977296099999,Somerford Township (Madison),COUSUB,2022,49,349900.0,50018.292160481564,75777,1639.0,4.617496074006625,375048.37129042734,81223.32218140816
M100000US390977296099999,Somerford Township (Madison),COUSUB,2023,42,375000.0,56597.085547180526,77390,1550.0,4.845587285178964,386060.3967154794,79672.57093816253
M100000US390977296099999,Somerford Township (Madison),COUSUB,2024,51,403500.0,94784.20030390758,82938,1487.0,4.865079939231715,403500.0,82938.0
M100000US390977842899999,Union Township (Madison),COUSUB,2013,12,149950.0,32141.42373335502,54079,1130.0,2.7727953549436934,201915.65632284072,72820.25193919908
M100000US390977842899999,Union Township (Madison),COUSUB,2014,11,157000.0,45257.170763290385,56371,981.0,2.7851200085150167,208034.1519667478,74694.86102240472
M100000US390977842899999,Union Township (Madison),COUSUB,2015,19,156000.0,28595.54039642234,58192,1604.0,2.680780863348914,206464.02578717982,77016.37556799724
M100000US390977842899999,Union Township (Madison),COUSUB,2016,14,147950.0,68027.90634249045,60294,1005.0,2.45380966597008,193370.55815038728,78804.22056856676
M100000US390977842899999,Union Township (Madison),COUSUB,2017,13,162000.0,46064.133134915995,63764,1469.0,2.5406185308324445,207317.3058093995,81601.11535574413
M100000US390977842899999,Union Township (Madison),COUSUB,2018,14,197450.0,40652.694124467016,64052,1189.0,3.0826515955785925,246659.36453384417,80015.32345972037
M100000US390977842899999,Union Township (Madison),COUSUB,2019,17,175000.0,27939.525988862653,67207,1091.0,2.603895427559629,214723.53583121134,82462.42670061841
M100000US390977842899999,Union Township (Madison),COUSUB,2020,13,185000.0,50482.420209978765,66715,579.0,2.772989582552649,224227.19668020293,80861.17527848508
M100000US390977842899999,Union Township (Madison),COUSUB,2021,18,183000.0,58118.45396422273,71839,1250.0,2.5473628530463954,211850.34136620292,83164.57198582869
M100000US390977842899999,Union Township (Madison),COUSUB,2022,14,227450.0,76556.77111748488,75777,1639.0,3.0015703973501195,243797.51943414606,81223.32218140816
M100000US3909890,Buckeye Lake,PLACE,2012,27,68000.0,36714.170727935605,53699,1282.0,1.2663178085252984,92906.83554448288,73367.70826328215
M100000US3909890,Buckeye Lake,PLACE,2013,25,70000.0,40101.67118746749,54079,1130.0,1.2944026331847853,94258.72585927875,72820.25193919908
M100000US3909890,Buckeye Lake,PLACE,2014,29,45500.0,30105.405213588318,56371,981.0,0.8071526139326959,60290.152321573405,74694.86102240472
M100000US3909890,Buckeye Lake,PLACE,2015,30,50000.0,20622.56292043126,58192,1604.0,0.8592246356887545,66174.3672394807,77016.37556799724
M100000US3909890,Buckeye Lake,PLACE,2016,30,76500.0,26071.426338343717,60294,1005.0,1.2687829634789531,99985.4525076352,78804.22056856676
M100000US3909890,Buckeye Lake,PLACE,2017,44,100750.0,21959.49404578501,63764,1469.0,1.5800451665516593,128933.44790306789,81601.11535574413
M100000US3909890,Buckeye Lake,PLACE,2018,38,115575.5,30164.68247103072,64052,1189.0,1.8044011115968275,144379.73859549913,80015.32345972037
M100000US3909890,Buckeye Lake,PLACE,2019,40,114050.0,36203.72098847118,67207,1091.0,1.6969958486467183,139938.39578028372,82462.42670061841
M100000US3909890,Buckeye Lake,PLACE,2020,39,249900.0,82312.0823044021,66715,579.0,3.745784306377876,302888.5213534201,80861.17527848508
M100000US3909890,Buckeye Lake,PLACE,2021,53,238000.0,40347.52495106615,71839,1250.0,3.3129637105193557,275521.2089899251,83164.57198582869
M100000US3909890,Buckeye Lake,PLACE,2022,69,200000.0,39945.42282077877,75777,1639.0,2.639323277511646,214374.60491021856,81223.32218140816
M100000US3909890,Buckeye Lake,PLACE,2023,54,219250.0,65120.998613057185,77390,1550.0,2.8330533660679675,225716.64527965029,79672.57093816253
M100000US3909890,Buckeye Lake,PLACE,2024,49,282150.0,67690.8677840756,82938,1487.0,3.4019387976560806,282150.0,82938.0
M100000US391010634899999,Big Island Township (Marion),COUSUB,2015,17,100000.0,25979.91470241747,58192,1604.0,1.718449271377509,132348.7344789614,77016.37556799724
M100000US391010634899999,Big Island Township (Marion),COUSUB,2016,14,102000.0,15215.098185776431,60294,1005.0,1.6917106179719374,133313.93667684693,78804.22056856676
M100000US391010634899999,Big Island Township (Marion),COUSUB,2019,13,131000.0,6861.342543800785,67207,1091.0,1.9492017200589224,160735.9039650782,82462.42670061841
M100000US391010634899999,Big Island Township (Marion),COUSUB,2020,13,165000.0,28101.906175639815,66715,579.0,2.4732069249793898,199986.41866072154,80861.17527848508
M100000US391010634899999,Big Island Township (Marion),COUSUB,2021,12,167500.0,22168.206532768607,71839,1250.0,2.3316026113949246,193906.7332176994,83164.57198582869
M100000US391010634899999,Big Island Township (Marion),COUSUB,2023,12,208500.0,35573.63879763869,77390,1550.0,2.694146530559504,214649.58057380654,79672.57093816253
M100000US391010634899999,Big Island Township (Marion),COUSUB,2024,12,236250.0,37097.39148339763,82938,1487.0,2.8485133473196846,236250.0,82938.0
M100000US391011519699999,Claridon Township (Marion),COUSUB,2012,22,125500.0,21472.40512921013,53699,1282.0,2.33710124955772,171467.76265930297,73367.70826328215
M100000US391011519699999,Claridon Township (Marion),COUSUB,2013,23,108000.0,20355.82762792995,54079,1130.0,1.99707834834224,145427.74846860152,72820.25193919908
M100000US391011519699999,Claridon Township (Marion),COUSUB,2014,20,125000.0,43953.6346671431,56371,981.0,2.217452236078835,165632.28659772914,74694.86102240472
M100000US391011519699999,Claridon Township (Marion),COUSUB,2015,19,98500.0,25367.276235774516,58192,1604.0,1.6926725323068463,130363.503461777,77016.37556799724
M100000US391011519699999,Claridon Township (Marion),COUSUB,2016,38,152500.0,18209.110350738076,60294,1005.0,2.529273227850201,199317.405325678,78804.22056856676
M100000US391011519699999,Claridon Township (Marion),COUSUB,2017,30,115000.0,14653.03480716865,63764,1469.0,1.803525500282291,147169.69239556137,81601.11535574413
M100000US391011519699999,Claridon Township (Marion),COUSUB,2018,28,162500.0,20824.91602402453,64052,1189.0,2.5370011865359396,202998.97055836758,80015.32345972037
M100000US391011519699999,Claridon Township (Marion),COUSUB,2019,51,167000.0,15000.554411934034,67207,1091.0,2.4848602080140463,204907.60276464166,82462.42670061841
M100000US391011519699999,Claridon Township (Marion),COUSUB,2020,38,142850.0,14894.101701149857,66715,579.0,2.1411976317170054,173139.75700414588,80861.17527848508
M100000US391011519699999,Claridon Township (Marion),COUSUB,2021,27,225000.0,21314.618207548832,71839,1250.0,3.132003507843929,260471.7311879544,83164.57198582869
M100000US391011519699999,Claridon Township (Marion),COUSUB,2022,32,194000.0,26415.79336489637,75777,1639.0,2.5601435791862968,207943.366762912,81223.32218140816
M100000US391011519699999,Claridon Township (Marion),COUSUB,2023,23,235000.0,25753.99697515647,77390,1550.0,3.036568032045484,241931.18194170043,79672.57093816253
M100000US391011519699999,Claridon Township (Marion),COUSUB,2024,21,255000.0,38213.07624541321,82938,1487.0,3.0745858352021993,255000.0,82938.0
M100000US391013119299999,Grand Prairie Township (Marion),COUSUB,2012,14,91000.0,14060.426705082347,53699,1282.0,1.694631184938267,124331.20639041092,73367.70826328215
M100000US391013119299999,Grand Prairie Township (Marion),COUSUB,2013,14,73200.0,20682.854121082335,54079,1130.0,1.3535753249875182,98567.69618427436,72820.25193919908
M100000US391013119299999,Grand Prairie Township (Marion),COUSUB,2014,14,97000.0,26617.741996386223,56371,981.0,1.720742935197176,128530.6543998378,74694.86102240472
M100000US391013119299999,Grand Prairie Township (Marion),COUSUB,2015,16,97700.0,21746.14776692829,58192,1604.0,1.6789249381358262,129304.71358594531,77016.37556799724
M100000US391013119299999,Grand Prairie Township (Marion),COUSUB,2016,20,130250.0,30043.99038555709,60294,1005.0,2.1602481175573027,170236.6691388168,78804.22056856676
M100000US391013119299999,Grand Prairie Township (Marion),COUSUB,2017,19,115000.0,20771.479275273185,63764,1469.0,1.803525500282291,147169.69239556137,81601.11535574413
M100000US391013119299999,Grand Prairie Township (Marion),COUSUB,2018,22,125000.0,28845.59083077915,64052,1189.0,1.951539374258415,156153.05427566735,80015.32345972037
M100000US391013119299999,Grand Prairie Township (Marion),COUSUB,2019,29,129900.0,21956.689260605912,67207,1091.0,1.9328343773714047,159386.21316842487,82462.42670061841
M100000US391013119299999,Grand Prairie Township (Marion),COUSUB,2020,22,129000.0,34638.61110148209,66715,579.0,1.933598141347523,156353.01822565502,80861.17527848508
M100000US391013119299999,Grand Prairie Township (Marion),COUSUB,2021,20,169900.0,26126.72457742214,71839,1250.0,2.3650106488119267,196685.09835037088,83164.57198582869
M100000US391013119299999,Grand Prairie Township (Marion),COUSUB,2022,16,172500.0,21661.493488540655,75777,1639.0,2.2764163268537945,184898.0967350635,81223.32218140816
M100000US391013119299999,Grand Prairie Township (Marion),COUSUB,2023,14,205000.0,36684.01023056219,77390,1550.0,2.648921049231167,211046.35020446207,79672.57093816253
M100000US391013119299999,Grand Prairie Township (Marion),COUSUB,2024,14,211000.0,37056.39157828951,82938,1487.0,2.544069063637898,211000.0,82938.0
M100000US391014776899999,Marion Township (Marion),COUSUB,2012,67,87909.0,9604.79003817328,53699,1282.0,1.6370695916125066,120108.04420411686,73367.70826328215
M100000US391014776899999,Marion Township (Marion),COUSUB,2013,75,111000.0,12526.913956491686,54079,1130.0,2.052552746907302,149467.40814828489,72820.25193919908
M100000US391014776899999,Marion Township (Marion),COUSUB,2014,78,110500.0,10892.977063226946,56371,981.0,1.96022777669369,146418.94135239255,74694.86102240472
M100000US391014776899999,Marion Township (Marion),COUSUB,2015,103,120000.0,9235.486498723933,58192,1604.0,2.062139125653011,158818.48137475373,77016.37556799724
M100000US391014776899999,Marion Township (Marion),COUSUB,2016,104,138700.0,9234.888086130162,60294,1005.0,2.300394732477527,181280.81389292813,78804.22056856676
M100000US391014776899999,Marion Township (Marion),COUSUB,2017,79,138000.0,10244.907024305923,63764,1469.0,2.1642306003387493,176603.63087467363,81601.11535574413
M100000US391014776899999,Marion Township (Marion),COUSUB,2018,103,160000.0,11115.825676510414,64052,1189.0,2.497970399050771,199875.90947285423,80015.32345972037
M100000US391014776899999,Marion Township (Marion),COUSUB,2019,118,145500.0,11243.178075528675,67207,1091.0,2.1649530554852916,178527.2826482357,82462.42670061841
M100000US391014776899999,Marion Township (Marion),COUSUB,2020,111,160000.0,12577.114553672232,66715,579.0,2.398261260586075,193926.2241558512,80861.17527848508
M100000US391014776899999,Marion Township (Marion),COUSUB,2021,88,206500.0,13827.019894947935,71839,1250.0,2.8744832194212058,239055.16662361147,83164.57198582869
M100000US391014776899999,Marion Township (Marion),COUSUB,2022,83,210000.0,15154.43478222966,75777,1639.0,2.7712894413872284,225093.3351557295,81223.32218140816
M100000US391014776899999,Marion Township (Marion),COUSUB,2023,78,240000.0,18401.790605349583,77390,1550.0,3.1011758625145367,247078.65389790683,79672.57093816253
M100000US391014776899999,Marion Township (Marion),COUSUB,2024,83,247000.0,15550.833831558779,82938,1487.0,2.9781282403723264,247000.0,82938.0
M100000US391015173099999,Montgomery Township (Marion),COUSUB,2017,11,92500.0,20120.50447132073,63764,1469.0,1.4506618154444515,118375.62214425587,81601.11535574413
M100000US391016335299999,Pleasant Township (Marion),COUSUB,2012,60,170750.0,15061.981323155396,53699,1282.0,3.1797612618484514,233291.7966061831,73367.70826328215
M100000US391016335299999,Pleasant Township (Marion),COUSUB,2013,52,131250.0,17922.812059932025,54079,1130.0,2.427004937221472,176735.11098614766,72820.25193919908
M100000US391016335299999,Pleasant Township (Marion),COUSUB,2014,61,131000.0,14137.106267100226,56371,981.0,2.323889943410619,173582.63635442013,74694.86102240472
M100000US391016335299999,Pleasant Township (Marion),COUSUB,2015,55,148000.0,19685.880461911132,58192,1604.0,2.5433049216387134,195876.12702886292,77016.37556799724
M100000US391016335299999,Pleasant Township (Marion),COUSUB,2016,74,149750.0,16711.09011559148,60294,1005.0,2.48366338275782,195723.15703291987,78804.22056856676
M100000US391016335299999,Pleasant Township (Marion),COUSUB,2017,92,154250.0,13082.784162617025,63764,1469.0,2.4190765949438555,197399.34827839426,81601.11535574413
M100000US391016335299999,Pleasant Township (Marion),COUSUB,2018,91,172900.0,21762.15885524826,64052,1189.0,2.6993692624742396,215990.9046741031,80015.32345972037
M100000US391016335299999,Pleasant Township (Marion),COUSUB,2019,75,190000.0,20198.992323125814,67207,1091.0,2.8270864642075972,233128.41033102944,82462.42670061841
M100000US391016335299999,Pleasant Township (Marion),COUSUB,2020,69,220000.0,19925.44972351495,66715,579.0,3.2976092333058533,266648.55821429536,80861.17527848508
M100000US391016335299999,Pleasant Township (Marion),COUSUB,2021,75,242500.0,18544.851141643067,71839,1250.0,3.3756037806762342,280730.64361368417,83164.57198582869
M100000US391016335299999,Pleasant Township (Marion),COUSUB,2022,50,261500.0,27073.862838670055,75777,1639.0,3.450915185346477,280294.7959201108,81223.32218140816
M100000US391016335299999,Pleasant Township (Marion),COUSUB,2023,52,282000.0,34586.50799485293,77390,1550.0,3.6438816384545807,290317.4183300405,79672.57093816253
M100000US391016335299999,Pleasant Township (Marion),COUSUB,2024,67,333000.0,28725.271221896925,82938,1487.0,4.01504738479346,333000.0,82938.0
M100000US391016479499999,Prospect Township (Marion),COUSUB,2016,13,115000.0,25976.62997886658,60294,1005.0,1.9073207947722826,150304.92860624898,78804.22056856676
M100000US391016479499999,Prospect Township (Marion),COUSUB,2017,19,152000.0,29716.05654918275,63764,1469.0,2.3837902264600714,194519.9412532637,81601.11535574413
M100000US391016479499999,Prospect Township (Marion),COUSUB,2019,17,169000.0,20904.760696077086,67207,1091.0,2.5146190129004418,207361.5860312841,82462.42670061841
M100000US391016479499999,Prospect Township (Marion),COUSUB,2024,12,291200.0,64185.61356726596,82938,1487.0,3.511056451807374,291200.0,82938.0
M100000US391016675499999,Richland Township (Marion),COUSUB,2013,11,165000.0,43835.043867125205,54079,1130.0,3.0510919210784224,222181.28238258563,72820.25193919908
M100000US391016675499999,Richland Township (Marion),COUSUB,2014,11,165000.0,38439.437945817845,56371,981.0,2.927036951624062,218634.61830900246,74694.86102240472
M100000US391016675499999,Richland Township (Marion),COUSUB,2015,28,143025.0,22599.682590140794,58192,1604.0,2.457812070387682,189291.77748853457,77016.37556799724
M100000US391016675499999,Richland Township (Marion),COUSUB,2017,14,232250.0,46871.21117286946,63764,1469.0,3.642337369048366,297218.7918162533,81601.11535574413
M100000US391016675499999,Richland Township (Marion),COUSUB,2018,31,215000.0,26563.71279969465,64052,1189.0,3.356647723724474,268583.2533541479,80015.32345972037
M100000US391016675499999,Richland Township (Marion),COUSUB,2019,29,209900.0,28785.472949576997,67207,1091.0,3.1231865728272354,257545.5438341215,82462.42670061841
M100000US391016675499999,Richland Township (Marion),COUSUB,2020,26,225500.0,34422.63316111258,66715,579.0,3.3800494641384997,273314.7721696528,80861.17527848508
M100000US391016675499999,Richland Township (Marion),COUSUB,2021,20,262450.0,46133.400374809426,71839,1250.0,3.6533080917050627,303825.80377901613,83164.57198582869
M100000US391016675499999,Richland Township (Marion),COUSUB,2022,15,355000.0,56978.273918479514,75777,1639.0,4.684798817583172,380514.92371563794,81223.32218140816
M100000US391016675499999,Richland Township (Marion),COUSUB,2023,16,316000.0,64849.57470906835,77390,1550.0,4.08321488564414,325320.227632244,79672.57093816253
M100000US391016675499999,Richland Township (Marion),COUSUB,2024,12,331000.0,68215.79308569731,82938,1487.0,3.990932986085992,331000.0,82938.0
M100000US391017774299999,Tully Township (Marion),COUSUB,2016,11,111000.0,28757.030877149144,60294,1005.0,1.840979201910638,145076.9310895099,78804.22056856676
M100000US391018051499999,Waldo Township (Marion),COUSUB,2017,11,230000.0,38638.818415433045,63764,1469.0,3.607051000564582,294339.38479112275,81601.11535574413
M100000US391018051499999,Waldo Township (Marion),COUSUB,2018,14,140000.0,43778.23094369689,64052,1189.0,2.1857240991694247,174891.42078874743,80015.32345972037
M100000US3910954,Caledonia,PLACE,2016,18,54750.0,14408.850169543051,60294,1005.0,0.9080505522937605,71558.21601036636,78804.22056856676
M100000US3910954,Caledonia,PLACE,2017,15,69000.0,19476.31733766967,63764,1469.0,1.0821153001693746,88301.81543733682,81601.11535574413
M100000US3910954,Caledonia,PLACE,2023,11,120000.0,16261.909671130516,77390,1550.0,1.5505879312572683,123539.32694895341,79672.57093816253
M100000US3911332,Canal Winchester,PLACE,2012,120,160000.0,7203.791289412233,53699,1282.0,2.9795713141771727,218604.31892819502,73367.70826328215
M100000US3911332,Canal Winchester,PLACE,2013,133,162000.0,6803.90450529878,54079,1130.0,2.99561752251336,218141.62270290227,72820.25193919908
M100000US3911332,Canal Winchester,PLACE,2014,144,174950.0,7360.091098494852,56371,981.0,3.103546149615937,231818.9483221817,74694.86102240472
M100000US3911332,Canal Winchester,PLACE,2015,145,180000.0,7256.2994932617075,58192,1604.0,3.0932086884795162,238227.72206213058,77016.37556799724
M100000US3911332,Canal Winchester,PLACE,2016,182,194500.0,7890.0101655494855,60294,1005.0,3.225859952897469,254211.3792514385,78804.22056856676
M100000US3911332,Canal Winchester,PLACE,2017,184,206000.0,8039.4768729287125,63764,1469.0,3.2306630700708863,263625.7098563969,81601.11535574413
M100000US3911332,Canal Winchester,PLACE,2018,143,225000.0,9305.807842530261,64052,1189.0,3.512770873665147,281075.49769620126,80015.32345972037
M100000US3911332,Canal Winchester,PLACE,2019,190,247750.0,6820.385261182113,67207,1091.0,3.686371955302275,303987.1771553292,82462.42670061841
M100000US3911332,Canal Winchester,PLACE,2020,203,265000.0,8126.986594891106,66715,579.0,3.9721202128456867,321190.30875812855,80861.17527848508
M100000US3911332,Canal Winchester,PLACE,2021,202,310000.0,8688.71856736332,71839,1250.0,4.315204833029413,358872.1629700705,83164.57198582869
M100000US3911332,Canal Winchester,PLACE,2022,232,355000.0,8986.377208547525,75777,1639.0,4.684798817583172,380514.92371563794,81223.32218140816
M100000US3911332,Canal Winchester,PLACE,2023,155,360000.0,11671.805870407248,77390,1550.0,4.6517637937718055,370617.9808468602,79672.57093816253
M100000US3911332,Canal Winchester,PLACE,2024,159,362500.0,15081.932269496203,82938,1487.0,4.370734765728616,362500.0,82938.0
M100000US391170550899999,Bennington Township (Morrow),COUSUB,2014,19,139000.0,38632.383865768206,56371,981.0,2.4658068865196645,184183.1026966748,74694.86102240472
M100000US391170550899999,Bennington Township (Morrow),COUSUB,2015,28,169950.0,24362.072364841286,58192,1604.0,2.9205045367060762,224926.67424699495,77016.37556799724
M100000US391170550899999,Bennington Township (Morrow),COUSUB,2016,34,177450.0,24829.64680892575,60294,1005.0,2.943078913324709,231927.0398363381,78804.22056856676
M100000US391170550899999,Bennington Township (Morrow),COUSUB,2017,38,170700.0,33932.30165408447,63764,1469.0,2.6770591556364094,218451.0129732376,81601.11535574413
M100000US391170550899999,Bennington Township (Morrow),COUSUB,2018,30,213750.0,36977.17835342979,64052,1189.0,3.33713232998189,267021.72281139117,80015.32345972037
M100000US391170550899999,Bennington Township (Morrow),COUSUB,2019,25,221650.0,42571.49243521823,67207,1091.0,3.2980195515348103,271962.6955256457,82462.42670061841
M100000US391170550899999,Bennington Township (Morrow),COUSUB,2020,33,225000.0,39723.82771168697,66715,579.0,3.372554897699168,272708.75271916576,80861.17527848508
M100000US391170550899999,Bennington Township (Morrow),COUSUB,2021,34,285000.0,46528.51282767129,71839,1250.0,3.9672044432689764,329930.85950474226,83164.57198582869
M100000US391170550899999,Bennington Township (Morrow),COUSUB,2022,34,334500.0,60743.988554394076,75777,1639.0,4.414268181638228,358541.52671234054,81223.32218140816
M100000US391170550899999,Bennington Township (Morrow),COUSUB,2023,27,315000.0,47296.33517305728,77390,1550.0,4.07029331955033,324290.7332410027,79672.57093816253
M100000US391170550899999,Bennington Township (Morrow),COUSUB,2024,16,486000.0,69838.54361275816,82938,1487.0,5.859798885914779,486000.0,82938.0
M100000US391171124899999,Canaan Township (Morrow),COUSUB,2015,14,126000.0,26717.11546692757,58192,1604.0,2.165246081935661,166759.40544349139,77016.37556799724
M100000US391171124899999,Canaan Township (Morrow),COUSUB,2016,11,126550.0,26399.631752488134,60294,1005.0,2.098882144160281,165400.77143583313,78804.22056856676
M100000US391171124899999,Canaan Township (Morrow),COUSUB,2017,11,250000.0,27689.300121065444,63764,1469.0,3.920707609309328,319934.11390339426,81601.11535574413
M100000US391171124899999,Canaan Township (Morrow),COUSUB,2018,12,123250.0,35922.962976041,64052,1189.0,1.9242178230187972,153966.91151580802,80015.32345972037
M100000US391171124899999,Canaan Township (Morrow),COUSUB,2019,14,149000.0,21361.37723422168,67207,1091.0,2.2170309640364843,182821.75336485993,82462.42670061841
M100000US391171124899999,Canaan Township (Morrow),COUSUB,2024,11,272000.0,56967.91229156476,82938,1487.0,3.279558224215679,272000.0,82938.0
M100000US391171209899999,Cardington Township (Morrow),COUSUB,2014,11,150500.0,42540.568976412316,56371,981.0,2.669812492238917,199421.27306366587,74694.86102240472
M100000US391171209899999,Cardington Township (Morrow),COUSUB,2015,13,89900.0,34468.830545207784,58192,1604.0,1.5448858949683806,118981.51229658633,77016.37556799724
M100000US391171209899999,Cardington Township (Morrow),COUSUB,2016,14,135950.0,31876.102230024255,60294,1005.0,2.254784887385146,177686.56560017,78804.22056856676
M100000US391171209899999,Cardington Township (Morrow),COUSUB,2017,14,133750.0,36576.5907055491,63764,1469.0,2.0975785709804904,171164.75093831593,81601.11535574413
M100000US391171209899999,Cardington Township (Morrow),COUSUB,2019,16,176250.0,30486.42677104984,67207,1091.0,2.6224946806136264,216257.27537286284,82462.42670061841
M100000US391171209899999,Cardington Township (Morrow),COUSUB,2020,11,200000.0,52704.12761983806,66715,579.0,2.997826575732594,242407.780194814,80861.17527848508
M100000US391171209899999,Cardington Township (Morrow),COUSUB,2021,16,227500.0,35995.75979226015,71839,1250.0,3.1668035468199722,263365.8615344872,83164.57198582869
M100000US391171209899999,Cardington Township (Morrow),COUSUB,2022,11,330000.0,62454.17541859437,75777,1639.0,4.354883407894216,353718.0981018606,81223.32218140816
M100000US391171403099999,Chester Township (Morrow),COUSUB,2014,11,139500.0,55392.455971300355,56371,981.0,2.47467669546398,184845.63184306573,74694.86102240472
M100000US391171403099999,Chester Township (Morrow),COUSUB,2016,20,157450.0,25999.594073186672,60294,1005.0,2.611370949016486,205787.05225264264,78804.22056856676
M100000US391171403099999,Chester Township (Morrow),COUSUB,2017,15,188000.0,42914.763335310505,63764,1469.0,2.948372122200615,240590.4536553525,81601.11535574413
M100000US391171403099999,Chester Township (Morrow),COUSUB,2018,14,166500.0,108892.78260920383,64052,1189.0,2.599450446512209,207995.86829518894,80015.32345972037
M100000US391171403099999,Chester Township (Morrow),COUSUB,2020,13,215000.0,38338.276722175775,66715,579.0,3.2226635689125382,260588.36370942503,80861.17527848508
M100000US391171403099999,Chester Township (Morrow),COUSUB,2022,15,316000.0,238279.03270456987,75777,1639.0,4.1701307784684,338711.8757581453,81223.32218140816
M100000US391171403099999,Chester Township (Morrow),COUSUB,2023,11,287500.0,73297.54549658099,77390,1550.0,3.7149502519705386,295979.6374818675,79672.57093816253
M100000US391171829499999,Congress Township (Morrow),COUSUB,2014,32,124500.0,25186.990462505455,56371,981.0,2.2085824271345196,164969.75745133823,74694.86102240472
M100000US391171829499999,Congress Township (Morrow),COUSUB,2015,66,145000.0,17078.18073229005,58192,1604.0,2.491751443497388,191905.66499449406,77016.37556799724
M100000US391171829499999,Congress Township (Morrow),COUSUB,2016,50,165600.0,25172.91943936794,60294,1005.0,2.746541944472087,216439.09719299854,78804.22056856676
M100000US391171829499999,Congress Township (Morrow),COUSUB,2017,49,183000.0,24057.66368231321,63764,1469.0,2.869957970014428,234191.7713772846,81601.11535574413
M100000US391171829499999,Congress Township (Morrow),COUSUB,2018,43,172000.0,27573.762599523146,64052,1189.0,2.6853181789795793,214866.60268331828,80015.32345972037
M100000US391171829499999,Congress Township (Morrow),COUSUB,2019,34,251500.0,39697.745756810655,67207,1091.0,3.742169714464267,308588.3957802837,82462.42670061841
M100000US391171829499999,Congress Township (Morrow),COUSUB,2020,51,257500.0,44697.149189121476,66715,579.0,3.8597017162557146,312100.017000823,80861.17527848508
M100000US391171829499999,Congress Township (Morrow),COUSUB,2021,38,306500.0,62601.1968189959,71839,1250.0,4.266484778462952,354820.38048492454,83164.57198582869
M100000US391171829499999,Congress Township (Morrow),COUSUB,2022,48,294350.0,46894.27976059283,75777,1639.0,3.884424033677765,315505.82477661414,81223.32218140816
M100000US391171829499999,Congress Township (Morrow),COUSUB,2023,49,322100.0,76029.01480247262,77390,1550.0,4.162036438816385,331600.14341881574,79672.57093816253
M100000US391171829499999,Congress Township (Morrow),COUSUB,2024,36,355000.0,51656.283612851425,82938,1487.0,4.280305770575611,355000.0,82938.0
M100000US391172837899999,Franklin Township (Morrow),COUSUB,2014,15,158700.0,39774.92555200288,56371,981.0,2.8152773589256888,210286.7510644769,74694.86102240472
M100000US391172837899999,Franklin Township (Morrow),COUSUB,2015,28,159500.0,22510.958577323847,58192,1604.0,2.740926587847127,211096.2314939435,77016.37556799724
M100000US391172837899999,Franklin Township (Morrow),COUSUB,2016,19,205000.0,28833.956141487564,60294,1005.0,3.4000066341592863,267934.87273287866,78804.22056856676
M100000US391172837899999,Franklin Township (Morrow),COUSUB,2017,13,147500.0,63844.33699000354,63764,1469.0,2.3132174894925037,188761.12720300263,81601.11535574413
M100000US391172837899999,Franklin Township (Morrow),COUSUB,2018,14,178000.0,47833.66921441119,64052,1189.0,2.778992068943983,222361.94928855033,80015.32345972037
M100000US391172837899999,Franklin Township (Morrow),COUSUB,2019,13,197000.0,58890.86574964946,67207,1091.0,2.9312422813099825,241717.3517642779,82462.42670061841
M100000US391172837899999,Franklin Township (Morrow),COUSUB,2020,21,253000.0,29588.548106762755,66715,579.0,3.7922506183017313,306645.8419464397,80861.17527848508
M100000US391172837899999,Franklin Township (Morrow),COUSUB,2021,17,236000.0,34763.80832942346,71839,1250.0,3.285123679338521,273205.90471269883,83164.57198582869
M100000US391172837899999,Franklin Township (Morrow),COUSUB,2022,19,320000.0,84287.18224333852,75777,1639.0,4.2229172440186336,342999.3678563497,81223.32218140816
M100000US391172837899999,Franklin Township (Morrow),COUSUB,2023,14,352369.0,118207.62891182455,77390,1550.0,4.553159322909937,362761.909147298,79672.57093816253
M100000US391172837899999,Franklin Township (Morrow),COUSUB,2024,13,364500.0,57179.32064333715,82938,1487.0,4.394849164436085,364500.0,82938.0
M100000US391173012899999,Gilead Township (Morrow),COUSUB,2012,11,108000.0,19982.77564676635,53699,1282.0,2.0112106370695915,147557.91527653162,73367.70826328215
M100000US391173012899999,Gilead Township (Morrow),COUSUB,2013,15,124900.0,61536.218625972404,54079,1130.0,2.309584126925424,168184.49799748452,72820.25193919908
M100000US391173012899999,Gilead Township (Morrow),COUSUB,2014,21,215000.0,25458.060558950747,56371,981.0,3.814017846055596,284887.5329480941,74694.86102240472
M100000US391173012899999,Gilead Township (Morrow),COUSUB,2015,35,126000.0,19624.746686999442,58192,1604.0,2.165246081935661,166759.40544349139,77016.37556799724
M100000US391173012899999,Gilead Township (Morrow),COUSUB,2016,34,175000.0,26136.561401769617,60294,1005.0,2.9024446876969514,228724.8913573354,78804.22056856676
M100000US391173012899999,Gilead Township (Morrow),COUSUB,2017,26,160350.0,21828.43798857577,63764,1469.0,2.5147418606110032,205205.74065763707,81601.11535574413
M100000US391173012899999,Gilead Township (Morrow),COUSUB,2018,21,156400.0,28681.96960036812,64052,1189.0,2.441766065072129,195378.701509715,80015.32345972037
M100000US391173012899999,Gilead Township (Morrow),COUSUB,2019,19,225000.0,40918.85475511646,67207,1091.0,3.3478655497195233,276073.11749727174,82462.42670061841
M100000US391173012899999,Gilead Township (Morrow),COUSUB,2020,23,216000.0,29502.33912262397,66715,579.0,3.2376527017912013,261800.40261039912,80861.17527848508
M100000US391173012899999,Gilead Township (Morrow),COUSUB,2021,20,270000.0,50664.19787651994,71839,1250.0,3.7584042094127144,312566.07742554526,83164.57198582869
M100000US391173012899999,Gilead Township (Morrow),COUSUB,2022,20,291000.0,131092.23712955313,75777,1639.0,3.840215368779445,311915.050144368,81223.32218140816
M100000US391173012899999,Gilead Township (Morrow),COUSUB,2023,21,310000.0,58068.04551048815,77390,1550.0,4.0056854890812765,319143.2612847963,79672.57093816253
M100000US391173012899999,Gilead Township (Morrow),COUSUB,2024,24,328700.0,47740.541576502714,82938,1487.0,3.9632014275724035,328700.0,82938.0
M100000US391173360099999,Harmony Township (Morrow),COUSUB,2013,17,120000.0,32163.51827960432,54079,1130.0,2.218975942602489,161586.387187335,72820.25193919908
M100000US391173360099999,Harmony Township (Morrow),COUSUB,2014,23,133300.0,18765.571744120796,56371,981.0,2.3646910645544694,176630.27042781835,74694.86102240472
M100000US391173360099999,Harmony Township (Morrow),COUSUB,2015,35,137000.0,17524.352934920542,58192,1604.0,2.3542755017871873,181317.76623617715,77016.37556799724
M100000US391173360099999,Harmony Township (Morrow),COUSUB,2016,34,162000.0,18600.398494917936,60294,1005.0,2.6868345108966065,211733.89942793336,78804.22056856676
M100000US391173360099999,Harmony Township (Morrow),COUSUB,2017,31,133000.0,20028.08429515395,63764,1469.0,2.0858164481525625,170204.94859660574,81601.11535574413
M100000US391173360099999,Harmony Township (Morrow),COUSUB,2018,26,193045.0,29722.089195689998,64052,1189.0,3.0138793480297257,241156.53090116964,80015.32345972037
M100000US391173360099999,Harmony Township (Morrow),COUSUB,2019,23,195000.0,39021.52994055294,67207,1091.0,2.9014834764235866,239263.3684976355,82462.42670061841
M100000US391173360099999,Harmony Township (Morrow),COUSUB,2020,30,238000.0,31790.868681196487,66715,579.0,3.5674136251217865,288465.25843182864,80861.17527848508
M100000US391173360099999,Harmony Township (Morrow),COUSUB,2021,30,257000.0,30229.612009646884,71839,1250.0,3.5774440067372875,297516.5996235746,83164.57198582869
M100000US391173360099999,Harmony Township (Morrow),COUSUB,2022,44,287250.0,31850.499153176996,75777,1639.0,3.7907280573261017,307895.5263023014,81223.32218140816
M100000US391173360099999,Harmony Township (Morrow),COUSUB,2023,16,335000.0,46808.14270163176,77390,1550.0,4.328724641426541,344880.62106582825,79672.57093816253
M100000US391173360099999,Harmony Township (Morrow),COUSUB,2024,24,379450.0,42113.68715691729,82938,1487.0,4.57510429477441,379450.0,82938.0
M100000US391174368099999,Lincoln Township (Morrow),COUSUB,2013,13,104000.0,26839.401671770614,54079,1130.0,1.9231124835888238,140041.53556235702,72820.25193919908
M100000US391174368099999,Lincoln Township (Morrow),COUSUB,2014,16,139850.0,20434.60278031367,56371,981.0,2.4808855617250005,185309.40224553936,74694.86102240472
M100000US391174368099999,Lincoln Township (Morrow),COUSUB,2015,18,117200.0,28990.51382971292,58192,1604.0,2.0140225460544405,155112.7168093428,77016.37556799724
M100000US391174368099999,Lincoln Township (Morrow),COUSUB,2016,34,153000.0,25275.25012906068,60294,1005.0,2.5375659269579063,199970.9050152704,78804.22056856676
M100000US391174368099999,Lincoln Township (Morrow),COUSUB,2017,25,175000.0,17269.844677955272,63764,1469.0,2.7444953265165295,223953.879732376,81601.11535574413
M100000US391174368099999,Lincoln Township (Morrow),COUSUB,2018,16,164500.0,26980.202504425266,64052,1189.0,2.568225816524074,205497.41942677824,80015.32345972037
M100000US391174368099999,Lincoln Township (Morrow),COUSUB,2019,19,149000.0,25909.77117627392,67207,1091.0,2.2170309640364843,182821.75336485993,82462.42670061841
M100000US391174368099999,Lincoln Township (Morrow),COUSUB,2020,19,254900.0,52111.62906456253,66715,579.0,3.820729970771191,308948.71585829044,80861.17527848508
M100000US391174368099999,Lincoln Township (Morrow),COUSUB,2021,25,247900.0,39477.49869547685,71839,1250.0,3.4507718648644885,286981.9651621951,83164.57198582869
M100000US391174368099999,Lincoln Township (Morrow),COUSUB,2022,13,295000.0,53280.21150786455,75777,1639.0,3.8930018343296777,316202.54224257235,81223.32218140816
M100000US391174368099999,Lincoln Township (Morrow),COUSUB,2023,15,297500.0,72424.0718594586,77390,1550.0,3.8441659129086445,306274.5813942803,79672.57093816253
M100000US391174368099999,Lincoln Township (Morrow),COUSUB,2024,15,257950.0,67928.51393371621,82938,1487.0,3.110154573295715,257950.0,82938.0
M100000US391175622499999,North Bloomfield Township (Morrow),COUSUB,2015,15,140000.0,28142.506770264703,58192,1604.0,2.4058289799285126,185288.228270546,77016.37556799724
M100000US391175622499999,North Bloomfield Township (Morrow),COUSUB,2017,17,132800.0,32108.545810227708,63764,1469.0,2.082679882065115,169949.00130548305,81601.11535574413
M100000US391175622499999,North Bloomfield Township (Morrow),COUSUB,2023,16,200000.0,70619.75604514558,77390,1550.0,2.584313218762114,205898.87824825567,79672.57093816253
M100000US391176226099999,Peru Township (Morrow),COUSUB,2015,17,220000.0,21560.037676312386,58192,1604.0,3.78058839703052,291167.21585371514,77016.37556799724
M100000US391176226099999,Peru Township (Morrow),COUSUB,2017,14,195000.0,48600.80586555935,63764,1469.0,3.058151935261276,249548.60884464753,81601.11535574413
M100000US391176226099999,Peru Township (Morrow),COUSUB,2018,12,267500.0,32929.361792725955,64052,1189.0,4.176294260913008,334167.5361499282,80015.32345972037
M100000US391176226099999,Peru Township (Morrow),COUSUB,2019,15,245000.0,55580.83361599218,67207,1091.0,3.645453598583481,300612.95016369584,82462.42670061841
M100000US391176226099999,Peru Township (Morrow),COUSUB,2020,16,237500.0,36998.562554874225,66715,579.0,3.559919058682455,287859.2389813416,80861.17527848508
M100000US391176226099999,Peru Township (Morrow),COUSUB,2021,15,331000.0,49231.22355660282,71839,1250.0,4.60752516042818,383182.85788094625,83164.57198582869
M100000US391176226099999,Peru Township (Morrow),COUSUB,2022,12,309950.0,62272.96018698025,75777,1639.0,4.090291249323673,332227.0439596112,81223.32218140816
M100000US391176226099999,Peru Township (Morrow),COUSUB,2023,13,265000.0,106733.2117361044,77390,1550.0,3.424215014859801,272816.0136789388,79672.57093816253
M100000US391176226099999,Peru Township (Morrow),COUSUB,2024,12,362450.0,88740.0033459429,82938,1487.0,4.37013190576093,362450.0,82938.0
M100000US391177306199999,South Bloomfield Township (Morrow),COUSUB,2015,18,137850.0,58177.30033529416,58192,1604.0,2.368882320593896,182442.73047924833,77016.37556799724
M100000US391177306199999,South Bloomfield Township (Morrow),COUSUB,2016,11,185000.0,30455.35927524038,60294,1005.0,3.068298669851063,241794.88514918316,78804.22056856676
M100000US391177306199999,South Bloomfield Township (Morrow),COUSUB,2018,16,184950.0,35227.23592866148,64052,1189.0,2.8874976581527507,231044.05910627742,80015.32345972037
M100000US391177306199999,South Bloomfield Township (Morrow),COUSUB,2019,21,250000.0,36867.89524987935,67207,1091.0,3.71985061079947,306747.9083303019,82462.42670061841
M100000US391177306199999,South Bloomfield Township (Morrow),COUSUB,2021,15,313500.0,58169.308878430835,71839,1250.0,4.363924887595874,362923.94545521645,83164.57198582869
M100000US391177306199999,South Bloomfield Township (Morrow),COUSUB,2022,12,352499.0,98284.56521046114,75777,1639.0,4.651794079997889,377834.16928123566,81223.32218140816
M100000US391178150899999,Washington Township (Morrow),COUSUB,2016,15,119500.0,27192.0678020976,60294,1005.0,1.9819550867416327,156186.42581258048,78804.22056856676
M100000US391178150899999,Washington Township (Morrow),COUSUB,2017,19,95000.0,22593.69641550254,63764,1469.0,1.4898688915375446,121574.96328328982,81601.11535574413
M100000US391178150899999,Washington Township (Morrow),COUSUB,2018,14,115500.0,40504.049445080396,64052,1189.0,1.8032223818147755,144285.42215071665,80015.32345972037
M100000US391178150899999,Washington Township (Morrow),COUSUB,2024,11,254000.0,46323.460113704474,82938,1487.0,3.062528635848465,254000.0,82938.0
M100000US391178345499999,Westfield Township (Morrow),COUSUB,2014,12,148000.0,41794.23857065156,56371,981.0,2.6254634475173404,196108.6273317113,74694.86102240472
M100000US391178345499999,Westfield Township (Morrow),COUSUB,2015,17,147900.0,25111.121125210284,58192,1604.0,2.5415864723673356,195743.77829438396,77016.37556799724
M100000US391178345499999,Westfield Township (Morrow),COUSUB,2018,13,150000.0,35276.741267666555,64052,1189.0,2.341847249110098,187383.66513080083,80015.32345972037
M100000US391178345499999,Westfield Township (Morrow),COUSUB,2020,12,224000.0,41728.155789595454,66715,579.0,3.3575657648205053,271496.71381819167,80861.17527848508
M100000US391178345499999,Westfield Township (Morrow),COUSUB,2023,12,357500.0,68264.06900355527,77390,1550.0,4.6194598785372785,368044.244868757,79672.57093816253
M100000US3912084,Cardington,PLACE,2012,25,35000.0,11274.471269828915,53699,1282.0,0.6517812249762566,47819.69476554266,73367.70826328215
M100000US3912084,Cardington,PLACE,2013,20,81275.5,13987.975966816093,54079,1130.0,1.5029031601915717,109441.78676536873,72820.25193919908
M100000US3912084,Cardington,PLACE,2014,18,56500.0,14047.789295576305,56371,981.0,1.0022884107076333,74865.79354217357,74694.86102240472
M100000US3912084,Cardington,PLACE,2015,42,73499.5,11317.196334120237,58192,1604.0,1.2630516222161121,97275.65809836425,77016.37556799724
M100000US3912084,Cardington,PLACE,2016,33,109000.0,12946.987645166204,60294,1005.0,1.8078084054798156,142462.93233114036,78804.22056856676
M100000US3912084,Cardington,PLACE,2017,34,97700.0,12956.637138639155,63764,1469.0,1.5322125337180854,125030.25171344649,81601.11535574413
M100000US3912084,Cardington,PLACE,2018,28,86250.0,19042.592796613037,64052,1189.0,1.3465621682383064,107745.60745021047,80015.32345972037
M100000US3912084,Cardington,PLACE,2019,24,135250.0,23506.94974037094,67207,1091.0,2.0124391804425135,165950.61840669333,82462.42670061841
M100000US3912084,Cardington,PLACE,2020,25,146900.0,21864.795558984937,66715,579.0,2.20190361987559,178048.51455309088,80861.17527848508
M100000US3912084,Cardington,PLACE,2021,34,176064.5,20996.187924722984,71839,1250.0,2.450820584919055,203821.44495885156,83164.57198582869
M100000US3912084,Cardington,PLACE,2022,30,172000.0,32618.752158781906,75777,1639.0,2.2698180186600156,184362.16022278796,81223.32218140816
M100000US3912084,Cardington,PLACE,2023,26,172750.0,25258.49086329769,77390,1550.0,2.232200542705776,177845.15608693083,79672.57093816253
M100000US3912084,Cardington,PLACE,2024,28,228500.0,25744.33317268324,82938,1487.0,2.755070052328245,228500.0,82938.0
M100000US391271565899999,Clayton Township (Perry),COUSUB,2018,11,154600.0,55074.755788737646,64052,1189.0,2.413663898082808,193130.0975281454,80015.32345972037
M100000US391271565899999,Clayton Township (Perry),COUSUB,2022,11,276000.0,43595.1386310366,75777,1639.0,3.6422661229660713,295836.95477610163,81223.32218140816
M100000US391271565899999,Clayton Township (Perry),COUSUB,2024,11,205400.0,113094.46635464912,82938,1487.0,2.476548747256987,205400.0,82938.0
M100000US391273638699999,Hopewell Township (Perry),COUSUB,2014,12,143500.0,44279.68822396091,56371,981.0,2.5456351670185025,190145.86501419306,74694.86102240472
M100000US391273638699999,Hopewell Township (Perry),COUSUB,2015,11,157000.0,44211.8425981523,58192,1604.0,2.697965356062689,207787.51313196943,77016.37556799724
M100000US391273638699999,Hopewell Township (Perry),COUSUB,2016,15,173900.0,37422.279626212956,60294,1005.0,2.8842007496599993,227287.19204023216,78804.22056856676
M100000US391273638699999,Hopewell Township (Perry),COUSUB,2017,16,200250.0,33262.18260850509,63764,1469.0,3.1404867950567716,256267.2252366188,81601.11535574413
M100000US391273638699999,Hopewell Township (Perry),COUSUB,2018,12,227450.0,37112.10971069423,64052,1189.0,3.551021045400612,284136.09756000433,80015.32345972037
M100000US391273638699999,Hopewell Township (Perry),COUSUB,2019,12,220000.0,72895.65526489058,67207,1091.0,3.273468537503534,269938.15933066566,82462.42670061841
M100000US391273638699999,Hopewell Township (Perry),COUSUB,2020,11,269000.0,57958.37576129801,66715,579.0,4.032076744360339,326038.4643620248,80861.17527848508
M100000US391273638699999,Hopewell Township (Perry),COUSUB,2021,12,249950.0,114226.6985191315,71839,1250.0,3.4793078968248445,289355.152046352,83164.57198582869
M100000US391273638699999,Hopewell Township (Perry),COUSUB,2023,22,339949.5,61572.19147594446,77390,1550.0,4.392679932807856,349976.103555277,79672.57093816253
M100000US391273796899999,Jackson Township (Perry),COUSUB,2017,12,164000.0,31067.607711478468,63764,1469.0,2.5719841917069193,209876.77872062664,81601.11535574413
M100000US391273796899999,Jackson Township (Perry),COUSUB,2019,11,130000.0,48225.10151742805,67207,1091.0,1.9343223176157245,159508.912331757,82462.42670061841
M100000US391273796899999,Jackson Township (Perry),COUSUB,2022,16,233000.0,28899.84161339466,75777,1639.0,3.0748116183010676,249746.41472040463,81223.32218140816
M100000US391274655099999,Madison Township (Perry),COUSUB,2017,11,146120.0,86397.3049554561,63764,1469.0,2.2915751834891163,186995.09089425587,81601.11535574413
M100000US391274655099999,Madison Township (Perry),COUSUB,2021,11,245000.0,45647.282251467725,71839,1250.0,3.410403819652278,283624.773960217,83164.57198582869
M100000US391276268099999,Pike Township (Perry),COUSUB,2019,13,144000.0,48952.64638486425,67207,1091.0,2.142633951820495,176686.7951982539,82462.42670061841
M100000US391276268099999,Pike Township (Perry),COUSUB,2020,16,197927.0,48702.78189313707,66715,579.0,2.9667541032751257,239895.22355309475,80861.17527848508
M100000US391276268099999,Pike Township (Perry),COUSUB,2021,13,160000.0,42658.85054382585,71839,1250.0,2.227202494466794,185224.3421781009,83164.57198582869
M100000US391276268099999,Pike Township (Perry),COUSUB,2023,13,225000.0,36603.780272674994,77390,1550.0,2.907352371107378,231636.23802928763,79672.57093816253
M100000US391276576099999,Reading Township (Perry),COUSUB,2014,16,193250.0,32065.490629765754,56371,981.0,3.4281811569778786,256067.51508008924,74694.86102240472
M100000US391276576099999,Reading Township (Perry),COUSUB,2015,15,162000.0,24044.867237159866,58192,1604.0,2.7838878196315644,214404.9498559175,77016.37556799724
M100000US391276576099999,Reading Township (Perry),COUSUB,2016,14,144900.0,43417.862227770136,60294,1005.0,2.403224201413076,189384.21004387373,78804.22056856676
M100000US391276576099999,Reading Township (Perry),COUSUB,2017,19,204900.0,31050.028306082488,63764,1469.0,3.2134119565899253,262217.99975522194,81601.11535574413
M100000US391276576099999,Reading Township (Perry),COUSUB,2018,23,194900.0,32989.91668330755,64052,1189.0,3.042840192343721,243473.84222662056,80015.32345972037
M100000US391276576099999,Reading Township (Perry),COUSUB,2019,19,249900.0,36114.8305772358,67207,1091.0,3.7183626705551505,306625.2091669698,82462.42670061841
M100000US391276576099999,Reading Township (Perry),COUSUB,2020,18,250700.0,41693.81465323988,66715,579.0,3.7577756126808066,303858.15247419936,80861.17527848508
M100000US391276576099999,Reading Township (Perry),COUSUB,2021,35,280000.0,43992.985446554434,71839,1250.0,3.897604365316889,324142.5988116766,83164.57198582869
M100000US391276576099999,Reading Township (Perry),COUSUB,2022,13,315000.0,54742.39681977136,75777,1639.0,4.156934162080843,337640.0027335942,81223.32218140816
M100000US391276576099999,Reading Township (Perry),COUSUB,2023,24,340000.0,53246.53653663934,77390,1550.0,4.393332471895594,350028.0930220347,79672.57093816253
M100000US391276576099999,Reading Township (Perry),COUSUB,2024,27,344900.0,58847.93178231312,82938,1487.0,4.158528057102896,344900.0,82938.0
M100000US391277665999999,Thorn Township (Perry),COUSUB,2014,28,219500.0,35921.81112992246,56371,981.0,3.893846126554434,290850.29526561237,74694.86102240472
M100000US391277665999999,Thorn Township (Perry),COUSUB,2015,29,190000.0,42041.317975114805,58192,1604.0,3.265053615617267,251462.5955100267,77016.37556799724
M100000US391277665999999,Thorn Township (Perry),COUSUB,2016,30,159900.0,45918.376552476555,60294,1005.0,2.652005174644243,208989.20073164534,78804.22056856676
M100000US391277665999999,Thorn Township (Perry),COUSUB,2017,43,264900.0,43918.82911696563,63764,1469.0,4.1543817828241645,339002.1870920366,81601.11535574413
M100000US391277665999999,Thorn Township (Perry),COUSUB,2018,43,282000.0,52341.22517752727,64052,1189.0,4.402672828326985,352281.2904459056,80015.32345972037
M100000US391277665999999,Thorn Township (Perry),COUSUB,2019,55,310000.0,41726.06978947593,67207,1091.0,4.612614757391343,380367.40632957435,82462.42670061841
M100000US391277665999999,Thorn Township (Perry),COUSUB,2020,42,282500.0,47920.33836488972,66715,579.0,4.234430038222289,342400.9895251748,80861.17527848508
M100000US391277665999999,Thorn Township (Perry),COUSUB,2021,38,312500.0,75148.0819216441,71839,1250.0,4.3500048720054565,361766.29331660335,83164.57198582869
M100000US391277665999999,Thorn Township (Perry),COUSUB,2022,55,490117.01,77554.39062748544,75777,1639.0,6.467886165987041,525343.2018926382,81223.32218140816
M100000US391277665999999,Thorn Township (Perry),COUSUB,2023,31,485000.0,144212.35474288417,77390,1550.0,6.2669595554981266,499304.77975202,79672.57093816253
M100000US391277665999999,Thorn Township (Perry),COUSUB,2024,31,364900.0,113246.25265786017,82938,1487.0,4.399672044177579,364900.0,82938.0
M100000US391291507799999,Circleville Township (Pickaway),COUSUB,2014,16,108250.0,28064.41773222197,56371,981.0,1.920313636444271,143437.56019363343,74694.86102240472
M100000US391291507799999,Circleville Township (Pickaway),COUSUB,2015,30,130700.0,17052.21092263706,58192,1604.0,2.246013197690404,172979.79596400258,77016.37556799724
M100000US391291507799999,Circleville Township (Pickaway),COUSUB,2016,33,124500.0,14186.795531407022,60294,1005.0,2.0648820778186883,162721.42270850434,78804.22056856676
M100000US391291507799999,Circleville Township (Pickaway),COUSUB,2017,29,139000.0,22184.151003099953,63764,1469.0,2.1799134307759864,177883.3673302872,81601.11535574413
M100000US391291507799999,Circleville Township (Pickaway),COUSUB,2018,14,165750.0,25178.05548217326,64052,1189.0,2.587741210266658,207058.94996953494,80015.32345972037
M100000US391291507799999,Circleville Township (Pickaway),COUSUB,2019,39,150000.0,13443.454360653212,67207,1091.0,2.231910366479682,184048.74499818115,82462.42670061841
M100000US391291507799999,Circleville Township (Pickaway),COUSUB,2020,30,172000.0,13036.529890253014,66715,579.0,2.5781308551300306,208470.69096754002,80861.17527848508
M100000US391291507799999,Circleville Township (Pickaway),COUSUB,2021,24,217500.0,39385.80497801938,71839,1250.0,3.027603390915798,251789.34014835593,83164.57198582869
M100000US391291507799999,Circleville Township (Pickaway),COUSUB,2022,25,230000.0,37862.1110118013,75777,1639.0,3.035221769138393,246530.79564675133,81223.32218140816
M100000US391291507799999,Circleville Township (Pickaway),COUSUB,2023,35,265000.0,24550.310804764293,77390,1550.0,3.424215014859801,272816.0136789388,79672.57093816253
M100000US391291507799999,Circleville Township (Pickaway),COUSUB,2024,24,288243.5,26245.495453794356,82938,1487.0,3.475409341918059,288243.5,82938.0
M100000US391292015699999,Darby Township (Pickaway),COUSUB,2014,22,140950.0,23165.653098013936,56371,981.0,2.500399141402494,186766.96636759938,74694.86102240472
M100000US391292015699999,Darby Township (Pickaway),COUSUB,2015,16,162700.0,29864.647110005255,58192,1604.0,2.795916964531207,215331.39099727024,77016.37556799724
M100000US391292015699999,Darby Township (Pickaway),COUSUB,2016,34,161500.0,23085.459890664,60294,1005.0,2.678541811788901,211080.39973834096,78804.22056856676
M100000US391292015699999,Darby Township (Pickaway),COUSUB,2017,39,190000.0,51095.72356529046,63764,1469.0,2.9797377830750893,243149.92656657964,81601.11535574413
M100000US391292015699999,Darby Township (Pickaway),COUSUB,2018,23,195000.0,33471.769316348626,64052,1189.0,3.0444014238431274,243598.7646700411,80015.32345972037
M100000US391292015699999,Darby Township (Pickaway),COUSUB,2019,30,199750.0,33865.6965374094,67207,1091.0,2.9721606380287766,245091.57875591124,82462.42670061841
M100000US391292015699999,Darby Township (Pickaway),COUSUB,2020,42,230000.0,25782.323508002675,66715,579.0,3.447500562092483,278768.9472240361,80861.17527848508
M100000US391292015699999,Darby Township (Pickaway),COUSUB,2021,25,261500.0,41080.30015675413,71839,1250.0,3.640084076894166,302726.03424733365,83164.57198582869
M100000US391292015699999,Darby Township (Pickaway),COUSUB,2022,32,301250.0,82726.0317384576,75777,1639.0,3.975480686751917,322901.7486460167,81223.32218140816
M100000US391292015699999,Darby Township (Pickaway),COUSUB,2023,22,277450.0,52400.99857186679,77390,1550.0,3.5850885127277428,285633.21884989267,79672.57093816253
M100000US391292015699999,Darby Township (Pickaway),COUSUB,2024,31,315000.0,55256.80920250984,82938,1487.0,3.798017796426246,315000.0,82938.0
M100000US391293397899999,Harrison Township (Pickaway),COUSUB,2014,13,169900.0,44732.93246349949,56371,981.0,3.0139610792783524,225127.40394363343,74694.86102240472
M100000US391293397899999,Harrison Township (Pickaway),COUSUB,2016,13,230000.0,44867.39420713181,60294,1005.0,3.814641589544565,300609.85721249797,78804.22056856676
M100000US391293397899999,Harrison Township (Pickaway),COUSUB,2019,12,227500.0,60277.229157329086,67207,1091.0,3.385064055827518,279140.59658057475,82462.42670061841
M100000US391293397899999,Harrison Township (Pickaway),COUSUB,2020,14,167250.0,58950.35613826657,66715,579.0,2.5069324739563816,202713.5061879132,80861.17527848508
M100000US391293397899999,Harrison Township (Pickaway),COUSUB,2021,11,350000.0,86447.13812357506,71839,1250.0,4.872005456646112,405178.24851459573,83164.57198582869
M100000US391293397899999,Harrison Township (Pickaway),COUSUB,2022,14,310000.0,78759.63419371578,75777,1639.0,4.090951080143052,332280.63761083875,81223.32218140816
M100000US391293397899999,Harrison Township (Pickaway),COUSUB,2023,11,300000.0,78667.8712200906,77390,1550.0,3.876469828143171,308848.3173723835,79672.57093816253
M100000US391293397899999,Harrison Township (Pickaway),COUSUB,2024,23,354163.0,108700.22891526247,82938,1487.0,4.270213894716536,354163.0,82938.0
M100000US391293798299999,Jackson Township (Pickaway),COUSUB,2017,12,225000.5,50703.66079298033,63764,1469.0,3.528644689793614,287941.34238128265,81601.11535574413
M100000US391293798299999,Jackson Township (Pickaway),COUSUB,2020,11,304500.0,51083.591959195044,66715,579.0,4.564190961552874,369065.8453466043,80861.17527848508
M100000US391293798299999,Jackson Township (Pickaway),COUSUB,2021,14,366950.0,55323.87614073613,71839,1250.0,5.1079497209036875,424800.4522640883,83164.57198582869
M100000US391294656499999,Madison Township (Pickaway),COUSUB,2015,13,205000.0,55610.37042654755,58192,1604.0,3.5228210063238934,271314.90568187094,77016.37556799724
M100000US391294656499999,Madison Township (Pickaway),COUSUB,2017,13,239900.0,44318.19598520155,63764,1469.0,3.762311021893231,307008.77570169716,81601.11535574413
M100000US391294656499999,Madison Township (Pickaway),COUSUB,2020,12,307504.5,64685.37413982595,66715,579.0,4.609225811286817,372707.4162245809,80861.17527848508
M100000US391294656499999,Madison Township (Pickaway),COUSUB,2021,13,400000.0,75636.17132175263,71839,1250.0,5.568006236166984,463060.85544525227,83164.57198582869
M100000US391294656499999,Madison Township (Pickaway),COUSUB,2022,13,339900.0,109101.81590000172,75777,1639.0,4.485529910131042,364329.6410449164,81223.32218140816
M100000US391294656499999,Madison Township (Pickaway),COUSUB,2023,14,395750.0,117118.86721060288,77390,1550.0,5.113709781625533,407422.4053337359,79672.57093816253
M100000US391295153499999,Monroe Township (Pickaway),COUSUB,2017,16,176000.0,40052.5088430476,63764,1469.0,2.760178156953767,225233.61618798957,81601.11535574413
M100000US391295153499999,Monroe Township (Pickaway),COUSUB,2019,15,205000.0,34821.45102557626,67207,1091.0,3.050277500855566,251533.28483084758,82462.42670061841
M100000US391295153499999,Monroe Township (Pickaway),COUSUB,2021,15,310000.0,53043.85960640282,71839,1250.0,4.315204833029413,358872.1629700705,83164.57198582869
M100000US391295153499999,Monroe Township (Pickaway),COUSUB,2023,16,281250.0,51000.119198087814,77390,1550.0,3.634190463884223,289545.2975366095,79672.57093816253
M100000US391296248499999,Pickaway Township (Pickaway),COUSUB,2014,17,160000.0,25865.710211904865,56371,981.0,2.8383388621809087,212009.32684509328,74694.86102240472
M100000US391296248499999,Pickaway Township (Pickaway),COUSUB,2015,19,160000.0,27118.417788215353,58192,1604.0,2.7495188342040144,211757.9751663383,77016.37556799724
M100000US391296248499999,Pickaway Township (Pickaway),COUSUB,2016,14,151450.0,36361.132583200124,60294,1005.0,2.511858559724019,197945.055977534,78804.22056856676
M100000US391296248499999,Pickaway Township (Pickaway),COUSUB,2017,22,171300.0,32628.67651936773,63764,1469.0,2.686468853898752,219218.85484660574,81601.11535574413
M100000US391296248499999,Pickaway Township (Pickaway),COUSUB,2018,24,228250.0,27598.124718696574,64052,1189.0,3.563510897395866,285135.4771073686,80015.32345972037
M100000US391296248499999,Pickaway Township (Pickaway),COUSUB,2019,16,179500.0,37314.64890202678,67207,1091.0,2.6708527385540197,220244.99818115678,82462.42670061841
M100000US391296248499999,Pickaway Township (Pickaway),COUSUB,2021,23,234000.0,43363.679891997825,71839,1250.0,3.257283648157686,270890.60043547256,83164.57198582869
M100000US391296248499999,Pickaway Township (Pickaway),COUSUB,2022,15,310000.0,59645.074445484854,75777,1639.0,4.090951080143052,332280.63761083875,81223.32218140816
M100000US391297018499999,Saltcreek Township (Pickaway),COUSUB,2015,22,174500.0,34297.80861257683,58192,1604.0,2.998693978553753,230948.5416657877,77016.37556799724
M100000US391297018499999,Saltcreek Township (Pickaway),COUSUB,2016,19,186500.0,21626.52541188791,60294,1005.0,3.09317676717418,243755.38421796032,78804.22056856676
M100000US391297018499999,Saltcreek Township (Pickaway),COUSUB,2017,14,128000.0,64734.623561678505,63764,1469.0,2.007402295966376,163806.26631853788,81601.11535574413
M100000US391297018499999,Saltcreek Township (Pickaway),COUSUB,2018,22,185000.0,28687.50960033128,64052,1189.0,2.888278273902454,231106.5203279877,80015.32345972037
M100000US391297018499999,Saltcreek Township (Pickaway),COUSUB,2019,24,181875.0,90925.47755118072,67207,1091.0,2.7061913193566145,223159.10331029465,82462.42670061841
M100000US391297018499999,Saltcreek Township (Pickaway),COUSUB,2020,16,257000.0,39502.775214881745,66715,579.0,3.8522071498163832,311493.997550336,80861.17527848508
M100000US391297018499999,Saltcreek Township (Pickaway),COUSUB,2021,20,264000.0,58580.725589606714,71839,1250.0,3.67488411587021,305620.1645938665,83164.57198582869
M100000US391297018499999,Saltcreek Township (Pickaway),COUSUB,2022,21,349000.0,64224.876795626,75777,1639.0,4.605619119257822,374083.6855683314,81223.32218140816
M100000US391297018499999,Saltcreek Township (Pickaway),COUSUB,2023,23,390000.0,59219.91405127933,77390,1550.0,5.039410776586122,401502.81258409854,79672.57093816253
M100000US391297018499999,Saltcreek Township (Pickaway),COUSUB,2024,13,330000.0,47956.65392593412,82938,1487.0,3.978875786732258,330000.0,82938.0
M100000US391297087099999,Scioto Township (Pickaway),COUSUB,2014,69,163183.0,10418.082457519826,56371,981.0,2.89480406592042,216226.98739101787,74694.86102240472
M100000US391297087099999,Scioto Township (Pickaway),COUSUB,2015,77,150000.0,14888.10193923333,58192,1604.0,2.5776739070662633,198523.10171844214,77016.37556799724
M100000US391297087099999,Scioto Township (Pickaway),COUSUB,2016,106,164255.0,13824.302377825956,60294,1005.0,2.724234583872359,214681.18302799502,78804.22056856676
M100000US391297087099999,Scioto Township (Pickaway),COUSUB,2017,82,175000.0,13511.434800049441,63764,1469.0,2.7444953265165295,223953.879732376,81601.11535574413
M100000US391297087099999,Scioto Township (Pickaway),COUSUB,2018,92,165250.0,12117.320372772032,64052,1189.0,2.5799350527696245,206434.33775243224,80015.32345972037
M100000US391297087099999,Scioto Township (Pickaway),COUSUB,2019,79,193500.0,17050.534649417852,67207,1091.0,2.87916437275879,237422.88104765367,82462.42670061841
M100000US391297087099999,Scioto Township (Pickaway),COUSUB,2020,85,211500.0,13786.415426518031,66715,579.0,3.170201603837218,256346.2275560158,80861.17527848508
M100000US391297087099999,Scioto Township (Pickaway),COUSUB,2021,95,240000.0,27532.70890602292,71839,1250.0,3.340803741700191,277836.5132671514,83164.57198582869
M100000US391297087099999,Scioto Township (Pickaway),COUSUB,2022,86,275000.0,27588.847105220346,75777,1639.0,3.6290695065785132,294765.0817515505,81223.32218140816
M100000US391297087099999,Scioto Township (Pickaway),COUSUB,2023,63,315000.0,31732.67633993577,77390,1550.0,4.07029331955033,324290.7332410027,79672.57093816253
M100000US391297087099999,Scioto Township (Pickaway),COUSUB,2024,62,326250.0,34320.946140664935,82938,1487.0,3.9336612891557547,326250.0,82938.0
M100000US391298059899999,Walnut Township (Pickaway),COUSUB,2014,11,185000.0,59148.250406654115,56371,981.0,3.2818293093966755,245135.78416463913,74694.86102240472
M100000US391298059899999,Walnut Township (Pickaway),COUSUB,2015,28,179900.0,30577.262429373375,58192,1604.0,3.0914902392081385,238095.3733276516,77016.37556799724
M100000US391298059899999,Walnut Township (Pickaway),COUSUB,2016,38,209000.0,27781.815604459178,60294,1005.0,3.466348227020931,273162.8702496177,78804.22056856676
M100000US391298059899999,Walnut Township (Pickaway),COUSUB,2017,33,210000.0,31905.342634556448,63764,1469.0,3.293394391819836,268744.6556788512,81601.11535574413
M100000US391298059899999,Walnut Township (Pickaway),COUSUB,2018,33,282900.0,23100.95354493143,64052,1189.0,4.416723911821645,353405.59243669035,80015.32345972037
M100000US391298059899999,Walnut Township (Pickaway),COUSUB,2019,23,260000.0,23204.31958745298,67207,1091.0,3.868644635231449,319017.824663514,82462.42670061841
M100000US391298059899999,Walnut Township (Pickaway),COUSUB,2020,32,283750.0,36305.86441036485,66715,579.0,4.253166454320618,343916.03815139236,80861.17527848508
M100000US391298059899999,Walnut Township (Pickaway),COUSUB,2021,25,300000.0,68497.60127601765,71839,1250.0,4.176004677125238,347295.6415839392,83164.57198582869
M100000US391298059899999,Walnut Township (Pickaway),COUSUB,2022,30,382500.0,45976.20260961815,75777,1639.0,5.047705768241023,409991.43189079297,81223.32218140816
M100000US391298059899999,Walnut Township (Pickaway),COUSUB,2023,24,337500.0,60208.69206611382,77390,1550.0,4.361028556661068,347454.35704393144,79672.57093816253
M100000US391298059899999,Walnut Township (Pickaway),COUSUB,2024,21,415000.0,69866.70650886945,82938,1487.0,5.003737731799657,415000.0,82938.0
M100000US391298155099999,Washington Township (Pickaway),COUSUB,2014,16,162450.0,37780.83132846241,56371,981.0,2.881800926008054,215255.71966240878,74694.86102240472
M100000US391298155099999,Washington Township (Pickaway),COUSUB,2015,34,161950.0,24612.153314555122,58192,1604.0,2.7830285949958755,214338.77548867805,77016.37556799724
M100000US391298155099999,Washington Township (Pickaway),COUSUB,2016,36,168000.0,29019.606650677455,60294,1005.0,2.7863469001890735,219575.895703042,78804.22056856676
M100000US391298155099999,Washington Township (Pickaway),COUSUB,2017,30,160000.0,30108.924693986657,63764,1469.0,2.50925286995797,204757.83289817235,81601.11535574413
M100000US391298155099999,Washington Township (Pickaway),COUSUB,2018,38,185000.0,43807.8304647802,64052,1189.0,2.888278273902454,231106.5203279877,80015.32345972037
M100000US391298155099999,Washington Township (Pickaway),COUSUB,2019,34,195950.0,22919.461144807534,67207,1091.0,2.9156189087446247,240429.01054929063,82462.42670061841
M100000US391298155099999,Washington Township (Pickaway),COUSUB,2020,28,238500.0,25599.780959371015,66715,579.0,3.5749081915611183,289071.2778823157,80861.17527848508
M100000US391298155099999,Washington Township (Pickaway),COUSUB,2021,31,249900.0,49054.02581946646,71839,1250.0,3.4786118960453236,289297.26943942136,83164.57198582869
M100000US391298155099999,Washington Township (Pickaway),COUSUB,2022,36,260000.0,28943.075413791154,75777,1639.0,3.4311202607651397,278686.98638328415,81223.32218140816
M100000US391298155099999,Washington Township (Pickaway),COUSUB,2023,39,301500.0,26754.42610675431,77390,1550.0,3.8958521772838868,310392.55895924545,79672.57093816253
M100000US391298155099999,Washington Township (Pickaway),COUSUB,2024,27,320000.0,46239.52501992709,82938,1487.0,3.8583037931949167,320000.0,82938.0
M100000US3913036,Centerburg,PLACE,2012,12,124400.0,29014.897891449607,53699,1282.0,2.3166166967727517,169964.85796667164,73367.70826328215
M100000US3913036,Centerburg,PLACE,2013,18,123500.0,22779.496406377446,54079,1130.0,2.2836960742617283,166299.32348029895,72820.25193919908
M100000US3913036,Centerburg,PLACE,2014,16,117450.0,28665.48548865927,56371,981.0,2.083518121019673,155628.09648722628,74694.86102240472
M100000US3913036,Centerburg,PLACE,2015,25,118600.0,18616.732703426154,58192,1604.0,2.0380808358537257,156965.59909204824,77016.37556799724
M100000US3913036,Centerburg,PLACE,2016,14,207950.0,30266.947804188007,60294,1005.0,3.448933558894749,271790.5209014737,78804.22056856676
M100000US3913036,Centerburg,PLACE,2017,22,146000.0,20358.36603402421,63764,1469.0,2.2896932438366475,186841.52251958224,81601.11535574413
M100000US3913036,Centerburg,PLACE,2018,15,140000.0,36516.62382924926,64052,1189.0,2.1857240991694247,174891.42078874743,80015.32345972037
M100000US3913036,Centerburg,PLACE,2019,19,167000.0,25681.613576114483,67207,1091.0,2.4848602080140463,204907.60276464166,82462.42670061841
M100000US3913036,Centerburg,PLACE,2020,18,188000.0,36444.181430475066,66715,579.0,2.817956981188638,227863.31338312515,80861.17527848508
M100000US3913036,Centerburg,PLACE,2021,16,279000.0,51944.12466810528,71839,1250.0,3.8836843497264715,322984.94667306344,83164.57198582869
M100000US3913036,Centerburg,PLACE,2022,25,243000.0,40615.42648821696,75777,1639.0,3.20677778217665,260465.14496591556,81223.32218140816
M100000US3913036,Centerburg,PLACE,2023,16,310000.0,51735.70793014603,77390,1550.0,4.0056854890812765,319143.2612847963,79672.57093816253
M100000US3913036,Centerburg,PLACE,2024,14,315000.0,36024.4680660928,82938,1487.0,3.798017796426246,315000.0,82938.0
M100000US391411663099999,Colerain Township (Ross),COUSUB,2020,11,159200.0,60051.295069010404,66715,579.0,2.386269954283145,192956.59303507194,80861.17527848508
M100000US391411823899999,Concord Township (Ross),COUSUB,2015,12,122000.0,26480.81223060636,58192,1604.0,2.096508111080561,161465.45606433295,77016.37556799724
M100000US391411823899999,Concord Township (Ross),COUSUB,2018,11,135900.0,38471.774572344766,64052,1189.0,2.121713607693749,169769.60060850557,80015.32345972037
M100000US391411823899999,Concord Township (Ross),COUSUB,2022,14,254950.0,36402.71858826524,75777,1639.0,3.364477348007971,273274.0276093011,81223.32218140816
M100000US391413182299999,Green Township (Ross),COUSUB,2015,14,253500.0,45774.48535069458,58192,1604.0,4.356268902941985,335504.0419041672,77016.37556799724
M100000US391413182299999,Green Township (Ross),COUSUB,2016,14,184000.0,25667.308031310477,60294,1005.0,3.051713271635652,240487.8857699984,78804.22056856676
M100000US391413182299999,Green Township (Ross),COUSUB,2017,11,179900.0,37783.138818737854,63764,1469.0,2.8213411956589924,230224.5883648825,81601.11535574413
M100000US391413182299999,Green Township (Ross),COUSUB,2018,16,198700.0,24248.410513565843,64052,1189.0,3.1021669893211765,248220.89507660083,80015.32345972037
M100000US391413182299999,Green Township (Ross),COUSUB,2020,15,247000.0,33754.27608823053,66715,579.0,3.7023158210297535,299373.6085405953,80861.17527848508
M100000US391413182299999,Green Township (Ross),COUSUB,2021,14,264594.5,38428.733859908105,71839,1250.0,3.683159565138713,306308.388790272,83164.57198582869
M100000US391413182299999,Green Township (Ross),COUSUB,2022,17,295500.0,46061.604574285695,75777,1639.0,3.899600142523457,316738.4787548479,81223.32218140816
M100000US391413182299999,Green Township (Ross),COUSUB,2023,18,312500.0,59502.690017586654,77390,1550.0,4.037989404315803,321716.9972628995,79672.57093816253
M100000US391413182299999,Green Township (Ross),COUSUB,2024,16,328700.0,47628.91140221865,82938,1487.0,3.9632014275724035,328700.0,82938.0
M100000US391413689099999,Huntington Township (Ross),COUSUB,2021,13,240000.0,45693.41962886835,71839,1250.0,3.340803741700191,277836.5132671514,83164.57198582869
M100000US391413689099999,Huntington Township (Ross),COUSUB,2022,15,200000.0,33240.16677498854,75777,1639.0,2.639323277511646,214374.60491021856,81223.32218140816
M100000US391413689099999,Huntington Township (Ross),COUSUB,2023,14,215000.0,46076.56885521815,77390,1550.0,2.7781367101692727,221341.29411687487,79672.57093816253
M100000US391417089899999,Scioto Township (Ross),COUSUB,2016,16,130500.0,33925.36273801299,60294,1005.0,2.1643944671111552,170563.418983613,78804.22056856676
M100000US391417089899999,Scioto Township (Ross),COUSUB,2022,21,211000.0,47159.844747534255,75777,1639.0,2.7844860577747865,226165.20818028058,81223.32218140816
M100000US391417089899999,Scioto Township (Ross),COUSUB,2024,14,224950.0,118048.75725256915,82938,1487.0,2.712266994622489,224950.0,82938.0
M100000US391417412999999,Springfield Township (Ross),COUSUB,2021,12,262555.0,40952.035440559855,71839,1250.0,3.6547696933420566,303947.3572535705,83164.57198582869
M100000US391417800899999,Twin Township (Ross),COUSUB,2021,11,220000.0,40824.252382707775,71839,1250.0,3.0624034298918414,254683.47049488875,83164.57198582869
M100000US391417854099999,Union Township (Ross),COUSUB,2016,21,170000.0,30402.336653223134,60294,1005.0,2.819517696619896,222189.89446141155,78804.22056856676
M100000US391417854099999,Union Township (Ross),COUSUB,2017,14,145250.0,45436.2159950848,63764,1469.0,2.2779311210087196,185881.72017787208,81601.11535574413
M100000US391417854099999,Union Township (Ross),COUSUB,2018,21,165000.0,50457.48569332156,64052,1189.0,2.5760319740211077,206122.0316438809,80015.32345972037
M100000US391417854099999,Union Township (Ross),COUSUB,2019,18,182500.0,17419.1096849613,67207,1091.0,2.715490945883613,223925.9730811204,82462.42670061841
M100000US391417854099999,Union Township (Ross),COUSUB,2020,32,162000.0,22831.001887051378,66715,579.0,2.428239526343401,196350.30195779933,80861.17527848508
M100000US391417854099999,Union Township (Ross),COUSUB,2021,36,201000.0,35233.96479462529,71839,1250.0,2.7979231336739097,232688.07986123927,83164.57198582869
M100000US391417854099999,Union Township (Ross),COUSUB,2022,20,232500.0,43528.07801612869,75777,1639.0,3.0682133101072884,249210.47820812906,81223.32218140816
M100000US391417854099999,Union Township (Ross),COUSUB,2023,25,235400.0,33088.227997317816,77390,1550.0,3.0417366584830083,242342.97969819693,79672.57093816253
M100000US391417854099999,Union Township (Ross),COUSUB,2024,28,258550.0,41665.01177176661,82938,1487.0,3.117388892907955,258550.0,82938.0
M100000US3914184,Chillicothe,PLACE,2012,18,41500.5,21071.302499530837,53699,1282.0,0.772835620775061,56701.17836049724,73367.70826328215
M100000US3914184,Chillicothe,PLACE,2013,15,65900.0,28272.216286777122,54079,1130.0,1.2185876218125336,88737.85763037814,72820.25193919908
M100000US3914184,Chillicothe,PLACE,2014,26,27800.0,16226.222296622054,56371,981.0,0.4931613773039329,36836.62053933496,74694.86102240472
M100000US3914184,Chillicothe,PLACE,2015,46,76837.0,20918.206483233655,58192,1604.0,1.3204048666483366,101692.79711159959,77016.37556799724
M100000US3914184,Chillicothe,PLACE,2016,65,123000.0,20094.254502035674,60294,1005.0,2.040003980495572,160760.92363972717,78804.22056856676
M100000US3914184,Chillicothe,PLACE,2017,80,122750.0,16696.731934631825,63764,1469.0,1.9250674361708802,157087.64992656658,81601.11535574413
M100000US3914184,Chillicothe,PLACE,2018,64,132250.0,18736.161151715103,64052,1189.0,2.064728657965403,165209.93142365606,80015.32345972037
M100000US3914184,Chillicothe,PLACE,2019,80,137850.0,15864.814542958371,67207,1091.0,2.051125626794828,169140.79665332846,82462.42670061841
M100000US3914184,Chillicothe,PLACE,2020,77,165000.0,16945.031678327574,66715,579.0,2.4732069249793898,199986.41866072154,80861.17527848508
M100000US3914184,Chillicothe,PLACE,2021,100,172500.0,20667.53988230613,71839,1250.0,2.401202689347012,199694.99391076504,83164.57198582869
M100000US3914184,Chillicothe,PLACE,2022,90,179900.0,16198.949648545495,75777,1639.0,2.3740712881217254,192829.9571167416,81223.32218140816
M100000US3914184,Chillicothe,PLACE,2023,102,196000.0,17525.413826673608,77390,1550.0,2.532626954386872,201780.90068329056,79672.57093816253
M100000US3914184,Chillicothe,PLACE,2024,108,190000.0,18556.91050641119,82938,1487.0,2.290867877209482,190000.0,82938.0
M100000US3915070,Circleville,PLACE,2012,104,105000.0,8142.6112735534325,53699,1282.0,1.9553436749287696,143459.084296628,73367.70826328215
M100000US3915070,Circleville,PLACE,2013,127,106300.0,9221.933992893244,54079,1130.0,1.9656428558220382,143138.60798344758,72820.25193919908
M100000US3915070,Circleville,PLACE,2014,132,108025.0,9037.170304350373,56371,981.0,1.916322222419329,143139.4220777575,74694.86102240472
M100000US3915070,Circleville,PLACE,2015,137,115000.0,8138.896526124702,58192,1604.0,1.9762166620841353,152201.04465080565,77016.37556799724
M100000US3915070,Circleville,PLACE,2016,160,130500.0,7951.648674903366,60294,1005.0,2.1643944671111552,170563.418983613,78804.22056856676
M100000US3915070,Circleville,PLACE,2017,174,125000.0,9099.516629100894,63764,1469.0,1.960353804654664,159967.05695169713,81601.11535574413
M100000US3915070,Circleville,PLACE,2018,176,133400.0,8469.339636115012,64052,1189.0,2.0826828202085803,166646.5395229922,80015.32345972037
M100000US3915070,Circleville,PLACE,2019,154,140000.0,9073.038279459253,67207,1091.0,2.0831163420477035,171778.82866496907,82462.42670061841
M100000US3915070,Circleville,PLACE,2020,149,152900.0,9872.212141517017,66715,579.0,2.291838417147568,185320.7479589353,80861.17527848508
M100000US3915070,Circleville,PLACE,2021,162,174950.0,10201.336840855207,71839,1250.0,2.435306727543535,202531.2416503672,83164.57198582869
M100000US3915070,Circleville,PLACE,2022,194,191750.0,11771.487741173134,75777,1639.0,2.5304511923142905,205531.65245767205,81223.32218140816
M100000US3915070,Circleville,PLACE,2023,179,213000.0,11502.476703160382,77390,1550.0,2.7522935779816513,219282.3053343923,79672.57093816253
M100000US3915070,Circleville,PLACE,2024,182,245000.0,12570.370166643657,82938,1487.0,2.954013841664858,245000.0,82938.0
M100000US391590133699999,Allen Township (Union),COUSUB,2012,20,251250.0,40918.70817861392,53699,1282.0,4.678858079293842,343277.09456693125,73367.70826328215
M100000US391590133699999,Allen Township (Union),COUSUB,2013,30,261000.0,36576.96942618117,54079,1130.0,4.826272675160413,351450.3921324536,72820.25193919908
M100000US391590133699999,Allen Township (Union),COUSUB,2014,25,225000.0,39317.989903579786,56371,981.0,3.9914140249419026,298138.1158759124,74694.86102240472
M100000US391590133699999,Allen Township (Union),COUSUB,2015,37,247000.0,27027.70578416309,58192,1604.0,4.244569700302447,326901.3741630347,77016.37556799724
M100000US391590133699999,Allen Township (Union),COUSUB,2016,39,283500.0,34016.23737888561,60294,1005.0,4.7019603940690615,370534.32399888337,78804.22056856676
M100000US391590133699999,Allen Township (Union),COUSUB,2017,30,297450.0,39092.98361902122,63764,1469.0,4.664857913556238,380657.6087222585,81601.11535574413
M100000US391590133699999,Allen Township (Union),COUSUB,2018,21,339337.0,35832.85016302075,64052,1189.0,5.297836133141822,423908.0718299371,80015.32345972037
M100000US391590133699999,Allen Township (Union),COUSUB,2019,28,379000.0,55205.71793717031,67207,1091.0,5.639293525971997,465029.8290287377,82462.42670061841
M100000US391590133699999,Allen Township (Union),COUSUB,2020,28,349000.0,49506.868005241085,66715,579.0,5.231207374653376,423001.57643995044,80861.17527848508
M100000US391590133699999,Allen Township (Union),COUSUB,2021,30,456000.0,52301.31483598804,71839,1250.0,6.347527109230362,527889.3752075876,83164.57198582869
M100000US391590133699999,Allen Township (Union),COUSUB,2022,18,372450.0,84132.37379528472,75777,1639.0,4.915079773546063,399219.1079940545,81223.32218140816
M100000US391590133699999,Allen Township (Union),COUSUB,2023,21,545000.0,64369.37146076271,77390,1550.0,7.042253521126761,561074.4432264967,79672.57093816253
M100000US391590133699999,Allen Township (Union),COUSUB,2024,14,544500.0,88400.05208606014,82938,1487.0,6.565145048108225,544500.0,82938.0
M100000US391591511299999,Claibourne Township (Union),COUSUB,2014,18,95250.0,23800.63467437446,56371,981.0,1.6896986038920723,126211.8023874696,74694.86102240472
M100000US391591511299999,Claibourne Township (Union),COUSUB,2015,21,185000.0,31608.913469180865,58192,1604.0,3.1791311520483916,244845.15878607865,77016.37556799724
M100000US391591511299999,Claibourne Township (Union),COUSUB,2016,17,136500.0,44299.582233592766,60294,1005.0,2.263906856403622,178405.41525872162,78804.22056856676
M100000US391591511299999,Claibourne Township (Union),COUSUB,2017,22,156250.0,30653.89241033827,63764,1469.0,2.4504422558183303,199958.8211896214,81601.11535574413
M100000US391591511299999,Claibourne Township (Union),COUSUB,2018,12,214000.0,34185.42692118544,64052,1189.0,3.3410354087304066,267334.0289199425,80015.32345972037
M100000US391591511299999,Claibourne Township (Union),COUSUB,2019,17,272000.0,46117.8404298661,67207,1091.0,4.047197464549824,333741.72426336847,82462.42670061841
M100000US391591511299999,Claibourne Township (Union),COUSUB,2020,12,294450.0,164900.2534490595,66715,579.0,4.413550176122311,356884.8543918149,80861.17527848508
M100000US391591511299999,Claibourne Township (Union),COUSUB,2021,15,250000.0,41960.75004676115,71839,1250.0,3.4800038976043655,289413.03465328267,83164.57198582869
M100000US391591511299999,Claibourne Township (Union),COUSUB,2022,16,232500.0,57779.760304168005,75777,1639.0,3.0682133101072884,249210.47820812906,81223.32218140816
M100000US391591511299999,Claibourne Township (Union),COUSUB,2023,12,230750.0,70378.68193330652,77390,1550.0,2.981651376146789,237555.83077892498,79672.57093816253
M100000US391591511299999,Claibourne Township (Union),COUSUB,2024,17,305000.0,60282.89152744945,82938,1487.0,3.6774458028889048,305000.0,82938.0
M100000US391592017099999,Darby Township (Union),COUSUB,2014,12,212250.0,52715.08006323282,56371,981.0,3.7652338968618615,281243.62264294404,74694.86102240472
M100000US391592017099999,Darby Township (Union),COUSUB,2015,22,281500.0,48511.279752227914,58192,1604.0,4.837434698927687,372561.6875582764,77016.37556799724
M100000US391592017099999,Darby Township (Union),COUSUB,2016,21,309000.0,47864.659788255274,60294,1005.0,5.124888048562046,403862.8081680951,78804.22056856676
M100000US391592017099999,Darby Township (Union),COUSUB,2017,20,311000.0,41513.68656387262,63764,1469.0,4.877360265980804,397998.0376958225,81601.11535574413
M100000US391592017099999,Darby Township (Union),COUSUB,2018,15,400100.0,71690.05000225702,64052,1189.0,6.246487229126335,499814.6961255561,80015.32345972037
M100000US391592017099999,Darby Township (Union),COUSUB,2019,14,358750.0,51555.76433185117,67207,1091.0,5.33798562649724,440183.2484539832,82462.42670061841
M100000US391592017099999,Darby Township (Union),COUSUB,2020,23,395000.0,66365.5778745403,66715,579.0,5.920707487071873,478755.36588475766,80861.17527848508
M100000US391592017099999,Darby Township (Union),COUSUB,2021,26,444000.0,77031.78145300604,71839,1250.0,6.180486922145353,513997.54954423,83164.57198582869
M100000US391592017099999,Darby Township (Union),COUSUB,2022,13,421500.0,100939.48054726468,75777,1639.0,5.562373807355794,451794.4798482856,81223.32218140816
M100000US391592017099999,Darby Township (Union),COUSUB,2023,15,630000.0,95539.10250749059,77390,1550.0,8.14058663910066,648581.4664820054,79672.57093816253
M100000US391592017099999,Darby Township (Union),COUSUB,2024,19,610000.0,90253.64507643273,82938,1487.0,7.3548916057778095,610000.0,82938.0
M100000US391592248499999,Dover Township (Union),COUSUB,2012,15,155000.0,27544.247796325028,53699,1282.0,2.8864597106091363,211772.93396168892,73367.70826328215
M100000US391592248499999,Dover Township (Union),COUSUB,2013,14,177459.5,41413.85939362768,54079,1130.0,3.2814863440522197,238958.662308924,72820.25193919908
M100000US391592248499999,Dover Township (Union),COUSUB,2014,22,128000.0,28242.420777331317,56371,981.0,2.270671089744727,169607.46147607462,74694.86102240472
M100000US391592248499999,Dover Township (Union),COUSUB,2015,32,168250.0,21933.62105660302,58192,1604.0,2.8912908990926587,222676.7457608526,77016.37556799724
M100000US391592248499999,Dover Township (Union),COUSUB,2016,23,199900.0,35208.9847237611,60294,1005.0,3.3154211032606895,261269.1758990363,78804.22056856676
M100000US391592248499999,Dover Township (Union),COUSUB,2017,26,185500.0,20626.943903544194,63764,1469.0,2.9091650461075216,237391.11251631854,81601.11535574413
M100000US391592248499999,Dover Township (Union),COUSUB,2018,16,181750.0,38111.95873208146,64052,1189.0,2.8375382501717357,227046.54091682035,80015.32345972037
M100000US391592248499999,Dover Township (Union),COUSUB,2019,27,237500.0,33945.96619911304,67207,1091.0,3.5338580802594968,291410.5129137868,82462.42670061841
M100000US391592248499999,Dover Township (Union),COUSUB,2020,26,241387.5,35063.24104117117,66715,579.0,3.6181893127482576,292571.0402088783,80861.17527848508
M100000US391592248499999,Dover Township (Union),COUSUB,2021,19,250000.0,54307.6205857316,71839,1250.0,3.4800038976043655,289413.03465328267,83164.57198582869
M100000US391592248499999,Dover Township (Union),COUSUB,2022,22,275000.0,44788.206619414756,75777,1639.0,3.6290695065785132,294765.0817515505,81223.32218140816
M100000US391592248499999,Dover Township (Union),COUSUB,2023,20,385000.0,128681.66212702787,77390,1550.0,4.9748029461170695,396355.3406278922,79672.57093816253
M100000US391592248499999,Dover Township (Union),COUSUB,2024,20,314000.0,116205.4468619507,82938,1487.0,3.785960597072512,314000.0,82938.0
M100000US391593810899999,Jackson Township (Union),COUSUB,2015,12,179950.0,43340.868062641915,58192,1604.0,3.0923494638438274,238161.54769489108,77016.37556799724
M100000US391593810899999,Jackson Township (Union),COUSUB,2016,12,113750.0,43988.611018819916,60294,1005.0,1.8865890470030184,148671.17938226802,78804.22056856676
M100000US391593810899999,Jackson Township (Union),COUSUB,2022,12,287450.0,91154.80942816622,75777,1639.0,3.7933673806036134,308109.90090721165,81223.32218140816
M100000US391593810899999,Jackson Township (Union),COUSUB,2023,11,260000.0,91847.61300532102,77390,1550.0,3.359607184390748,267668.54172273236,79672.57093816253
M100000US391593904699999,Jerome Township (Union),COUSUB,2012,58,310000.0,60090.92255783474,53699,1282.0,5.772919421218273,423545.86792337784,73367.70826328215
M100000US391593904699999,Jerome Township (Union),COUSUB,2013,72,306750.0,43790.43530303536,54079,1130.0,5.672257253277612,413055.2022476251,72820.25193919908
M100000US391593904699999,Jerome Township (Union),COUSUB,2014,77,328715.0,42465.372544218175,56371,981.0,5.831278494261234,435566.53671178024,74694.86102240472
M100000US391593904699999,Jerome Township (Union),COUSUB,2015,94,359450.0,35776.033179517915,58192,1604.0,6.176965905966456,475727.52608462685,77016.37556799724
M100000US391593904699999,Jerome Township (Union),COUSUB,2016,114,406649.5,24723.048851296466,60294,1005.0,6.744443891597837,531490.6440457987,78804.22056856676
M100000US391593904699999,Jerome Township (Union),COUSUB,2017,133,409000.0,25602.926050642098,63764,1469.0,6.414277648830061,523412.210345953,81601.11535574413
M100000US391593904699999,Jerome Township (Union),COUSUB,2018,150,412730.0,25357.711555207927,64052,1189.0,6.4436707675014055,515592.40072956955,80015.32345972037
M100000US391593904699999,Jerome Township (Union),COUSUB,2019,169,452150.0,23490.133297993398,67207,1091.0,6.727721814691922,554784.2670061841,82462.42670061841
M100000US391593904699999,Jerome Township (Union),COUSUB,2020,161,479000.0,25575.916546497854,66715,579.0,7.179794648879563,580566.6335665795,80861.17527848508
M100000US391593904699999,Jerome Township (Union),COUSUB,2021,232,579451.0,27745.266171744723,71839,1250.0,8.065966953882988,670802.6893715172,83164.57198582869
M100000US391593904699999,Jerome Township (Union),COUSUB,2022,288,627876.5,25631.540223128886,75777,1639.0,8.285845309262704,673003.8830995542,81223.32218140816
M100000US391593904699999,Jerome Township (Union),COUSUB,2023,256,652145.0,28016.72133663547,77390,1550.0,8.426734720248094,671379.6197760435,79672.57093816253
M100000US391593904699999,Jerome Township (Union),COUSUB,2024,272,658950.0,37472.18789484166,82938,1487.0,7.945091514143095,658950.0,82938.0
M100000US391594249099999,Leesburg Township (Union),COUSUB,2014,11,136500.0,37054.15257962711,56371,981.0,2.421457841798088,180870.45696472022,74694.86102240472
M100000US391594249099999,Leesburg Township (Union),COUSUB,2016,20,265750.0,88928.04456554512,60294,1005.0,4.407569575745514,347335.08501835365,78804.22056856676
M100000US391594249099999,Leesburg Township (Union),COUSUB,2017,15,244000.0,29700.298335950214,63764,1469.0,3.826610626685904,312255.6951697128,81601.11535574413
M100000US391594249099999,Leesburg Township (Union),COUSUB,2019,12,210950.0,49634.112138375676,67207,1091.0,3.138809945392593,258833.88504910877,82462.42670061841
M100000US391594249099999,Leesburg Township (Union),COUSUB,2021,13,254900.0,82941.39624349041,71839,1250.0,3.548211973997411,295085.530132487,83164.57198582869
M100000US391594249099999,Leesburg Township (Union),COUSUB,2022,12,304000.0,49243.10679444544,75777,1639.0,4.011771381817702,325849.3994635322,81223.32218140816
M100000US391594335899999,Liberty Township (Union),COUSUB,2012,11,156500.0,34328.78576291195,53699,1282.0,2.914393191679547,213822.34945164077,73367.70826328215
M100000US391594335899999,Liberty Township (Union),COUSUB,2013,22,171000.0,28976.043674878238,54079,1130.0,3.1620407182085466,230260.60174195239,72820.25193919908
M100000US391594335899999,Liberty Township (Union),COUSUB,2014,30,189400.0,24857.024963694315,56371,981.0,3.3598836281066506,250966.0406528792,74694.86102240472
M100000US391594335899999,Liberty Township (Union),COUSUB,2015,27,158000.0,33702.48201905241,58192,1604.0,2.715149848776464,209111.00047675904,77016.37556799724
M100000US391594335899999,Liberty Township (Union),COUSUB,2016,31,155551.0,23895.058980836067,60294,1005.0,2.57987527780542,203305.06043157075,78804.22056856676
M100000US391594335899999,Liberty Township (Union),COUSUB,2017,19,137000.0,36902.14808841119,63764,1469.0,2.1485477699015116,175323.89441906006,81601.11535574413
M100000US391594335899999,Liberty Township (Union),COUSUB,2018,23,162000.0,51192.802350694146,64052,1189.0,2.529195029038906,202374.35834126492,80015.32345972037
M100000US391594335899999,Liberty Township (Union),COUSUB,2019,28,240000.0,30825.74959510344,67207,1091.0,3.5710565863674915,294477.9919970898,82462.42670061841
M100000US391594335899999,Liberty Township (Union),COUSUB,2020,23,275000.0,106951.5759116558,66715,579.0,4.122011541632316,333310.6977678692,80861.17527848508
M100000US391594335899999,Liberty Township (Union),COUSUB,2021,17,362000.0,60145.7324510559,71839,1250.0,5.039045643731121,419070.0741779533,83164.57198582869
M100000US391594335899999,Liberty Township (Union),COUSUB,2022,16,294700.0,65168.48718708764,75777,1639.0,3.8890428494134106,315880.9803352071,81223.32218140816
M100000US391594335899999,Liberty Township (Union),COUSUB,2023,20,275250.0,62090.09648126064,77390,1550.0,3.5566610673213592,283368.33118916187,79672.57093816253
M100000US391594335899999,Liberty Township (Union),COUSUB,2024,18,382500.0,64869.625745715624,82938,1487.0,4.611878752803299,382500.0,82938.0
M100000US391595028899999,Millcreek Township (Union),COUSUB,2014,13,258000.0,38824.60003085431,56371,981.0,4.576821415266715,341865.03953771293,74694.86102240472
M100000US391595028899999,Millcreek Township (Union),COUSUB,2015,16,219750.0,36016.001631429746,58192,1604.0,3.776292273852076,290836.34401751775,77016.37556799724
M100000US391595028899999,Millcreek Township (Union),COUSUB,2016,14,288250.0,72881.82082738927,60294,1005.0,4.780741035592264,376742.571050011,78804.22056856676
M100000US391595028899999,Millcreek Township (Union),COUSUB,2017,14,259950.0,36163.49843759796,63764,1469.0,4.076751772159839,332667.49163674936,81601.11535574413
M100000US391595028899999,Millcreek Township (Union),COUSUB,2018,13,284900.0,40549.45679421254,64052,1189.0,4.4479485418097795,355904.04130510107,80015.32345972037
M100000US391595028899999,Millcreek Township (Union),COUSUB,2019,19,299900.0,29371.515964221126,67207,1091.0,4.462332792715045,367974.7908330302,82462.42670061841
M100000US391595028899999,Millcreek Township (Union),COUSUB,2020,14,320000.0,52718.884934916314,66715,579.0,4.79652252117215,387852.4483117024,80861.17527848508
M100000US391595028899999,Millcreek Township (Union),COUSUB,2021,13,369000.0,69688.62142117691,71839,1250.0,5.1364857528640435,427173.6391482452,83164.57198582869
M100000US391595028899999,Millcreek Township (Union),COUSUB,2024,13,381000.0,96579.94264155162,82938,1487.0,4.593792953772698,381000.0,82938.0
M100000US391595986499999,Paris Township (Union),COUSUB,2012,13,250000.0,43764.69234551159,53699,1282.0,4.6555801784018325,341569.2483253047,73367.70826328215
M100000US391595986499999,Paris Township (Union),COUSUB,2013,12,207700.0,42304.70662144243,54079,1130.0,3.8406775273211413,279679.1051567457,72820.25193919908
M100000US391595986499999,Paris Township (Union),COUSUB,2015,16,182750.0,40487.80196583775,58192,1604.0,3.1404660434423977,241867.31226030202,77016.37556799724
M100000US391595986499999,Paris Township (Union),COUSUB,2016,13,219000.0,86005.85697150971,60294,1005.0,3.632202209175042,286232.86404146545,78804.22056856676
M100000US391595986499999,Paris Township (Union),COUSUB,2017,13,198500.0,50215.203088601746,63764,1469.0,3.1130418417916066,254027.68643929504,81601.11535574413
M100000US391595986499999,Paris Township (Union),COUSUB,2018,18,240000.0,34936.662987408796,64052,1189.0,3.746955598576157,299813.86420928134,80015.32345972037
M100000US391595986499999,Paris Township (Union),COUSUB,2019,26,262000.0,28939.725015478198,67207,1091.0,3.898403440117845,321471.8079301564,82462.42670061841
M100000US391595986499999,Paris Township (Union),COUSUB,2020,21,310875.0,45530.91332918492,66715,579.0,4.65974668365435,376792.593340314,80861.17527848508
M100000US391595986499999,Paris Township (Union),COUSUB,2021,23,360000.0,63641.01627632719,71839,1250.0,5.011205612550286,416754.769900727,83164.57198582869
M100000US391595986499999,Paris Township (Union),COUSUB,2022,17,355000.0,40577.98136866661,75777,1639.0,4.684798817583172,380514.92371563794,81223.32218140816
M100000US391595986499999,Paris Township (Union),COUSUB,2023,11,405000.0,55330.31933412302,77390,1550.0,5.23323426799328,416945.22845271777,79672.57093816253
M100000US391595986499999,Paris Township (Union),COUSUB,2024,21,555000.0,67252.02508719584,82938,1487.0,6.691745641322433,555000.0,82938.0
M100000US391597619499999,Taylor Township (Union),COUSUB,2012,12,156500.0,59535.612565279655,53699,1282.0,2.914393191679547,213822.34945164077,73367.70826328215
M100000US391597619499999,Taylor Township (Union),COUSUB,2013,18,139529.5,24675.000197141868,54079,1130.0,2.5801050315279497,187883.8984254605,72820.25193919908
M100000US391597619499999,Taylor Township (Union),COUSUB,2014,14,140750.0,22546.950750943513,56371,981.0,2.496851217824768,186501.954709043,74694.86102240472
M100000US391597619499999,Taylor Township (Union),COUSUB,2015,16,205000.0,35329.92321273697,58192,1604.0,3.5228210063238934,271314.90568187094,77016.37556799724
M100000US391597619499999,Taylor Township (Union),COUSUB,2016,19,214500.0,46895.9564378522,60294,1005.0,3.557567917205692,280351.366835134,78804.22056856676
M100000US391597619499999,Taylor Township (Union),COUSUB,2017,22,160000.0,21208.248291859793,63764,1469.0,2.50925286995797,204757.83289817235,81601.11535574413
M100000US391597619499999,Taylor Township (Union),COUSUB,2018,13,256000.0,49013.51273812871,64052,1189.0,3.996752638481234,319801.45515656675,80015.32345972037
M100000US391597619499999,Taylor Township (Union),COUSUB,2019,17,315000.0,30333.45054302924,67207,1091.0,4.687011769607333,386502.3644961804,82462.42670061841
M100000US391597619499999,Taylor Township (Union),COUSUB,2020,21,210000.0,42924.330079549945,66715,579.0,3.1477179045192236,254528.1692045547,80861.17527848508
M100000US391597619499999,Taylor Township (Union),COUSUB,2021,13,271000.0,86474.29267744486,71839,1250.0,3.772324225003132,313723.7295641584,83164.57198582869
M100000US391597619499999,Taylor Township (Union),COUSUB,2022,17,330000.0,75964.00750955177,75777,1639.0,4.354883407894216,353718.0981018606,81223.32218140816
M100000US391597619499999,Taylor Township (Union),COUSUB,2023,11,320000.0,95857.74361656942,77390,1550.0,4.134901150019382,329438.2051972091,79672.57093816253
M100000US391597619499999,Taylor Township (Union),COUSUB,2024,12,354300.0,85203.82638286962,82938,1487.0,4.271865731027996,354300.0,82938.0
M100000US391597858299999,Union Township (Union),COUSUB,2016,13,147000.0,45617.23824525771,60294,1005.0,2.4380535376654393,192128.90874016174,78804.22056856676
M100000US391598166299999,Washington Township (Union),COUSUB,2017,13,220000.0,57357.62454742938,63764,1469.0,3.450222696192209,281542.02023498697,81601.11535574413
M100000US391598166299999,Washington Township (Union),COUSUB,2018,17,190500.0,45121.42182167546,64052,1189.0,2.9741460063698244,237977.25471611705,80015.32345972037
M100000US391598166299999,Washington Township (Union),COUSUB,2019,11,214000.0,67424.02085458522,67207,1091.0,3.1841921228443466,262576.2095307384,82462.42670061841
M100000US391598166299999,Washington Township (Union),COUSUB,2020,12,179950.0,47497.06400666487,66715,579.0,2.6972944615154013,218106.40023028388,80861.17527848508
M100000US391598166299999,Washington Township (Union),COUSUB,2021,12,291172.125,70133.47259378662,71839,1250.0,4.053120519494982,337076.03321077983,83164.57198582869
M100000US391598166299999,Washington Township (Union),COUSUB,2022,13,225000.0,58788.27388651617,75777,1639.0,2.9692386872006016,241171.4305239959,81223.32218140816
M100000US391598712299999,York Township (Union),COUSUB,2014,15,171000.0,38015.818871313546,56371,981.0,3.033474658955846,226584.96806569345,74694.86102240472
M100000US391598712299999,York Township (Union),COUSUB,2015,15,155000.0,27203.61752915534,58192,1604.0,2.6635963706351387,205140.5384423902,77016.37556799724
M100000US391598712299999,York Township (Union),COUSUB,2016,16,151549.5,22511.417746692474,60294,1005.0,2.513508806846452,198075.10241576287,78804.22056856676
M100000US391598712299999,York Township (Union),COUSUB,2017,20,157500.0,37368.66145499367,63764,1469.0,2.4700457938648768,201558.4917591384,81601.11535574413
M100000US391598712299999,York Township (Union),COUSUB,2018,11,153700.0,59024.161136407565,64052,1189.0,2.399612814588147,192005.7955373606,80015.32345972037
M100000US391598712299999,York Township (Union),COUSUB,2019,12,221000.0,62721.56702365425,67207,1091.0,3.288347939946732,271165.1509639869,82462.42670061841
M100000US391598712299999,York Township (Union),COUSUB,2020,18,239000.0,49300.64694245943,66715,579.0,3.5824027580004496,289677.29733280273,80861.17527848508
M100000US391598712299999,York Township (Union),COUSUB,2021,16,369500.0,47300.187009584064,71839,1250.0,5.143445760659252,427752.4652175518,83164.57198582869
M100000US391598712299999,York Township (Union),COUSUB,2023,11,275000.0,98579.08566262582,77390,1550.0,3.5534306757979066,283110.9575913516,79672.57093816253
M100000US391598712299999,York Township (Union),COUSUB,2024,13,295000.0,79208.85133050095,82938,1487.0,3.556873809351564,295000.0,82938.0
M100000US3918000,Columbus,PLACE,2012,7611,112000.0,1871.236065154264,53699,1282.0,2.085699919924021,153023.02324973652,73367.70826328215
M100000US3918000,Columbus,PLACE,2013,9231,118000.0,1658.3359334746299,54079,1130.0,2.181993010225781,158893.28073421275,72820.25193919908
M100000US3918000,Columbus,PLACE,2014,9843,128000.0,1677.1759465869004,56371,981.0,2.270671089744727,169607.46147607462,74694.86102240472
M100000US3918000,Columbus,PLACE,2015,11307,135000.0,1678.5583948817177,58192,1604.0,2.319906516359637,178670.79154659793,77016.37556799724
M100000US3918000,Columbus,PLACE,2016,12179,145660.0,1698.1880503082332,60294,1005.0,2.4158291040567885,190377.52957205416,78804.22056856676
M100000US3918000,Columbus,PLACE,2017,12315,157000.0,1705.2723571131346,63764,1469.0,2.462204378646258,200918.6235313316,81601.11535574413
M100000US3918000,Columbus,PLACE,2018,11893,169500.0,1819.479685703023,64052,1189.0,2.6462873914944107,211743.54159780496,80015.32345972037
M100000US3918000,Columbus,PLACE,2019,12016,180075.5,1854.834316172795,67207,1091.0,2.6794158346600803,220951.13186613313,82462.42670061841
M100000US3918000,Columbus,PLACE,2020,12456,200000.0,1814.8386501549135,66715,579.0,2.997826575732594,242407.780194814,80861.17527848508
M100000US3918000,Columbus,PLACE,2021,13379,233000.0,1930.7743501665382,71839,1250.0,3.2433636325672683,269732.94829685945,83164.57198582869
M100000US3918000,Columbus,PLACE,2022,11368,256250.0,2432.5060507379217,75777,1639.0,3.3816329493117965,274667.4625412175,81223.32218140816
M100000US3918000,Columbus,PLACE,2023,9495,270000.0,2638.7912109093977,77390,1550.0,3.488822845328854,277963.48563514516,79672.57093816253
M100000US3918000,Columbus,PLACE,2024,9552,280500.0,2764.0352563341175,82938,1487.0,3.382044418722419,280500.0,82938.0
M100000US3918070,Commercial Point,PLACE,2012,13,180000.0,43594.383582390255,53699,1282.0,3.3520177284493196,245929.85879421938,73367.70826328215
M100000US3918070,Commercial Point,PLACE,2013,31,180000.0,21574.29605299535,54079,1130.0,3.3284639139037333,242379.58078100253,72820.25193919908
M100000US3918070,Commercial Point,PLACE,2014,31,183000.0,17565.59650930533,56371,981.0,3.246350073619414,242485.66757907544,74694.86102240472
M100000US3918070,Commercial Point,PLACE,2015,35,220000.0,16349.403017760756,58192,1604.0,3.78058839703052,291167.21585371514,77016.37556799724
M100000US3918070,Commercial Point,PLACE,2016,36,210575.0,15767.345403726835,60294,1005.0,3.4924702292102032,275221.39427183376,78804.22056856676
M100000US3918070,Commercial Point,PLACE,2017,49,250000.0,13340.096248209162,63764,1469.0,3.920707609309328,319934.11390339426,81601.11535574413
M100000US3918070,Commercial Point,PLACE,2018,39,272990.0,11587.870174539898,64052,1189.0,4.262005870230438,341025.77829371544,80015.32345972037
M100000US3918070,Commercial Point,PLACE,2019,76,275732.5,14712.766024746868,67207,1091.0,4.10273483416906,338321.4705347399,82462.42670061841
M100000US3918070,Commercial Point,PLACE,2020,49,297000.0,15141.290588466885,66715,579.0,4.451772464962902,359975.5535892988,80861.17527848508
M100000US3918070,Commercial Point,PLACE,2021,86,373555.0,10365.689123776354,71839,1250.0,5.199891423878395,432446.74463962804,83164.57198582869
M100000US3918070,Commercial Point,PLACE,2022,180,409450.0,12996.859532166329,75777,1639.0,5.403354579885717,438878.4099024449,81223.32218140816
M100000US3918070,Commercial Point,PLACE,2023,86,419475.0,12021.171464604931,77390,1550.0,5.4202739372011886,431847.15976593527,79672.57093816253
M100000US3918070,Commercial Point,PLACE,2024,94,433323.5,14497.964214268533,82938,1487.0,5.224667824157804,433323.5,82938.0
M100000US3919456,Crooksville,PLACE,2020,14,52500.0,21052.39877513735,66715,579.0,0.7869294761298059,63632.042301138674,80861.17527848508
M100000US3919456,Crooksville,PLACE,2021,13,97500.0,19476.741856445857,71839,1250.0,1.3572015200657024,112871.08351478024,83164.57198582869
M100000US3919456,Crooksville,PLACE,2022,19,123800.0,22588.273440696492,75777,1639.0,1.633741108779709,132697.8804394253,81223.32218140816
M100000US3919456,Crooksville,PLACE,2023,12,106750.0,32737.972602220103,77390,1550.0,1.3793771805142783,109898.52626500647,79672.57093816253
M100000US3919456,Crooksville,PLACE,2024,18,125000.0,22521.725078500607,82938,1487.0,1.5071499192167643,125000.0,82938.0
M100000US3921434,Delaware,PLACE,2012,469,148000.0,5546.7208046785,53699,1282.0,2.7561034656138848,202208.9950085804,73367.70826328215
M100000US3921434,Delaware,PLACE,2013,617,153900.0,4673.0576138237475,54079,1130.0,2.845836646387692,207234.54156775714,72820.25193919908
M100000US3921434,Delaware,PLACE,2014,578,160000.0,5156.202823268204,56371,981.0,2.8383388621809087,212009.32684509328,74694.86102240472
M100000US3921434,Delaware,PLACE,2015,628,171250.0,4853.534730686903,58192,1604.0,2.942844377233984,226647.20779522145,77016.37556799724
M100000US3921434,Delaware,PLACE,2016,684,179900.0,4832.812978399063,60294,1005.0,2.9837131389524663,235129.1883153408,78804.22056856676
M100000US3921434,Delaware,PLACE,2017,707,200000.0,4987.949993741821,63764,1469.0,3.1365660874474623,255947.29112271543,81601.11535574413
M100000US3921434,Delaware,PLACE,2018,674,220000.0,5209.505236445865,64052,1189.0,3.4347092986948105,274829.37552517455,80015.32345972037
M100000US3921434,Delaware,PLACE,2019,712,230979.5,5428.354089261327,67207,1091.0,3.436836936628625,283409.9139687159,82462.42670061841
M100000US3921434,Delaware,PLACE,2020,793,260000.0,5307.324374374389,66715,579.0,3.897174548452372,315130.1142532582,80861.17527848508
M100000US3921434,Delaware,PLACE,2021,764,300000.0,6083.076386804161,71839,1250.0,4.176004677125238,347295.6415839392,83164.57198582869
M100000US3921434,Delaware,PLACE,2022,710,343000.0,7781.595051173677,75777,1639.0,4.526439420932473,367652.44742102484,81223.32218140816
M100000US3921434,Delaware,PLACE,2023,637,370000.0,8475.988976856068,77390,1550.0,4.780979454709911,380912.924759273,79672.57093816253
M100000US3921434,Delaware,PLACE,2024,723,385000.0,8092.922347635206,82938,1487.0,4.6420217511876345,385000.0,82938.0
M100000US3922694,Dublin,PLACE,2012,697,307000.0,9733.013792287782,53699,1282.0,5.7170524590774505,419447.0369434742,73367.70826328215
M100000US3922694,Dublin,PLACE,2013,790,330500.0,8873.969464617372,54079,1130.0,6.111429575251021,445035.84137845185,72820.25193919908
M100000US3922694,Dublin,PLACE,2014,779,339900.0,12054.195941354712,56371,981.0,6.029696120345568,450387.31371654506,74694.86102240472
M100000US3922694,Dublin,PLACE,2015,770,344750.0,12926.957210336046,58192,1604.0,5.9243538630739625,456272.2621162195,77016.37556799724
M100000US3922694,Dublin,PLACE,2016,803,360000.0,10521.759569231233,60294,1005.0,5.970743357548015,470519.7765065186,78804.22056856676
M100000US3922694,Dublin,PLACE,2017,774,375924.5,9077.1047926477,63764,1469.0,5.895560190703218,481084.28720830614,81601.11535574413
M100000US3922694,Dublin,PLACE,2018,793,395000.0,10742.248013870194,64052,1189.0,6.166864422656592,493443.65151110885,80015.32345972037
M100000US3922694,Dublin,PLACE,2019,772,412750.0,11522.13285385275,67207,1091.0,6.141473358429925,506440.79665332846,82462.42670061841
M100000US3922694,Dublin,PLACE,2020,813,429000.0,11453.061738595867,66715,579.0,6.430338004946414,519964.688517876,80861.17527848508
M100000US3922694,Dublin,PLACE,2021,785,490000.0,14058.719313727848,71839,1250.0,6.820807639304556,567249.547920434,83164.57198582869
M100000US3922694,Dublin,PLACE,2022,624,535000.0,20150.138128906263,75777,1639.0,7.060189767343653,573452.0681348346,81223.32218140816
M100000US3922694,Dublin,PLACE,2023,534,574500.0,19321.11889151737,77390,1550.0,7.423439720894172,591444.5277681145,79672.57093816253
M100000US3922694,Dublin,PLACE,2024,529,610000.0,19222.59405875518,82938,1487.0,7.3548916057778095,610000.0,82938.0
M100000US3928658,Fredericktown,PLACE,2013,11,91500.0,24488.057384154814,54079,1130.0,1.691969156234398,123209.62023034295,72820.25193919908
M100000US3928658,Fredericktown,PLACE,2014,17,116000.0,18375.356500759604,56371,981.0,2.0577956750811586,153706.76196269263,74694.86102240472
M100000US3928658,Fredericktown,PLACE,2016,21,112400.0,18807.54128164479,60294,1005.0,1.8641987594122136,146906.73022036857,78804.22056856676
M100000US3928658,Fredericktown,PLACE,2017,14,117000.0,21158.21473788683,63764,1469.0,1.8348911611567655,149729.16530678852,81601.11535574413
M100000US3928658,Fredericktown,PLACE,2018,23,120000.0,13119.356276310727,64052,1189.0,1.8734777992880784,149906.93210464067,80015.32345972037
M100000US3928658,Fredericktown,PLACE,2019,28,119500.0,11464.56224152688,67207,1091.0,1.7780885919621467,146625.5001818843,82462.42670061841
M100000US3928658,Fredericktown,PLACE,2020,22,121625.0,17768.62951250947,66715,579.0,1.8230532863673836,147414.23133097126,80861.17527848508
M100000US3928658,Fredericktown,PLACE,2021,26,167250.0,20681.960412883625,71839,1250.0,2.3281226074973205,193617.3201830461,83164.57198582869
M100000US3928658,Fredericktown,PLACE,2022,28,172500.0,15579.01138380636,75777,1639.0,2.2764163268537945,184898.0967350635,81223.32218140816
M100000US3928658,Fredericktown,PLACE,2023,23,205000.0,24403.704181547782,77390,1550.0,2.648921049231167,211046.35020446207,79672.57093816253
M100000US3928658,Fredericktown,PLACE,2024,19,215000.0,30144.585543735877,82938,1487.0,2.5922978610528347,215000.0,82938.0
M100000US3929050,Fulton,PLACE,2016,11,82000.0,23089.36163747017,60294,1005.0,1.3600026536637144,107173.94909315146,78804.22056856676
M100000US3929106,Gahanna,PLACE,2012,364,171200.0,6975.275969152242,53699,1282.0,3.188141306169575,233906.62125316868,73367.70826328215
M100000US3929106,Gahanna,PLACE,2013,480,185742.5,7858.996599405391,54079,1130.0,3.4346511584903565,250112.1626845298,72820.25193919908
M100000US3929106,Gahanna,PLACE,2014,462,189900.0,7682.062572341448,56371,981.0,3.368753437050966,251628.5697992701,74694.86102240472
M100000US3929106,Gahanna,PLACE,2015,562,187250.0,7056.515447860907,58192,1604.0,3.2177962606543855,247823.00531185526,77016.37556799724
M100000US3929106,Gahanna,PLACE,2016,589,200000.0,6130.599428422146,60294,1005.0,3.3170796430822302,261399.87583695477,78804.22056856676
M100000US3929106,Gahanna,PLACE,2017,546,210000.0,6546.378932001781,63764,1469.0,3.293394391819836,268744.6556788512,81601.11535574413
M100000US3929106,Gahanna,PLACE,2018,542,237600.0,6614.758121788867,64052,1189.0,3.7094860425903953,296815.7255671885,80015.32345972037
M100000US3929106,Gahanna,PLACE,2019,536,239900.0,7097.914918726824,67207,1091.0,3.5695686461231717,294355.2928337577,82462.42670061841
M100000US3929106,Gahanna,PLACE,2020,523,255000.0,7647.8643785568565,66715,579.0,3.822228884059057,309069.9197483878,80861.17527848508
M100000US3929106,Gahanna,PLACE,2021,557,295000.0,7798.422403891667,71839,1250.0,4.1064045991731515,341507.38089087355,83164.57198582869
M100000US3929106,Gahanna,PLACE,2022,477,345000.0,12050.627078516562,75777,1639.0,4.552832653707589,369796.193470127,81223.32218140816
M100000US3929106,Gahanna,PLACE,2023,381,344900.0,12543.57020005706,77390,1550.0,4.456648145755265,355072.6155391169,79672.57093816253
M100000US3929106,Gahanna,PLACE,2024,425,364900.0,10128.045622951593,82938,1487.0,4.399672044177579,364900.0,82938.0
M100000US3929148,Galena,PLACE,2013,13,203000.0,41747.08286703616,54079,1130.0,3.753767636235877,273350.3049919084,72820.25193919908
M100000US3929148,Galena,PLACE,2014,18,246450.0,32059.454112516596,56371,981.0,4.371928828653031,326560.6162560828,74694.86102240472
M100000US3929148,Galena,PLACE,2015,11,244000.0,44928.91357402975,58192,1604.0,4.193016222161122,322930.9121286659,77016.37556799724
M100000US3929148,Galena,PLACE,2016,11,263500.0,54633.41457797856,60294,1005.0,4.370252429760838,344394.3364151879,78804.22056856676
M100000US3929148,Galena,PLACE,2017,16,281500.0,49791.797851627816,63764,1469.0,4.414716768082304,360245.81225522194,81601.11535574413
M100000US3929148,Galena,PLACE,2018,13,312500.0,67225.67221922886,64052,1189.0,4.878848435646038,390382.6356891684,80015.32345972037
M100000US3929148,Galena,PLACE,2019,11,405000.0,47760.057712589914,67207,1091.0,6.026157989495142,496931.6114950891,82462.42670061841
M100000US3929148,Galena,PLACE,2020,41,398179.0,21976.593576678333,66715,579.0,5.968357940493142,482608.43755095423,80861.17527848508
M100000US3929148,Galena,PLACE,2021,55,436275.0,17473.235478198832,71839,1250.0,6.072954801709378,505054.6867734436,83164.57198582869
M100000US3929148,Galena,PLACE,2022,38,499900.0,23537.781680260046,75777,1639.0,6.596988532140359,535829.3249730913,81223.32218140816
M100000US3929148,Galena,PLACE,2023,24,540248.5,40890.933283735096,77390,1550.0,6.98085669983202,556182.8006265138,79672.57093816253
M100000US3929148,Galena,PLACE,2024,20,514450.0,26399.151339187243,82938,1487.0,6.202826207528515,514450.0,82938.0
M100000US3931304,Grandview Heights,PLACE,2012,111,239000.0,32172.861672919767,53699,1282.0,4.4507346505521515,326540.20139899134,73367.70826328215
M100000US3931304,Grandview Heights,PLACE,2013,92,248500.0,20467.24424080526,54079,1130.0,4.595129347805988,334618.4768004396,72820.25193919908
M100000US3931304,Grandview Heights,PLACE,2014,103,279900.0,22172.683176588343,56371,981.0,4.965319047027727,370883.81614963507,74694.86102240472
M100000US3931304,Grandview Heights,PLACE,2015,112,279000.0,24517.06269081064,58192,1604.0,4.79447346714325,369252.9691963024,77016.37556799724
M100000US3931304,Grandview Heights,PLACE,2016,110,337000.0,33204.36480809992,60294,1005.0,5.589279198593558,440458.79078526876,78804.22056856676
M100000US3931304,Grandview Heights,PLACE,2017,131,350000.0,24402.453367626855,63764,1469.0,5.488990653033059,447907.759464752,81601.11535574413
M100000US3931304,Grandview Heights,PLACE,2018,149,386500.0,26971.333353926762,64052,1189.0,6.0341597452070195,482825.2438203635,80015.32345972037
M100000US3931304,Grandview Heights,PLACE,2019,138,395875.0,25208.692146004396,67207,1091.0,5.890383442200961,485735.3128410331,82462.42670061841
M100000US3931304,Grandview Heights,PLACE,2020,184,428950.0,26144.269530001828,66715,579.0,6.429588548302481,519904.0865728273,80861.17527848508
M100000US3931304,Grandview Heights,PLACE,2021,131,485000.0,26318.885922608726,71839,1250.0,6.7512075613524685,561461.2872273683,83164.57198582869
M100000US3931304,Grandview Heights,PLACE,2022,110,537500.0,36662.981724704405,75777,1639.0,7.093181308312548,576131.7506962124,81223.32218140816
M100000US3931304,Grandview Heights,PLACE,2023,113,525000.0,40268.307419101475,77390,1550.0,6.783822199250549,540484.5554016712,79672.57093816253
M100000US3931304,Grandview Heights,PLACE,2024,118,599999.5,41838.91135016864,82938,1487.0,7.234313583640792,599999.5,82938.0
M100000US3931402,Granville,PLACE,2012,70,278200.0,27596.47393583021,53699,1282.0,5.1807296225255595,380098.2595363991,73367.70826328215
M100000US3931402,Granville,PLACE,2013,67,265000.0,31200.91408844617,54079,1130.0,4.90023853991383,356836.6050386981,72820.25193919908
M100000US3931402,Granville,PLACE,2014,62,275000.0,35682.72127004135,56371,981.0,4.878394919373437,364391.03051500407,74694.86102240472
M100000US3931402,Granville,PLACE,2015,75,287500.0,31646.992463930455,58192,1604.0,4.940541655210338,380502.6116270141,77016.37556799724
M100000US3931402,Granville,PLACE,2016,83,311800.0,30302.233209181926,60294,1005.0,5.171327163565198,407522.4064298125,78804.22056856676
M100000US3931402,Granville,PLACE,2017,72,327325.0,29478.157702519435,63764,1469.0,5.133382472868703,418889.7353337141,81601.11535574413
M100000US3931402,Granville,PLACE,2018,87,369500.0,31199.77567931891,64052,1189.0,5.768750390307875,461588.42843887274,80015.32345972037
M100000US3931402,Granville,PLACE,2019,99,387500.0,25692.51020472661,67207,1091.0,5.7657684467391785,475459.257911968,82462.42670061841
M100000US3931402,Granville,PLACE,2020,96,374500.0,37775.254653839926,66715,579.0,5.613430263059282,453908.5684147892,80861.17527848508
M100000US3931402,Granville,PLACE,2021,86,433750.0,41362.446939333,71839,1250.0,6.037806762343574,502131.6151234454,83164.57198582869
M100000US3931402,Granville,PLACE,2022,59,560000.0,44228.37892950215,75777,1639.0,7.390105177032609,600248.8937486119,81223.32218140816
M100000US3931402,Granville,PLACE,2023,49,500000.0,71577.22093266624,77390,1550.0,6.460783046905285,514747.1956206392,79672.57093816253
M100000US3931402,Granville,PLACE,2024,70,607500.0,51397.494954036636,82938,1487.0,7.324748607393475,607500.0,82938.0
M100000US3932592,Grove City,PLACE,2012,497,145000.0,5237.469101903671,53699,1282.0,2.7002365034730627,198110.16402867675,73367.70826328215
M100000US3932592,Grove City,PLACE,2013,609,147900.0,4527.847961219178,54079,1130.0,2.7348878492575674,199155.2222083904,72820.25193919908
M100000US3932592,Grove City,PLACE,2014,682,167050.0,4416.988245438476,56371,981.0,2.963403168295755,221350.98780920522,74694.86102240472
M100000US3932592,Grove City,PLACE,2015,777,177200.0,4522.767942232074,58192,1604.0,3.045092108880946,234521.95749671964,77016.37556799724
M100000US3932592,Grove City,PLACE,2016,831,189000.0,4680.556739282186,60294,1005.0,3.1346402627127077,247022.88266592225,78804.22056856676
M100000US3932592,Grove City,PLACE,2017,769,210000.0,4748.353914929024,63764,1469.0,3.293394391819836,268744.6556788512,81601.11535574413
M100000US3932592,Grove City,PLACE,2018,688,224000.0,5532.988262219968,64052,1189.0,3.49715855867108,279826.2732619959,80015.32345972037
M100000US3932592,Grove City,PLACE,2019,718,235000.0,5346.509500608448,67207,1091.0,3.496659574151502,288343.0338304838,82462.42670061841
M100000US3932592,Grove City,PLACE,2020,735,260000.0,6496.212066511453,66715,579.0,3.897174548452372,315130.1142532582,80861.17527848508
M100000US3932592,Grove City,PLACE,2021,896,300000.0,5772.857182455977,71839,1250.0,4.176004677125238,347295.6415839392,83164.57198582869
M100000US3932592,Grove City,PLACE,2022,814,340000.0,7264.824735640419,75777,1639.0,4.486849571769798,364436.82834737154,81223.32218140816
M100000US3932592,Grove City,PLACE,2023,681,362000.0,8339.35563899268,77390,1550.0,4.677606925959426,372676.9696293428,79672.57093816253
M100000US3932592,Grove City,PLACE,2024,675,385000.0,7588.819485596947,82938,1487.0,4.6420217511876345,385000.0,82938.0
M100000US3932606,Groveport,PLACE,2012,65,123000.0,7952.2289781883765,53699,1282.0,2.2905454477737015,168052.07017604992,73367.70826328215
M100000US3932606,Groveport,PLACE,2013,75,122900.0,7408.57109582125,54079,1130.0,2.2726011945487157,165491.39154436227,72820.25193919908
M100000US3932606,Groveport,PLACE,2014,79,130000.0,7349.17350103929,56371,981.0,2.306150325521988,172257.5780616383,74694.86102240472
M100000US3932606,Groveport,PLACE,2015,91,154900.0,9123.00700043967,58192,1604.0,2.6618779213637613,205008.18970791125,77016.37556799724
M100000US3932606,Groveport,PLACE,2016,99,162000.0,8280.76027192522,60294,1005.0,2.6868345108966065,211733.89942793336,78804.22056856676
M100000US3932606,Groveport,PLACE,2017,109,182000.0,7968.615647245401,63764,1469.0,2.854275139577191,232912.03492167103,81601.11535574413
M100000US3932606,Groveport,PLACE,2018,90,176000.0,7916.607405923148,64052,1189.0,2.747767438955848,219863.50042013964,80015.32345972037
M100000US3932606,Groveport,PLACE,2019,97,217500.0,8038.956789943853,67207,1091.0,3.2362700313955393,266870.68024736264,82462.42670061841
M100000US3932606,Groveport,PLACE,2020,89,208000.0,9833.454450493615,66715,579.0,3.1177396387618974,252104.09140260654,80861.17527848508
M100000US3932606,Groveport,PLACE,2021,100,225952.5,12913.510030486445,71839,1250.0,3.1452623226938012,261574.3948499834,83164.57198582869
M100000US3932606,Groveport,PLACE,2022,93,272000.0,13142.147855641779,75777,1639.0,3.5894796574158385,291549.46267789725,81223.32218140816
M100000US3932606,Groveport,PLACE,2023,81,320000.0,14579.990082955066,77390,1550.0,4.134901150019382,329438.2051972091,79672.57093816253
M100000US3932606,Groveport,PLACE,2024,87,330000.0,14583.130757062172,82938,1487.0,3.978875786732258,330000.0,82938.0
M100000US3933292,Hanover,PLACE,2012,14,131700.0,32971.58069649681,53699,1282.0,2.4525596379820853,179938.68001777053,73367.70826328215
M100000US3933292,Hanover,PLACE,2014,16,146500.0,23610.36790304758,56371,981.0,2.5988540206843944,194121.03989253854,74694.86102240472
M100000US3933292,Hanover,PLACE,2017,16,155000.0,28611.223587089466,63764,1469.0,2.4308387177717834,198359.15062010445,81601.11535574413
M100000US3933292,Hanover,PLACE,2019,16,181450.0,38854.293242543004,67207,1091.0,2.6998675733182553,222637.63186613313,82462.42670061841
M100000US3933292,Hanover,PLACE,2020,12,173000.0,39011.47285749487,66715,579.0,2.5931199880086937,209682.7298685141,80861.17527848508
M100000US3933292,Hanover,PLACE,2021,20,246000.0,39652.61956538313,71839,1250.0,3.4243238352426957,284782.4260988301,83164.57198582869
M100000US3933292,Hanover,PLACE,2022,20,397700.0,45760.89497365755,75777,1639.0,5.248294337331908,426283.90186396963,81223.32218140816
M100000US3933292,Hanover,PLACE,2023,18,480000.0,46483.233434108464,77390,1550.0,6.202351725029073,494157.30779581366,79672.57093816253
M100000US3933292,Hanover,PLACE,2024,22,430250.0,69314.62780489615,82938,1487.0,5.187610021944103,430250.0,82938.0
M100000US3934202,Hartford (Croton),PLACE,2018,12,149500.0,32200.375359903785,64052,1189.0,2.3340410916130643,186759.05291369816,80015.32345972037
M100000US3934202,Hartford (Croton),PLACE,2024,13,165000.0,48097.31497230432,82938,1487.0,1.989437893366129,165000.0,82938.0
M100000US3934748,Heath,PLACE,2012,92,113500.0,10960.213631658697,53699,1282.0,2.113633400994432,155072.43873968834,73367.70826328215
M100000US3934748,Heath,PLACE,2013,103,123000.0,8693.853724309913,54079,1130.0,2.274450341167551,165626.0468670184,72820.25193919908
M100000US3934748,Heath,PLACE,2014,139,122000.0,7640.586207221848,56371,981.0,2.164233382412943,161657.11171938363,74694.86102240472
M100000US3934748,Heath,PLACE,2015,126,131000.0,9040.193923317463,58192,1604.0,2.2511685455045365,173376.84216743946,77016.37556799724
M100000US3934748,Heath,PLACE,2016,137,145000.0,7697.647515591779,60294,1005.0,2.404882741234617,189514.9099817922,78804.22056856676
M100000US3934748,Heath,PLACE,2017,150,154250.0,7346.043390172899,63764,1469.0,2.4190765949438555,197399.34827839426,81601.11535574413
M100000US3934748,Heath,PLACE,2018,120,156950.0,8058.6463724776195,64052,1189.0,2.450352838318866,196065.77494852795,80015.32345972037
M100000US3934748,Heath,PLACE,2019,104,165000.0,11773.263351911557,67207,1091.0,2.4551014031276504,202453.61949799926,82462.42670061841
M100000US3934748,Heath,PLACE,2020,112,174750.0,11297.221913749845,66715,579.0,2.619350970546354,211803.7979452187,80861.17527848508
M100000US3934748,Heath,PLACE,2021,141,220000.0,11444.3719747548,71839,1250.0,3.0624034298918414,254683.47049488875,83164.57198582869
M100000US3934748,Heath,PLACE,2022,121,245000.0,15871.256804891053,75777,1639.0,3.2331710149517665,262608.89101501775,81223.32218140816
M100000US3934748,Heath,PLACE,2023,124,273000.0,14787.385290181623,77390,1550.0,3.5275875436102857,281051.968808869,79672.57093816253
M100000US3934748,Heath,PLACE,2024,135,270000.0,18256.30173671051,82938,1487.0,3.2554438255082108,270000.0,82938.0
M100000US3934790,Hebron,PLACE,2012,22,87000.0,10459.334249890404,53699,1282.0,1.6201419020838377,118866.09841720604,73367.70826328215
M100000US3934790,Hebron,PLACE,2013,21,85000.0,16901.353498650886,54079,1130.0,1.5717746260100964,114457.02425769564,72820.25193919908
M100000US3934790,Hebron,PLACE,2014,26,81250.0,12435.760159847887,56371,981.0,1.4413439534512427,107660.98628852394,74694.86102240472
M100000US3934790,Hebron,PLACE,2015,23,110460.0,14904.24168938178,58192,1604.0,1.8981990651635963,146192.4121054608,77016.37556799724
M100000US3934790,Hebron,PLACE,2016,26,129900.0,10683.374475071234,60294,1005.0,2.1544432281819086,169779.2193561021,78804.22056856676
M100000US3934790,Hebron,PLACE,2017,20,122450.0,15870.435702608507,63764,1469.0,1.920362587039709,156703.7289898825,81601.11535574413
M100000US3934790,Hebron,PLACE,2018,26,155700.0,11938.442532775096,64052,1189.0,2.430837444576282,194504.24440577126,80015.32345972037
M100000US3934790,Hebron,PLACE,2019,31,168600.0,18612.860919715244,67207,1091.0,2.5086672519231628,206870.7893779556,82462.42670061841
M100000US3934790,Hebron,PLACE,2020,37,179900.0,11089.949276493096,66715,579.0,2.696545004871468,218045.79828523519,80861.17527848508
M100000US3934790,Hebron,PLACE,2021,37,191000.0,18952.915277952652,71839,1250.0,2.658722977769735,221111.55847510794,83164.57198582869
M100000US3934790,Hebron,PLACE,2022,60,291770.0,14238.017631230101,75777,1639.0,3.8503767633978647,312740.39237327233,81223.32218140816
M100000US3934790,Hebron,PLACE,2023,64,341497.0,15594.775175535295,77390,1550.0,4.412676056338028,351569.2461257228,79672.57093816253
M100000US3934790,Hebron,PLACE,2024,51,280000.0,19726.1861273965,82938,1487.0,3.376015819045552,280000.0,82938.0
M100000US3935476,Hilliard,PLACE,2012,409,206000.0,8005.48767723888,53699,1282.0,3.8361980670031097,281453.0606200511,73367.70826328215
M100000US3935476,Hilliard,PLACE,2013,541,212994.0,7037.560046206731,54079,1130.0,3.9385713493222876,286807.75793816027,72820.25193919908
M100000US3935476,Hilliard,PLACE,2014,516,227700.0,6405.135993698293,56371,981.0,4.039310993241205,301715.7732664234,74694.86102240472
M100000US3935476,Hilliard,PLACE,2015,614,225500.0,6531.41454874764,58192,1604.0,3.8751031069562827,298446.396250058,77016.37556799724
M100000US3935476,Hilliard,PLACE,2016,622,240000.0,7376.258309367613,60294,1005.0,3.9804955716986763,313679.8510043457,78804.22056856676
M100000US3935476,Hilliard,PLACE,2017,542,259950.0,7579.185769876348,63764,1469.0,4.076751772159839,332667.49163674936,81601.11535574413
M100000US3935476,Hilliard,PLACE,2018,554,270000.0,8951.356897777003,64052,1189.0,4.215325048398176,337290.5972354415,80015.32345972037
M100000US3935476,Hilliard,PLACE,2019,491,279000.0,8743.314125467752,67207,1091.0,4.1513532816522085,342330.6656966169,82462.42670061841
M100000US3935476,Hilliard,PLACE,2020,489,305000.0,7923.134212766572,66715,579.0,4.571685527992206,369671.86479709134,80861.17527848508
M100000US3935476,Hilliard,PLACE,2021,543,335000.0,8888.191611318787,71839,1250.0,4.663205222789849,387813.4664353988,83164.57198582869
M100000US3935476,Hilliard,PLACE,2022,465,405000.0,10696.861036334822,75777,1639.0,5.344629636961083,434108.5749431926,81223.32218140816
M100000US3935476,Hilliard,PLACE,2023,413,426000.0,13140.634550707662,77390,1550.0,5.504587155963303,438564.6106687846,79672.57093816253
M100000US3935476,Hilliard,PLACE,2024,445,430000.0,12637.58866318535,82938,1487.0,5.184595722105669,430000.0,82938.0
M100000US3938920,Jeffersonville,PLACE,2012,13,27000.0,13380.922759657218,53699,1282.0,0.5028026592673979,36889.478819132906,73367.70826328215
M100000US3938920,Jeffersonville,PLACE,2016,13,55000.0,15761.259512403602,60294,1005.0,0.9121969018476134,71884.96585516256,78804.22056856676
M100000US3938920,Jeffersonville,PLACE,2017,11,75000.0,18245.094365484234,63764,1469.0,1.1762122827927985,95980.23417101828,81601.11535574413
M100000US3938920,Jeffersonville,PLACE,2019,11,86000.0,22925.269297995623,67207,1091.0,1.2796286101150178,105521.28046562386,82462.42670061841
M100000US3938920,Jeffersonville,PLACE,2021,20,125000.0,21545.242707315385,71839,1250.0,1.7400019488021827,144706.51732664133,83164.57198582869
M100000US3938920,Jeffersonville,PLACE,2022,17,139900.0,24874.756346562375,75777,1639.0,1.8462066326193964,149955.03613469788,81223.32218140816
M100000US3938920,Jeffersonville,PLACE,2023,22,165875.0,23097.4046792057,77390,1550.0,2.143364775810828,170767.38214714706,79672.57093816253
M100000US3938920,Jeffersonville,PLACE,2024,14,118000.0,67308.45493089555,82938,1487.0,1.4227495237406256,118000.0,82938.0
M100000US3939340,Johnstown,PLACE,2012,62,113000.0,12860.267592652363,53699,1282.0,2.1043222406376283,154389.30024303772,73367.70826328215
M100000US3939340,Johnstown,PLACE,2013,60,140255.0,13187.067361226937,54079,1130.0,2.593520590247601,188860.8227913306,72820.25193919908
M100000US3939340,Johnstown,PLACE,2014,87,153000.0,10368.181010167986,56371,981.0,2.7141615369604937,202733.91879562047,74694.86102240472
M100000US3939340,Johnstown,PLACE,2015,67,170000.0,14203.359319594821,58192,1604.0,2.921363761341765,224992.84861423442,77016.37556799724
M100000US3939340,Johnstown,PLACE,2016,86,168950.0,11338.070005544505,60294,1005.0,2.8021030284937143,220817.54511326755,78804.22056856676
M100000US3939340,Johnstown,PLACE,2017,85,210000.0,11054.564773040727,63764,1469.0,3.293394391819836,268744.6556788512,81601.11535574413
M100000US3939340,Johnstown,PLACE,2018,69,229900.0,15350.713512343715,64052,1189.0,3.5892712171360768,287196.6974238074,80015.32345972037
M100000US3939340,Johnstown,PLACE,2019,78,229000.0,14573.559751472958,67207,1091.0,3.4073831594923147,280981.08403055655,82462.42670061841
M100000US3939340,Johnstown,PLACE,2020,100,263000.0,12159.438582827346,66715,579.0,3.942141947088361,318766.2309561804,80861.17527848508
M100000US3939340,Johnstown,PLACE,2021,106,306500.0,14700.188845651162,71839,1250.0,4.266484778462952,354820.38048492454,83164.57198582869
M100000US3939340,Johnstown,PLACE,2022,111,373000.0,18144.195992003242,75777,1639.0,4.92233791255922,399808.63815755764,81223.32218140816
M100000US3939340,Johnstown,PLACE,2023,88,396905.575,20104.886379563344,77390,1550.0,5.128641620364388,408612.06331489456,79672.57093816253
M100000US3939340,Johnstown,PLACE,2024,77,369900.0,21069.61570858793,82938,1487.0,4.459958040946249,369900.0,82938.0
M100000US3941608,Lakeview,PLACE,2022,14,132750.0,24698.319890778857,75777,1639.0,1.7518508254483551,142291.14400915758,81223.32218140816
M100000US3941608,Lakeview,PLACE,2023,13,158000.0,60207.48793102447,77390,1550.0,2.04160744282207,162660.113816122,79672.57093816253
M100000US3941720,Lancaster,PLACE,2012,300,82000.0,5077.467462785291,53699,1282.0,1.527030298515801,112034.71345069994,73367.70826328215
M100000US3941720,Lancaster,PLACE,2013,312,89950.0,5321.152787124904,54079,1130.0,1.663307383642449,121122.4627291732,72820.25193919908
M100000US3941720,Lancaster,PLACE,2014,310,94000.0,5235.805145902302,56371,981.0,1.6675240815312837,124555.4795214923,74694.86102240472
M100000US3941720,Lancaster,PLACE,2015,378,110000.0,4936.118072991285,58192,1604.0,1.89029419851526,145583.60792685757,77016.37556799724
M100000US3941720,Lancaster,PLACE,2016,451,116400.0,4411.022668669449,60294,1005.0,1.930540352273858,152134.72773710766,78804.22056856676
M100000US3941720,Lancaster,PLACE,2017,490,119900.0,4630.3521731687215,63764,1469.0,1.8803713694247537,153440.4010280679,81601.11535574413
M100000US3941720,Lancaster,PLACE,2018,494,121750.0,4465.852104937056,64052,1189.0,1.9007993505276963,152093.0748645,80015.32345972037
M100000US3941720,Lancaster,PLACE,2019,540,141200.0,5027.774083803695,67207,1091.0,2.100971624979541,173251.21862495452,82462.42670061841
M100000US3941720,Lancaster,PLACE,2020,517,150000.0,5501.747342270063,66715,579.0,2.2483699317994454,181805.8351461105,80861.17527848508
M100000US3941720,Lancaster,PLACE,2021,666,175000.0,5593.246848070207,71839,1250.0,2.436002728323056,202589.12425729787,83164.57198582869
M100000US3941720,Lancaster,PLACE,2022,608,187648.5,6628.21232493109,75777,1639.0,2.4763252702007206,201135.36524747574,81223.32218140816
M100000US3941720,Lancaster,PLACE,2023,511,200000.0,6584.134997592562,77390,1550.0,2.584313218762114,205898.87824825567,79672.57093816253
M100000US3941720,Lancaster,PLACE,2024,603,234000.0,6634.881542433928,82938,1487.0,2.821384648773783,234000.0,82938.0
M100000US3941902,La Rue,PLACE,2020,12,92500.0,18113.774104763455,66715,579.0,1.3864947912763246,112113.59834010147,80861.17527848508
M100000US3941902,La Rue,PLACE,2023,11,125100.0,33951.223781508634,77390,1550.0,1.6164879183357024,128789.74834428393,79672.57093816253
M100000US3944086,Lithopolis,PLACE,2012,16,148450.0,17897.835829740347,53699,1282.0,2.7644835099350082,202823.81965556595,73367.70826328215
M100000US3944086,Lithopolis,PLACE,2013,17,157500.0,25313.022752410034,54079,1130.0,2.9124059246657668,212082.1331833772,72820.25193919908
M100000US3944086,Lithopolis,PLACE,2014,24,172695.05,18725.803659617995,56371,981.0,3.0635441982579694,228831.00812487327,74694.86102240472
M100000US3944086,Lithopolis,PLACE,2015,28,178450.0,18678.030483507657,58192,1604.0,3.066572724773165,236176.31667770667,77016.37556799724
M100000US3944086,Lithopolis,PLACE,2016,33,241505.0,18068.601220102275,60294,1005.0,4.00545659601287,315646.8850700188,78804.22056856676
M100000US3944086,Lithopolis,PLACE,2017,45,236130.0,9847.728978414498,63764,1469.0,3.7031867511448464,302184.16926403396,81601.11535574413
M100000US3944086,Lithopolis,PLACE,2018,46,242495.0,13517.437351009115,64052,1189.0,3.7859083244863547,302930.67917262367,80015.32345972037
M100000US3944086,Lithopolis,PLACE,2019,45,264000.0,23022.214330455226,67207,1091.0,3.928162245004241,323925.7911967988,82462.42670061841
M100000US3944086,Lithopolis,PLACE,2020,48,275000.0,20591.82595330551,66715,579.0,4.122011541632316,333310.6977678692,80861.17527848508
M100000US3944086,Lithopolis,PLACE,2021,45,325000.0,14945.331653265886,71839,1250.0,4.524005066885675,376236.94504926744,83164.57198582869
M100000US3944086,Lithopolis,PLACE,2022,56,378950.0,14645.962810011837,75777,1639.0,5.000857780065191,406186.2826536366,81223.32218140816
M100000US3944086,Lithopolis,PLACE,2023,63,396790.0,16821.28328093015,77390,1550.0,5.127148210363096,408493.07950062683,79672.57093816253
M100000US3944086,Lithopolis,PLACE,2024,67,391990.0,11230.200653404545,82938,1487.0,4.726301574670235,391990.0,82938.0
M100000US3944632,Logan,PLACE,2012,36,89500.0,13145.752422572903,53699,1282.0,1.666697703867856,122281.79090045909,73367.70826328215
M100000US3944632,Logan,PLACE,2013,37,99000.0,15749.294411674155,54079,1130.0,1.8306551526470534,133308.76942955138,72820.25193919908
M100000US3944632,Logan,PLACE,2014,45,83000.0,11589.25907356495,56371,981.0,1.4723882847563463,109979.83830089215,74694.86102240472
M100000US3944632,Logan,PLACE,2015,71,85500.0,10186.700124520474,58192,1604.0,1.46927412702777,113158.16797951201,77016.37556799724
M100000US3944632,Logan,PLACE,2016,50,88200.0,13475.978250838782,60294,1005.0,1.4628321225992635,115277.34524409706,78804.22056856676
M100000US3944632,Logan,PLACE,2017,66,96827.5,13815.724515902995,63764,1469.0,1.518529264161596,123913.68165592363,81601.11535574413
M100000US3944632,Logan,PLACE,2018,80,106500.0,9337.079415415485,64052,1189.0,1.6627115468681697,133042.4022428686,80015.32345972037
M100000US3944632,Logan,PLACE,2019,76,116500.0,9482.957471235122,67207,1091.0,1.733450384632553,142944.52528192068,82462.42670061841
M100000US3944632,Logan,PLACE,2020,90,144000.0,12316.522876405448,66715,579.0,2.1584351345274677,174533.60174026608,80861.17527848508
M100000US3944632,Logan,PLACE,2021,98,139950.0,10595.649916451977,71839,1250.0,1.9481061818789238,162013.41679890762,83164.57198582869
M100000US3944632,Logan,PLACE,2022,85,170000.0,16025.04000536704,75777,1639.0,2.243424785884899,182218.41417368577,81223.32218140816
M100000US3944632,Logan,PLACE,2023,78,168450.0,19172.8264746886,77390,1550.0,2.1766378085023903,173418.33020459334,79672.57093816253
M100000US3944632,Logan,PLACE,2024,90,188950.0,23434.770970959078,82938,1487.0,2.278207817888061,188950.0,82938.0
M100000US3944674,London,PLACE,2012,92,101500.0,8351.512161924951,53699,1282.0,1.890165552431144,138677.1148200737,73367.70826328215
M100000US3944674,London,PLACE,2013,101,100000.0,9018.21593016709,54079,1130.0,1.8491466188354075,134655.32265611252,72820.25193919908
M100000US3944674,London,PLACE,2014,111,110000.0,7499.622759626959,56371,981.0,1.9513579677493746,145756.41220600164,74694.86102240472
M100000US3944674,London,PLACE,2015,121,116917.5,8082.510421754191,58192,1604.0,2.009167926862799,154738.83163443973,77016.37556799724
M100000US3944674,London,PLACE,2016,143,123000.0,8392.247748047103,60294,1005.0,2.040003980495572,160760.92363972717,78804.22056856676
M100000US3944674,London,PLACE,2017,163,130000.0,7863.451079226933,63764,1469.0,2.0387679568408505,166365.73922976502,81601.11535574413
M100000US3944674,London,PLACE,2018,156,137500.0,7952.7297583475,64052,1189.0,2.1466933116842566,171768.3597032341,80015.32345972037
M100000US3944674,London,PLACE,2019,136,145000.0,9004.664160759894,67207,1091.0,2.157513354263693,177913.7868315751,82462.42670061841
M100000US3944674,London,PLACE,2020,170,168000.0,8744.213395956074,66715,579.0,2.5181743236153786,203622.53536364375,80861.17527848508
M100000US3944674,London,PLACE,2021,149,200000.0,10908.69492189122,71839,1250.0,2.784003118083492,231530.42772262613,83164.57198582869
M100000US3944674,London,PLACE,2022,157,224500.0,11981.075048115488,75777,1639.0,2.9626403790068228,240635.49401172032,81223.32218140816
M100000US3944674,London,PLACE,2023,114,248500.0,12979.32262155537,77390,1550.0,3.2110091743119265,255829.35622345767,79672.57093816253
M100000US3944674,London,PLACE,2024,121,250000.0,12560.145539852283,82938,1487.0,3.0142998384335287,250000.0,82938.0
M100000US3947474,Marble Cliff,PLACE,2012,12,477500.0,122257.67363762036,53699,1282.0,8.8921581407475,652397.2643013321,73367.70826328215
M100000US3947474,Marble Cliff,PLACE,2014,13,222700.0,110341.34373722544,56371,981.0,3.9506129037980524,295090.48180251423,74694.86102240472
M100000US3947474,Marble Cliff,PLACE,2015,12,525000.0,113685.57307565029,58192,1604.0,9.021858674731922,694830.8560145475,77016.37556799724
M100000US3947474,Marble Cliff,PLACE,2018,11,579000.0,147827.48200929968,64052,1189.0,9.039530381564978,723300.9474048913,80015.32345972037
M100000US3947474,Marble Cliff,PLACE,2020,16,438450.0,117592.54801649445,66715,579.0,6.5719853106497785,531418.456132081,80861.17527848508
M100000US3947474,Marble Cliff,PLACE,2021,14,587500.0,204829.89352351474,71839,1250.0,8.178009159370259,680120.6314352143,83164.57198582869
M100000US3947474,Marble Cliff,PLACE,2022,12,271000.0,131649.0311897273,75777,1639.0,3.5762830410282804,290477.58965334616,81223.32218140816
M100000US3947754,Marion,PLACE,2012,260,42750.0,4268.338136420517,53699,1282.0,0.7961042105067133,58408.341463627105,73367.70826328215
M100000US3947754,Marion,PLACE,2013,262,48500.0,5557.009839569966,54079,1130.0,0.8968361101351726,65307.831488214564,72820.25193919908
M100000US3947754,Marion,PLACE,2014,273,63000.0,5831.633191807677,56371,981.0,1.1175959269837328,83478.67244525548,74694.86102240472
M100000US3947754,Marion,PLACE,2015,292,52000.0,5870.407087569506,58192,1604.0,0.8935936211163047,68821.34192905994,77016.37556799724
M100000US3947754,Marion,PLACE,2016,339,68500.0,5439.900470393853,60294,1005.0,1.1360997777556638,89529.45747415701,78804.22056856676
M100000US3947754,Marion,PLACE,2017,331,74900.0,4814.854928370168,63764,1469.0,1.1746439997490747,95852.26052545692,81601.11535574413
M100000US3947754,Marion,PLACE,2018,427,76800.0,5011.954706543705,64052,1189.0,1.1990257915443703,95940.43654697003,80015.32345972037
M100000US3947754,Marion,PLACE,2019,400,80000.0,5924.906977762432,67207,1091.0,1.1903521954558305,98159.33066569662,82462.42670061841
M100000US3947754,Marion,PLACE,2020,483,95000.0,4940.329243581439,66715,579.0,1.4239676234729821,115143.69559253665,80861.17527848508
M100000US3947754,Marion,PLACE,2021,442,117000.0,5580.854413939361,71839,1250.0,1.628641824078843,135445.30021773628,83164.57198582869
M100000US3947754,Marion,PLACE,2022,401,118000.0,6527.098321356321,75777,1639.0,1.5572007337318712,126481.01689702895,81223.32218140816
M100000US3947754,Marion,PLACE,2023,360,134000.0,6309.314677131526,77390,1550.0,1.7314898565706163,137952.2484263313,79672.57093816253
M100000US3947754,Marion,PLACE,2024,398,147250.0,6491.460531854202,82938,1487.0,1.7754226048373485,147250.0,82938.0
M100000US3948160,Marysville,PLACE,2012,283,144000.0,5418.234458736904,53699,1282.0,2.6816141827594553,196743.88703537552,73367.70826328215
M100000US3948160,Marysville,PLACE,2013,338,157750.0,5387.995332972005,54079,1130.0,2.9170287912128554,212418.77149001748,72820.25193919908
M100000US3948160,Marysville,PLACE,2014,346,160000.0,5362.467673652458,56371,981.0,2.8383388621809087,212009.32684509328,74694.86102240472
M100000US3948160,Marysville,PLACE,2015,384,174900.0,5111.072853949807,58192,1604.0,3.005567775639263,231477.93660370354,77016.37556799724
M100000US3948160,Marysville,PLACE,2016,416,185000.0,5577.613397073691,60294,1005.0,3.068298669851063,241794.88514918316,78804.22056856676
M100000US3948160,Marysville,PLACE,2017,465,209000.0,5113.419779845377,63764,1469.0,3.2777115613825982,267464.9192232376,81601.11535574413
M100000US3948160,Marysville,PLACE,2018,413,215000.0,6380.803500925254,64052,1189.0,3.356647723724474,268583.2533541479,80015.32345972037
M100000US3948160,Marysville,PLACE,2019,419,232000.0,6321.25314591159,67207,1091.0,3.4520213668219086,284662.0589305202,82462.42670061841
M100000US3948160,Marysville,PLACE,2020,475,257000.0,6138.680567114819,66715,579.0,3.8522071498163832,311493.997550336,80861.17527848508
M100000US3948160,Marysville,PLACE,2021,520,299450.0,6624.49704111768,71839,1250.0,4.168348668550509,346658.932907702,83164.57198582869
M100000US3948160,Marysville,PLACE,2022,392,325000.0,8437.426210991447,75777,1639.0,4.2889003259564245,348358.73297910515,81223.32218140816
M100000US3948160,Marysville,PLACE,2023,361,329000.0,10588.483243102573,77390,1550.0,4.251195244863678,338703.6547183806,79672.57093816253
M100000US3948160,Marysville,PLACE,2024,389,355000.0,9503.32656429378,82938,1487.0,4.280305770575611,355000.0,82938.0
M100000US3950218,Milford Center,PLACE,2013,11,57413.0,24278.28055937643,54079,1130.0,1.0616505482719725,77309.66039655388,72820.25193919908
M100000US3950218,Milford Center,PLACE,2014,11,111000.0,25013.854079814933,56371,981.0,1.9690975856380053,147081.47049878348,74694.86102240472
M100000US3950218,Milford Center,PLACE,2015,15,99900.0,22516.963266882212,58192,1604.0,1.7167308221061315,132216.38574448245,77016.37556799724
M100000US3950218,Milford Center,PLACE,2016,19,128000.0,14169.624593513761,60294,1005.0,2.1229309715726274,167295.92053565104,78804.22056856676
M100000US3950218,Milford Center,PLACE,2019,12,142450.0,28406.215835081704,67207,1091.0,2.1195708780335383,174784.95816660603,82462.42670061841
M100000US3950218,Milford Center,PLACE,2020,13,175000.0,23817.12058038988,66715,579.0,2.6230982537660195,212106.80767046224,80861.17527848508
M100000US3950218,Milford Center,PLACE,2021,18,207500.0,24606.743440239632,71839,1250.0,2.8884032350116233,240212.8187622246,83164.57198582869
M100000US3950400,Millersport,PLACE,2012,12,95000.0,28196.72181103664,53699,1282.0,1.7691204677926964,129796.31436361579,73367.70826328215
M100000US3950400,Millersport,PLACE,2015,15,102000.0,27664.78365697501,58192,1604.0,1.7528182568050592,134995.70916854066,77016.37556799724
M100000US3950400,Millersport,PLACE,2016,15,93900.0,23124.744800804372,60294,1005.0,1.5573688924271072,122727.24170545026,78804.22056856676
M100000US3950400,Millersport,PLACE,2017,20,128000.0,26677.494229547374,63764,1469.0,2.007402295966376,163806.26631853788,81601.11535574413
M100000US3950400,Millersport,PLACE,2018,15,161000.0,18741.763800016186,64052,1189.0,2.5135827140448384,201125.13390705956,80015.32345972037
M100000US3950400,Millersport,PLACE,2019,17,185000.0,29872.254950344275,67207,1091.0,2.752689451991608,226993.45216442342,82462.42670061841
M100000US3950400,Millersport,PLACE,2020,13,152000.0,29891.716518045007,66715,579.0,2.278348197556771,184229.91294805863,80861.17527848508
M100000US3950400,Millersport,PLACE,2021,16,238450.0,39846.48410679184,71839,1250.0,3.3192277175350435,276042.152452301,83164.57198582869
M100000US3950400,Millersport,PLACE,2022,19,244000.0,29954.006979102058,75777,1639.0,3.219974398564208,261537.01799046664,81223.32218140816
M100000US3950400,Millersport,PLACE,2024,13,247500.0,71031.42751055579,82938,1487.0,2.9841568400491933,247500.0,82938.0
M100000US3950862,Minerva Park,PLACE,2012,27,119900.0,11507.072010915048,53699,1282.0,2.232816253561519,163816.61149681616,73367.70826328215
M100000US3950862,Minerva Park,PLACE,2013,43,139900.0,9650.593832689885,54079,1130.0,2.586956119750735,188382.7963959014,72820.25193919908
M100000US3950862,Minerva Park,PLACE,2014,34,150750.0,11403.291109666456,56371,981.0,2.674247396711075,199752.53763686132,74694.86102240472
M100000US3950862,Minerva Park,PLACE,2015,34,154250.0,11638.987946838795,58192,1604.0,2.6507080010998076,204147.922933798,77016.37556799724
M100000US3950862,Minerva Park,PLACE,2016,31,177000.0,13122.246145385578,60294,1005.0,2.9356154841277737,231338.89011570497,78804.22056856676
M100000US3950862,Minerva Park,PLACE,2017,62,226400.0,12584.02779541465,63764,1469.0,3.5505928109905276,289732.33355091384,81601.11535574413
M100000US3950862,Minerva Park,PLACE,2018,74,251125.5,10873.143365012726,64052,1189.0,3.920650409042653,313712.11065203283,80015.32345972037
M100000US3950862,Minerva Park,PLACE,2019,60,275000.0,12253.510593713352,67207,1091.0,4.0918356718794175,337422.6991633321,82462.42670061841
M100000US3950862,Minerva Park,PLACE,2020,50,298450.0,14603.204316290268,66715,579.0,4.473506707636963,361733.00999571115,80861.17527848508
M100000US3950862,Minerva Park,PLACE,2021,43,299777.0,14528.870805401499,71839,1250.0,4.1729005136485755,347037.4851570285,83164.57198582869
M100000US3950862,Minerva Park,PLACE,2022,44,309500.0,19624.61098129505,75777,1639.0,4.0843527719492725,331744.7010985632,81223.32218140816
M100000US3950862,Minerva Park,PLACE,2023,34,365000.0,18405.763229919536,77390,1550.0,4.716371624240858,375765.45280306664,79672.57093816253
M100000US3950862,Minerva Park,PLACE,2024,26,414500.0,24515.03878380307,82938,1487.0,4.99770913212279,414500.0,82938.0
M100000US3952738,Mount Gilead,PLACE,2012,29,70324.0,15219.20246044183,53699,1282.0,1.3095960818637218,96082.06327691492,73367.70826328215
M100000US3952738,Mount Gilead,PLACE,2013,54,78750.0,8815.781606777298,54079,1130.0,1.4562029623328834,106041.0665916886,72820.25193919908
M100000US3952738,Mount Gilead,PLACE,2014,41,81000.0,10891.904434821457,56371,981.0,1.436909048979085,107329.72171532847,74694.86102240472
M100000US3952738,Mount Gilead,PLACE,2015,65,84000.0,12867.772986644752,58192,1604.0,1.4434973879571076,111172.9369623276,77016.37556799724
M100000US3952738,Mount Gilead,PLACE,2016,59,105000.0,13267.477296091394,60294,1005.0,1.741466812618171,137234.93481440126,78804.22056856676
M100000US3952738,Mount Gilead,PLACE,2017,52,115000.0,14400.480997020413,63764,1469.0,1.803525500282291,147169.69239556137,81601.11535574413
M100000US3952738,Mount Gilead,PLACE,2018,47,104900.0,15078.187922017836,64052,1189.0,1.637731842877662,131043.64314814005,80015.32345972037
M100000US3952738,Mount Gilead,PLACE,2019,49,120000.0,11873.859073459587,67207,1091.0,1.7855282931837457,147238.9959985449,82462.42670061841
M100000US3952738,Mount Gilead,PLACE,2020,56,135000.0,13126.428722126422,66715,579.0,2.0235329386195007,163625.25163149944,80861.17527848508
M100000US3952738,Mount Gilead,PLACE,2021,47,155000.0,15428.131454917946,71839,1250.0,2.1576024165147065,179436.08148503525,83164.57198582869
M100000US3952738,Mount Gilead,PLACE,2022,40,153750.0,20260.960538194206,75777,1639.0,2.0289797695870777,164800.47752473052,81223.32218140816
M100000US3952738,Mount Gilead,PLACE,2023,25,181000.0,24270.922169583053,77390,1550.0,2.338803462979713,186338.4848146714,79672.57093816253
M100000US3952738,Mount Gilead,PLACE,2024,36,194000.0,26860.567632751157,82938,1487.0,2.339096674624418,194000.0,82938.0
M100000US3953046,Mount Sterling,PLACE,2012,19,85000.0,10947.689884553152,53699,1282.0,1.582897260656623,116133.54443060361,73367.70826328215
M100000US3953046,Mount Sterling,PLACE,2013,14,58950.0,16632.84695420453,54079,1130.0,1.0900719318034726,79379.31270577833,72820.25193919908
M100000US3953046,Mount Sterling,PLACE,2014,21,83900.0,15345.250620893816,56371,981.0,1.488353940856114,111172.3907643958,74694.86102240472
M100000US3953046,Mount Sterling,PLACE,2015,34,81000.0,11347.404511241168,58192,1604.0,1.3919439098157822,107202.47492795876,77016.37556799724
M100000US3953046,Mount Sterling,PLACE,2016,27,120000.0,18367.31354447337,60294,1005.0,1.9902477858493381,156839.92550217285,78804.22056856676
M100000US3953046,Mount Sterling,PLACE,2017,35,113000.0,14772.771797744035,63764,1469.0,1.7721598394078164,144610.2194843342,81601.11535574413
M100000US3953046,Mount Sterling,PLACE,2018,30,118000.0,10767.14783708373,64052,1189.0,1.8422531692999438,147408.48323622998,80015.32345972037
M100000US3953046,Mount Sterling,PLACE,2019,27,125090.0,16667.84891681319,67207,1091.0,1.861264451619623,153484.38341214985,82462.42670061841
M100000US3953046,Mount Sterling,PLACE,2020,35,153900.0,16905.530988387145,66715,579.0,2.306827550026231,186532.78685990936,80861.17527848508
M100000US3953046,Mount Sterling,PLACE,2021,27,175000.0,18043.52721566751,71839,1250.0,2.436002728323056,202589.12425729787,83164.57198582869
M100000US3953046,Mount Sterling,PLACE,2022,39,215000.0,20002.66499363648,75777,1639.0,2.8372725233250193,230452.70027848496,81223.32218140816
M100000US3953046,Mount Sterling,PLACE,2023,45,247700.0,19875.048039999303,77390,1550.0,3.200671921436878,255005.76071046464,79672.57093816253
M100000US3953046,Mount Sterling,PLACE,2024,24,235000.0,26063.938317437027,82938,1487.0,2.8334418481275168,235000.0,82938.0
M100000US3953102,Mount Vernon,PLACE,2012,58,91375.0,15954.366142068475,53699,1282.0,1.7016145552058697,124843.56026289887,73367.70826328215
M100000US3953102,Mount Vernon,PLACE,2013,76,99200.0,10547.476688464616,54079,1130.0,1.8343534458847242,133578.0800748636,72820.25193919908
M100000US3953102,Mount Vernon,PLACE,2014,79,112500.0,11781.385550720022,56371,981.0,1.9957070124709513,149069.0579379562,74694.86102240472
M100000US3953102,Mount Vernon,PLACE,2015,91,114500.0,9386.888582222788,58192,1604.0,1.9676244157272478,151539.30097841084,77016.37556799724
M100000US3953102,Mount Vernon,PLACE,2016,139,104700.0,10370.248938276003,60294,1005.0,1.7364911931535476,136842.8350006458,78804.22056856676
M100000US3953102,Mount Vernon,PLACE,2017,146,109950.0,7093.904724803084,63764,1469.0,1.7243272065742425,140707.0232947128,81601.11535574413
M100000US3953102,Mount Vernon,PLACE,2018,186,115000.0,8703.440546381737,64052,1189.0,1.7954162243177418,143660.809933614,80015.32345972037
M100000US3953102,Mount Vernon,PLACE,2019,175,125000.0,9064.863464166938,67207,1091.0,1.859925305399735,153373.95416515096,82462.42670061841
M100000US3953102,Mount Vernon,PLACE,2020,206,140450.0,8703.376818522402,66715,579.0,2.105223712808214,170230.86364180813,80861.17527848508
M100000US3953102,Mount Vernon,PLACE,2021,234,156250.0,7823.05403636104,71839,1250.0,2.1750024360027282,180883.14665830167,83164.57198582869
M100000US3953102,Mount Vernon,PLACE,2022,206,165000.0,14466.979850545707,75777,1639.0,2.177441703947108,176859.0490509303,81223.32218140816
M100000US3953102,Mount Vernon,PLACE,2023,189,195000.0,11872.313015429207,77390,1550.0,2.519705388293061,200751.40629204927,79672.57093816253
M100000US3953102,Mount Vernon,PLACE,2024,173,205000.0,11846.233344668515,82938,1487.0,2.4717258675154934,205000.0,82938.0
M100000US3953970,New Albany,PLACE,2012,215,422500.0,32563.409656733336,53699,1282.0,7.867930501499097,577252.029669765,73367.70826328215
M100000US3953970,New Albany,PLACE,2013,241,451825.0,33467.11896133901,54079,1130.0,8.35490671055308,608406.4115909804,72820.25193919908
M100000US3953970,New Albany,PLACE,2014,243,450000.0,33805.79644571666,56371,981.0,7.982828049883805,596276.2317518248,74694.86102240472
M100000US3953970,New Albany,PLACE,2015,245,490000.0,32037.13120496714,58192,1604.0,8.420401429749793,648508.798946911,77016.37556799724
M100000US3953970,New Albany,PLACE,2016,258,511905.0,33096.572771278916,60294,1005.0,8.490148273460045,669059.5172015816,78804.22056856676
M100000US3953970,New Albany,PLACE,2017,264,569000.0,30837.712190909544,63764,1469.0,8.92353051878803,728170.0432441253,81601.11535574413
M100000US3953970,New Albany,PLACE,2018,253,530000.0,36253.68689329112,64052,1189.0,8.27452694685568,662088.9501288296,80015.32345972037
M100000US3953970,New Albany,PLACE,2019,241,585000.0,36476.31479436995,67207,1091.0,8.70445042927076,717790.1054929065,82462.42670061841
M100000US3953970,New Albany,PLACE,2020,248,623500.0,49062.21623988483,66715,579.0,9.345724349846362,755706.2547573326,80861.17527848508
M100000US3953970,New Albany,PLACE,2021,267,661000.0,39929.475447445184,71839,1250.0,9.201130305265941,765208.0636232793,83164.57198582869
M100000US3953970,New Albany,PLACE,2022,191,757000.0,70479.21925015129,75777,1639.0,9.98983860538158,811407.8795851773,81223.32218140816
M100000US3953970,New Albany,PLACE,2023,160,925000.0,96198.34567119658,77390,1550.0,11.952448636774777,952282.3118981825,79672.57093816253
M100000US3953970,New Albany,PLACE,2024,181,800000.0,67354.39799816725,82938,1487.0,9.645759482987291,800000.0,82938.0
M100000US3954040,Newark,PLACE,2012,479,88600.0,5205.2267139380865,53699,1282.0,1.6499376152256093,121052.14160648799,73367.70826328215
M100000US3954040,Newark,PLACE,2013,533,85000.0,5153.35921749077,54079,1130.0,1.5717746260100964,114457.02425769564,72820.25193919908
M100000US3954040,Newark,PLACE,2014,487,97500.0,5044.018230836074,56371,981.0,1.7296127441414912,129193.18354622873,74694.86102240472
M100000US3954040,Newark,PLACE,2015,647,104900.0,5132.514400023385,58192,1604.0,1.8026532856750068,138833.82246843053,77016.37556799724
M100000US3954040,Newark,PLACE,2016,720,107900.0,4536.145441137557,60294,1005.0,1.7895644674428632,141025.2330140371,78804.22056856676
M100000US3954040,Newark,PLACE,2017,685,112000.0,5074.727115070431,63764,1469.0,1.756477008970579,143330.48302872063,81601.11535574413
M100000US3954040,Newark,PLACE,2018,657,116000.0,4922.918712431179,64052,1189.0,1.811028539311809,144910.03436781932,80015.32345972037
M100000US3954040,Newark,PLACE,2019,723,134000.0,4802.462739226277,67207,1091.0,1.9938399273885161,164416.87886504183,82462.42670061841
M100000US3954040,Newark,PLACE,2020,698,151500.0,6099.168119709783,66715,579.0,2.27085363111744,183623.8934975716,80861.17527848508
M100000US3954040,Newark,PLACE,2021,827,165000.0,5375.370951522717,71839,1250.0,2.296802572418881,191012.60287116657,83164.57198582869
M100000US3954040,Newark,PLACE,2022,716,193000.0,6207.791117067934,75777,1639.0,2.5469469627987382,206871.4937383609,81223.32218140816
M100000US3954040,Newark,PLACE,2023,646,219450.0,6781.651364415425,77390,1550.0,2.8356376792867297,225922.54415789855,79672.57093816253
M100000US3954040,Newark,PLACE,2024,690,225000.0,6746.495105237445,82938,1487.0,2.712869854590176,225000.0,82938.0
M100000US3954726,New Holland,PLACE,2018,13,93500.0,28325.985521713,64052,1189.0,1.4597514519452945,116802.48459819918,80015.32345972037
M100000US3954726,New Holland,PLACE,2022,14,131500.0,18572.713441537526,75777,1639.0,1.7353550549639072,140951.3027284687,81223.32218140816
M100000US3954726,New Holland,PLACE,2023,11,145000.0,23767.11966236384,77390,1550.0,1.8736270836025326,149276.68672998538,79672.57093816253
M100000US3954866,New Lexington,PLACE,2015,16,76900.0,17211.398030381763,58192,1604.0,1.3214874896893043,101776.17681432134,77016.37556799724
M100000US3954866,New Lexington,PLACE,2016,21,72000.0,13387.119314543032,60294,1005.0,1.194148671509603,94103.95530130372,78804.22056856676
M100000US3954866,New Lexington,PLACE,2017,23,65000.0,15163.81496407971,63764,1469.0,1.0193839784204253,83182.86961488251,81601.11535574413
M100000US3954866,New Lexington,PLACE,2018,39,67500.0,14393.55886286355,64052,1189.0,1.053831262099544,84322.64930886037,80015.32345972037
M100000US3954866,New Lexington,PLACE,2019,31,83500.0,11970.505776852928,67207,1091.0,1.2424301040070231,102453.80138232083,82462.42670061841
M100000US3954866,New Lexington,PLACE,2020,28,105700.0,16294.263141281215,66715,579.0,1.5843513452746758,128112.5118329592,80861.17527848508
M100000US3954866,New Lexington,PLACE,2021,55,127500.0,10243.10370991094,71839,1250.0,1.7748019877782264,147600.64767317416,83164.57198582869
M100000US3954866,New Lexington,PLACE,2022,53,141900.0,10072.874124625898,75777,1639.0,1.8725998653945128,152098.78218380007,81223.32218140816
M100000US3954866,New Lexington,PLACE,2023,44,155272.5,15068.938105630088,77390,1550.0,2.0063638713012018,159852.1678640114,79672.57093816253
M100000US3954866,New Lexington,PLACE,2024,43,155000.0,17762.539767434482,82938,1487.0,1.8688658998287877,155000.0,82938.0
M100000US3957862,Obetz,PLACE,2012,53,77000.0,10382.971335178585,53699,1282.0,1.4339186949477645,105203.32848419386,73367.70826328215
M100000US3957862,Obetz,PLACE,2013,44,91500.0,10636.658445482375,54079,1130.0,1.691969156234398,123209.62023034295,72820.25193919908
M100000US3957862,Obetz,PLACE,2014,59,110000.0,9505.667337453886,56371,981.0,1.9513579677493746,145756.41220600164,74694.86102240472
M100000US3957862,Obetz,PLACE,2015,48,110500.0,9546.740196949399,58192,1604.0,1.8988864448721474,146245.35159925238,77016.37556799724
M100000US3957862,Obetz,PLACE,2016,73,124000.0,10888.193350451755,60294,1005.0,2.056589378710983,162067.92301891194,78804.22056856676
M100000US3957862,Obetz,PLACE,2017,69,147900.0,11864.105262512738,63764,1469.0,2.3194906216673985,189273.02178524804,81601.11535574413
M100000US3957862,Obetz,PLACE,2018,60,160450.0,9781.36722398459,64052,1189.0,2.5049959407981017,200438.06046824664,80015.32345972037
M100000US3957862,Obetz,PLACE,2019,75,182500.0,10988.105913053905,67207,1091.0,2.715490945883613,223925.9730811204,82462.42670061841
M100000US3957862,Obetz,PLACE,2020,105,203000.0,10585.732810990661,66715,579.0,3.042793974368583,246043.8968977362,80861.17527848508
M100000US3957862,Obetz,PLACE,2021,122,238970.0,10878.306770620324,71839,1250.0,3.3264661256420607,276644.13156437984,83164.57198582869
M100000US3957862,Obetz,PLACE,2022,122,316995.0,16116.747548772268,75777,1639.0,4.183261411774021,339778.38941757364,81223.32218140816
M100000US3957862,Obetz,PLACE,2023,112,309500.0,15672.553266068562,77390,1550.0,3.9992247060343713,318628.5140891757,79672.57093816253
M100000US3957862,Obetz,PLACE,2024,83,280000.0,17056.74109556997,82938,1487.0,3.376015819045552,280000.0,82938.0
M100000US3958940,Ostrander,PLACE,2013,12,288000.0,68979.29690614967,54079,1130.0,5.325542262245974,387807.329249604,72820.25193919908
M100000US3958940,Ostrander,PLACE,2015,22,280739.0,43475.12080823693,58192,1604.0,4.824357299972505,371554.51368889154,77016.37556799724
M100000US3958940,Ostrander,PLACE,2016,12,349529.0,40338.94884670929,60294,1005.0,5.797077652834445,456834.18600707484,78804.22056856676
M100000US3958940,Ostrander,PLACE,2017,18,235000.0,51867.737670075214,63764,1469.0,3.6854651527507682,300738.0670691906,81601.11535574413
M100000US3958940,Ostrander,PLACE,2018,18,396900.0,48038.35330978055,64052,1189.0,6.196527821145319,495817.177936099,80015.32345972037
M100000US3958940,Ostrander,PLACE,2019,20,379090.0,37998.548062494476,67207,1091.0,5.6406326721918845,465140.2582757366,82462.42670061841
M100000US3958940,Ostrander,PLACE,2020,22,388700.0,43605.52098918419,66715,579.0,5.826275949936297,471119.520808621,80861.17527848508
M100000US3958940,Ostrander,PLACE,2021,32,422371.5,39852.92002199034,71839,1250.0,5.879417864948008,488959.2702642359,83164.57198582869
M100000US3958940,Ostrander,PLACE,2022,32,494400.0,46385.334148034264,75777,1639.0,6.524407142008789,529934.0233380602,81223.32218140816
M100000US3958940,Ostrander,PLACE,2023,33,509900.0,24974.248812413694,77390,1550.0,6.58870655123401,524939.1900939279,79672.57093816253
M100000US3958940,Ostrander,PLACE,2024,33,539000.0,42214.184196975446,82938,1487.0,6.498830451662688,539000.0,82938.0
M100000US3961112,Pataskala,PLACE,2012,171,139000.0,8477.64934921724,53699,1282.0,2.588502579191419,189912.50206886942,73367.70826328215
M100000US3961112,Pataskala,PLACE,2013,229,150000.0,8332.37263906366,54079,1130.0,2.773719928253111,201982.98398416876,72820.25193919908
M100000US3961112,Pataskala,PLACE,2014,238,161950.0,7562.299412445702,56371,981.0,2.8729311170637386,214593.19051601787,74694.86102240472
M100000US3961112,Pataskala,PLACE,2015,277,163000.0,8053.087406436237,58192,1604.0,2.8010723123453394,215728.43720070712,77016.37556799724
M100000US3961112,Pataskala,PLACE,2016,310,178950.0,10034.277761402049,60294,1005.0,2.9679570106478255,233887.53890511527,78804.22056856676
M100000US3961112,Pataskala,PLACE,2017,359,197000.0,6296.402409343677,63764,1469.0,3.0895175961357504,252108.08175587468,81601.11535574413
M100000US3961112,Pataskala,PLACE,2018,322,219000.0,8587.828051480068,64052,1189.0,3.419096983700743,273580.1510909692,80015.32345972037
M100000US3961112,Pataskala,PLACE,2019,318,231950.0,11827.030256450258,67207,1091.0,3.4512773966997488,284600.7093488541,82462.42670061841
M100000US3961112,Pataskala,PLACE,2020,335,259990.0,7084.325683155102,66715,579.0,3.8970246571235854,315117.99386424845,80861.17527848508
M100000US3961112,Pataskala,PLACE,2021,390,305000.0,9975.714842160733,71839,1250.0,4.245604755077325,353083.90227700485,83164.57198582869
M100000US3961112,Pataskala,PLACE,2022,370,357400.0,10665.251383852923,75777,1639.0,4.716470696913311,383087.41897456057,81223.32218140816
M100000US3961112,Pataskala,PLACE,2023,263,358000.0,13482.68206026033,77390,1550.0,4.625920661584184,368558.99206437764,79672.57093816253
M100000US3961112,Pataskala,PLACE,2024,289,372000.0,17214.92928069,82938,1487.0,4.4852781595890905,372000.0,82938.0
M100000US3962498,Pickerington,PLACE,2012,287,161000.0,4855.646908468323,53699,1282.0,2.99819363489078,219970.59592149625,73367.70826328215
M100000US3962498,Pickerington,PLACE,2013,318,164400.0,5013.798886347781,54079,1130.0,3.03999704136541,221373.35044664895,72820.25193919908
M100000US3962498,Pickerington,PLACE,2014,324,181900.0,5038.111789965338,56371,981.0,3.2268364939419203,241028.10345701544,74694.86102240472
M100000US3962498,Pickerington,PLACE,2015,368,189950.0,4944.614586058686,58192,1604.0,3.264194390981578,251396.42114278724,77016.37556799724
M100000US3962498,Pickerington,PLACE,2016,469,207750.0,4653.386072084519,60294,1005.0,3.445616479251667,271529.12102563673,78804.22056856676
M100000US3962498,Pickerington,PLACE,2017,462,229000.0,5523.731901041542,63764,1469.0,3.5913681701273448,293059.6483355092,81601.11535574413
M100000US3962498,Pickerington,PLACE,2018,441,245000.0,5058.72656850188,64052,1189.0,3.8250171735464935,306059.98638030805,80015.32345972037
M100000US3962498,Pickerington,PLACE,2019,475,249135.0,5119.013865637692,67207,1091.0,3.706979927686104,305686.56056747906,82462.42670061841
M100000US3962498,Pickerington,PLACE,2020,530,280000.0,5071.4482560102915,66715,579.0,4.1969572060256315,339370.8922727396,80861.17527848508
M100000US3962498,Pickerington,PLACE,2021,536,350000.0,6722.476794952116,71839,1250.0,4.872005456646112,405178.24851459573,83164.57198582869
M100000US3962498,Pickerington,PLACE,2022,471,395000.0,8612.489325487797,75777,1639.0,5.212663473085501,423389.84469768166,81223.32218140816
M100000US3962498,Pickerington,PLACE,2023,410,420000.0,9278.012115058065,77390,1550.0,5.427057759400439,432387.64432133693,79672.57093816253
M100000US3962498,Pickerington,PLACE,2024,387,425000.0,10040.839478943763,82938,1487.0,5.124309725336999,425000.0,82938.0
M100000US3963030,Plain City,PLACE,2012,36,128750.0,17917.942214933588,53699,1282.0,2.397623791876944,175908.16288753194,73367.70826328215
M100000US3963030,Plain City,PLACE,2013,35,166000.0,21104.828165985313,54079,1130.0,3.0695833872667766,223527.83560914677,72820.25193919908
M100000US3963030,Plain City,PLACE,2014,44,162450.0,16113.934297513433,56371,981.0,2.881800926008054,215255.71966240878,74694.86102240472
M100000US3963030,Plain City,PLACE,2015,41,183500.0,17806.597435708223,58192,1604.0,3.153354412977729,242859.9277688942,77016.37556799724
M100000US3963030,Plain City,PLACE,2016,51,188000.0,17689.835924078692,60294,1005.0,3.1180548644972967,245715.8832867375,78804.22056856676
M100000US3963030,Plain City,PLACE,2017,56,220750.0,20100.083643722206,63764,1469.0,3.4619848190201368,282501.82257669716,81601.11535574413
M100000US3963030,Plain City,PLACE,2018,53,260000.0,18247.004254317704,64052,1189.0,4.059201898457503,324798.35289338813,80015.32345972037
M100000US3963030,Plain City,PLACE,2019,61,279000.0,16198.50114199549,67207,1091.0,4.1513532816522085,342330.6656966169,82462.42670061841
M100000US3963030,Plain City,PLACE,2020,81,282000.0,14951.314482490096,66715,579.0,4.226935471782958,341794.97007468774,80861.17527848508
M100000US3963030,Plain City,PLACE,2021,78,348372.5,15209.361766273229,71839,1250.0,4.849350631272707,403294.16965900286,83164.57198582869
M100000US3963030,Plain City,PLACE,2022,79,429900.0,18515.07589883277,75777,1639.0,5.673225385011283,460798.2132545148,81223.32218140816
M100000US3963030,Plain City,PLACE,2023,118,419900.0,18322.360010817076,77390,1550.0,5.425765602791058,432284.6948822128,79672.57093816253
M100000US3963030,Plain City,PLACE,2024,180,466458.5,12665.904273797973,82938,1487.0,5.624183124743785,466458.5,82938.0
M100000US3963716,Pleasantville,PLACE,2015,12,72000.0,16538.02912175484,58192,1604.0,1.2372834753918065,95291.08882485222,77016.37556799724
M100000US3963716,Pleasantville,PLACE,2017,14,88450.0,31145.355157837574,63764,1469.0,1.3871463521736402,113192.6894990209,81601.11535574413
M100000US3963716,Pleasantville,PLACE,2020,11,119900.0,29054.132625767164,66715,579.0,1.7971970321516901,145323.464226791,80861.17527848508
M100000US3963716,Pleasantville,PLACE,2022,18,181450.0,26377.452014547387,75777,1639.0,2.3945260435224407,194491.3603047958,81223.32218140816
M100000US3963716,Pleasantville,PLACE,2023,14,187500.0,23905.410889947958,77390,1550.0,2.422793642589482,193030.1983577397,79672.57093816253
M100000US3964486,Powell,PLACE,2012,216,291000.0,10675.806123620607,53699,1282.0,5.419095327659733,397586.6050506547,73367.70826328215
M100000US3964486,Powell,PLACE,2013,247,318025.0,11923.095716742198,54079,1130.0,5.880748534551304,428237.5898771018,72820.25193919908
M100000US3964486,Powell,PLACE,2014,229,320000.0,13741.476186012007,56371,981.0,5.676677724361817,424018.65369018656,74694.86102240472
M100000US3964486,Powell,PLACE,2015,265,347500.0,12694.031414834188,58192,1604.0,5.971611218036844,459911.85231439094,77016.37556799724
M100000US3964486,Powell,PLACE,2016,254,348075.0,14949.5038316674,60294,1005.0,5.772962483829237,454933.8089097401,78804.22056856676
M100000US3964486,Powell,PLACE,2017,271,362000.0,13586.454203095043,63764,1469.0,5.677184618279907,463264.5969321149,81601.11535574413
M100000US3964486,Powell,PLACE,2018,255,388000.0,12188.68831155213,64052,1189.0,6.05757821769812,484699.0804716715,80015.32345972037
M100000US3964486,Powell,PLACE,2019,256,400000.0,11872.512663346495,67207,1091.0,5.951760977279153,490796.65332848305,82462.42670061841
M100000US3964486,Powell,PLACE,2020,248,435000.0,14658.024006478678,66715,579.0,6.520272802218392,527236.9219237204,80861.17527848508
M100000US3964486,Powell,PLACE,2021,253,490000.0,21239.140320471328,71839,1250.0,6.820807639304556,567249.547920434,83164.57198582869
M100000US3964486,Powell,PLACE,2022,204,599950.0,21667.08437654611,75777,1639.0,7.91731000171556,643070.2210794281,81223.32218140816
M100000US3964486,Powell,PLACE,2023,173,595000.0,32762.39537297195,77390,1550.0,7.688331825817289,612549.1627885606,79672.57093816253
M100000US3964486,Powell,PLACE,2024,174,585000.0,28153.499442427576,82938,1487.0,7.053461621934457,585000.0,82938.0
M100000US3964780,Prospect,PLACE,2012,15,76000.0,22993.959657330917,53699,1282.0,1.415296374234157,103837.05149089264,73367.70826328215
M100000US3964780,Prospect,PLACE,2013,13,85000.0,21851.81052925411,54079,1130.0,1.5717746260100964,114457.02425769564,72820.25193919908
M100000US3964780,Prospect,PLACE,2015,17,89000.0,16118.510007463468,58192,1604.0,1.529419851525983,117790.37368627566,77016.37556799724
M100000US3964780,Prospect,PLACE,2016,29,99900.0,13485.766333056821,60294,1005.0,1.6568812817195742,130569.2379805589,78804.22056856676
M100000US3964780,Prospect,PLACE,2017,18,100500.0,23424.381835588854,63764,1469.0,1.57612445894235,128613.5137891645,81601.11535574413
M100000US3964780,Prospect,PLACE,2018,18,114000.0,21602.82758415938,64052,1189.0,1.7798039093236746,142411.58549940863,80015.32345972037
M100000US3964780,Prospect,PLACE,2019,16,130353.5,17776.274412776493,67207,1091.0,1.939582186379395,159942.65387413604,82462.42670061841
M100000US3964780,Prospect,PLACE,2020,19,135000.0,25063.31970747227,66715,579.0,2.0235329386195007,163625.25163149944,80861.17527848508
M100000US3964780,Prospect,PLACE,2021,20,200450.0,26822.799633137718,71839,1250.0,2.79026712509918,232051.37118500203,83164.57198582869
M100000US3964780,Prospect,PLACE,2022,11,215000.0,43914.649941068885,75777,1639.0,2.8372725233250193,230452.70027848496,81223.32218140816
M100000US3964780,Prospect,PLACE,2023,18,164250.0,34671.23466669432,77390,1550.0,2.1223672309083863,169094.45376137996,79672.57093816253
M100000US3964780,Prospect,PLACE,2024,15,221000.0,39406.7656396072,82938,1487.0,2.6646410571752392,221000.0,82938.0
M100000US3966390,Reynoldsburg,PLACE,2012,331,104900.0,4551.362429037941,53699,1282.0,1.953481442857409,143322.45659729786,73367.70826328215
M100000US3966390,Reynoldsburg,PLACE,2013,444,124250.0,4012.4966240044396,54079,1130.0,2.297564673902994,167309.2384002198,72820.25193919908
M100000US3966390,Reynoldsburg,PLACE,2014,507,128100.0,4034.321009545529,56371,981.0,2.27244505153359,169739.96730535282,74694.86102240472
M100000US3966390,Reynoldsburg,PLACE,2015,598,139700.0,3671.570559080481,58192,1604.0,2.40067363211438,184891.18206710913,77016.37556799724
M100000US3966390,Reynoldsburg,PLACE,2016,629,155000.0,3524.1875916885083,60294,1005.0,2.5707367233887286,202584.90377363993,78804.22056856676
M100000US3966390,Reynoldsburg,PLACE,2017,663,165000.0,3545.762406071003,63764,1469.0,2.5876670221441564,211156.5151762402,81601.11535574413
M100000US3966390,Reynoldsburg,PLACE,2018,643,176000.0,4030.5834400063836,64052,1189.0,2.747767438955848,219863.50042013964,80015.32345972037
M100000US3966390,Reynoldsburg,PLACE,2019,603,189900.0,4184.255381917121,67207,1091.0,2.8255985239632775,233005.71116769733,82462.42670061841
M100000US3966390,Reynoldsburg,PLACE,2020,579,215000.0,4433.584731107243,66715,579.0,3.2226635689125382,260588.36370942503,80861.17527848508
M100000US3966390,Reynoldsburg,PLACE,2021,614,245000.0,4871.444447383925,71839,1250.0,3.410403819652278,283624.773960217,83164.57198582869
M100000US3966390,Reynoldsburg,PLACE,2022,566,280000.0,5849.167508407114,75777,1639.0,3.6950525885163046,300124.44687430596,81223.32218140816
M100000US3966390,Reynoldsburg,PLACE,2023,483,285000.0,6825.978273650773,77390,1550.0,3.6826463367360125,293405.9015037643,79672.57093816253
M100000US3966390,Reynoldsburg,PLACE,2024,451,311270.0,7885.984471989712,82938,1487.0,3.753044442836818,311270.0,82938.0
M100000US3966936,Richwood,PLACE,2012,25,59900.0,12849.534915442364,53699,1282.0,1.115477010745079,81839.99189874301,73367.70826328215
M100000US3966936,Richwood,PLACE,2013,30,68500.0,11996.44690308788,54079,1130.0,1.266665433902254,92238.89601943707,72820.25193919908
M100000US3966936,Richwood,PLACE,2014,29,82000.0,11732.469488048217,56371,981.0,1.4546486668677157,108654.7800081103,74694.86102240472
M100000US3966936,Richwood,PLACE,2015,40,91950.0,11116.3175159348,58192,1604.0,1.5801141050316194,121694.66135340503,77016.37556799724
M100000US3966936,Richwood,PLACE,2016,41,103500.0,12744.08455251202,60294,1005.0,1.7165887152950543,135274.4357456241,78804.22056856676
M100000US3966936,Richwood,PLACE,2017,31,110000.0,13923.024391011924,63764,1469.0,1.7251113480961044,140771.01011749348,81601.11535574413
M100000US3966936,Richwood,PLACE,2018,45,134000.0,10504.171022125678,64052,1189.0,2.092050209205021,167396.07418351542,80015.32345972037
M100000US3966936,Richwood,PLACE,2019,41,127000.0,10372.068428130904,67207,1091.0,1.8896841102861308,155827.93743179337,82462.42670061841
M100000US3966936,Richwood,PLACE,2020,40,151500.0,12787.049869935738,66715,579.0,2.27085363111744,183623.8934975716,80861.17527848508
M100000US3966936,Richwood,PLACE,2021,31,176000.0,17325.655145448905,71839,1250.0,2.449922743913473,203746.776395911,83164.57198582869
M100000US3966936,Richwood,PLACE,2022,30,197250.0,17746.771311104454,75777,1639.0,2.6030325824458607,211426.95409270306,81223.32218140816
M100000US3966936,Richwood,PLACE,2023,27,194900.0,24978.674576656027,77390,1550.0,2.51841323168368,200648.45685292516,79672.57093816253
M100000US3966936,Richwood,PLACE,2024,25,196000.0,23990.594845693224,82938,1487.0,2.3632110733318865,196000.0,82938.0
M100000US3967440,Riverlea,PLACE,2016,14,357075.0,54417.7486518403,60294,1005.0,5.922231067767937,466696.8033224031,78804.22056856676
M100000US3967440,Riverlea,PLACE,2017,13,340000.0,58575.62524201656,63764,1469.0,5.332162348660686,435110.3949086162,81601.11535574413
M100000US3967440,Riverlea,PLACE,2019,14,387500.0,43276.26474138416,67207,1091.0,5.7657684467391785,475459.257911968,82462.42670061841
M100000US3967440,Riverlea,PLACE,2021,13,527000.0,74665.96266484908,71839,1250.0,7.335848216150002,610082.6770491198,83164.57198582869
M100000US3969302,Russells Point,PLACE,2016,11,109900.0,64759.92242125074,60294,1005.0,1.8227352638736856,143639.23177240664,78804.22056856676
M100000US3969302,Russells Point,PLACE,2022,14,155000.0,60721.308400217626,75777,1639.0,2.045475540071526,166140.31880541937,81223.32218140816
M100000US3969302,Russells Point,PLACE,2023,13,249900.0,71895.05326619328,77390,1550.0,3.2290993668432613,257270.64837119548,79672.57093816253
M100000US3969302,Russells Point,PLACE,2024,14,222500.0,64295.51208124232,82938,1487.0,2.6827268562058406,222500.0,82938.0
M100000US3971976,Shawnee Hills,PLACE,2012,15,248000.0,45794.62570936368,53699,1282.0,4.618335536974618,338836.6943387023,73367.70826328215
M100000US3971976,Shawnee Hills,PLACE,2014,19,290000.0,37548.84962372875,56371,981.0,5.144489187702897,384266.90490673156,74694.86102240472
M100000US3971976,Shawnee Hills,PLACE,2015,21,297000.0,62231.776526964815,58192,1604.0,5.103794335991202,393075.74140251544,77016.37556799724
M100000US3971976,Shawnee Hills,PLACE,2016,15,294000.0,41556.83084270934,60294,1005.0,4.876107075330879,384257.8174803235,78804.22056856676
M100000US3971976,Shawnee Hills,PLACE,2017,13,337500.0,55993.856459152,63764,1469.0,5.292955272567593,431911.05376958224,81601.11535574413
M100000US3971976,Shawnee Hills,PLACE,2019,20,343500.0,45229.56042225931,67207,1091.0,5.1110747392384726,421471.6260458348,82462.42670061841
M100000US3971976,Shawnee Hills,PLACE,2020,22,394950.0,49566.7251631413,66715,579.0,5.9199580304279396,478694.76393970894,80861.17527848508
M100000US3971976,Shawnee Hills,PLACE,2021,20,445500.0,44331.12245159604,71839,1250.0,6.201366945530979,515734.02775214973,83164.57198582869
M100000US3971976,Shawnee Hills,PLACE,2022,11,495000.0,80308.54015583641,75777,1639.0,6.532325111841324,530577.1471527909,81223.32218140816
M100000US3972977,Somerset,PLACE,2016,12,109500.0,19592.903824126446,60294,1005.0,1.816101104587521,143116.43202073273,78804.22056856676
M100000US3972977,Somerset,PLACE,2018,15,93000.0,21581.82847619015,64052,1189.0,1.4519452944482607,116177.87238109652,80015.32345972037
M100000US3972977,Somerset,PLACE,2019,14,129000.0,21048.651939897823,67207,1091.0,1.9194429151725267,158281.92069843577,82462.42670061841
M100000US3972977,Somerset,PLACE,2021,15,180000.0,32514.12616554694,71839,1250.0,2.505602806275143,208377.3849503635,83164.57198582869
M100000US3972977,Somerset,PLACE,2022,13,200000.0,30256.561492084256,75777,1639.0,2.639323277511646,214374.60491021856,81223.32218140816
M100000US3972977,Somerset,PLACE,2023,15,235000.0,37240.96494728554,77390,1550.0,3.036568032045484,241931.18194170043,79672.57093816253
M100000US3973068,South Bloomfield,PLACE,2012,19,110000.0,11395.192916304808,53699,1282.0,2.048455278496806,150290.4692631341,73367.70826328215
M100000US3973068,South Bloomfield,PLACE,2013,13,129000.0,12210.290190391404,54079,1130.0,2.3853991382976756,173705.36622638514,72820.25193919908
M100000US3973068,South Bloomfield,PLACE,2014,28,138000.0,12485.730154970166,56371,981.0,2.448067268631034,182858.04440389297,74694.86102240472
M100000US3973068,South Bloomfield,PLACE,2015,32,131599.5,16663.663735766753,58192,1604.0,2.2614706488864447,174170.27283064084,77016.37556799724
M100000US3973068,South Bloomfield,PLACE,2016,32,143000.0,11059.566631600728,60294,1005.0,2.3717119448037947,186900.91122342265,78804.22056856676
M100000US3973068,South Bloomfield,PLACE,2017,43,159000.0,11225.628078940732,63764,1469.0,2.4935700395207325,203478.09644255874,81601.11535574413
M100000US3973068,South Bloomfield,PLACE,2018,27,159900.0,21743.254499865863,64052,1189.0,2.4964091675513647,199750.9870294337,80015.32345972037
M100000US3973068,South Bloomfield,PLACE,2019,32,184000.0,19531.509177035008,67207,1091.0,2.7378100495484103,225766.4605311022,82462.42670061841
M100000US3973068,South Bloomfield,PLACE,2020,54,207562.5,17641.88431850814,66715,579.0,3.1111818931274824,251573.8243834304,80861.17527848508
M100000US3973068,South Bloomfield,PLACE,2021,81,270000.0,11918.13648700147,71839,1250.0,3.7584042094127144,312566.07742554526,83164.57198582869
M100000US3973068,South Bloomfield,PLACE,2022,105,322000.0,14546.788643770487,75777,1639.0,4.24931047679375,345143.1139054519,81223.32218140816
M100000US3973068,South Bloomfield,PLACE,2023,108,336056.0,17386.63387738405,77390,1550.0,4.342369815221605,345967.7671429791,79672.57093816253
M100000US3973068,South Bloomfield,PLACE,2024,122,354900.0,13618.055238379968,82938,1487.0,4.2791000506402375,354900.0,82938.0
M100000US3974916,Stoutsville,PLACE,2023,14,190000.0,46115.54952386603,77390,1550.0,2.455097557824008,195603.9343358429,79672.57093816253
M100000US3975602,Sunbury,PLACE,2012,67,157900.0,11560.708353962715,53699,1282.0,2.9404644406785976,215735.13724226246,73367.70826328215
M100000US3975602,Sunbury,PLACE,2013,92,183500.0,13007.868153701029,54079,1130.0,3.3931840455629727,247092.51707396645,72820.25193919908
M100000US3975602,Sunbury,PLACE,2014,74,189950.0,11075.785762630841,56371,981.0,3.3696404179453974,251694.8227139092,74694.86102240472
M100000US3975602,Sunbury,PLACE,2015,101,210000.0,10290.668717304168,58192,1604.0,3.6087434698927687,277932.342405819,77016.37556799724
M100000US3975602,Sunbury,PLACE,2016,99,212000.0,12033.951382280884,60294,1005.0,3.516104421667164,277083.86838717206,78804.22056856676
M100000US3975602,Sunbury,PLACE,2017,103,249000.0,13674.661973112095,63764,1469.0,3.905024778872091,318654.3774477807,81601.11535574413
M100000US3975602,Sunbury,PLACE,2018,104,278500.0,12085.344559915911,64052,1189.0,4.3480297258477485,347909.00492618687,80015.32345972037
M100000US3975602,Sunbury,PLACE,2019,78,277500.0,14073.583514746324,67207,1091.0,4.129034177987412,340490.1782466351,82462.42670061841
M100000US3975602,Sunbury,PLACE,2020,87,285000.0,12659.040215600766,66715,579.0,4.271902870418947,345431.08677760995,80861.17527848508
M100000US3975602,Sunbury,PLACE,2021,108,340400.0,14813.11227486316,71839,1250.0,4.7383733069781035,394064.78798390966,83164.57198582869
M100000US3975602,Sunbury,PLACE,2022,115,393500.0,15302.213615079385,75777,1639.0,5.192868548504164,421782.03516085504,81223.32218140816
M100000US3975602,Sunbury,PLACE,2023,130,449850.0,16701.815970693187,77390,1550.0,5.812766507300685,463118.0518998891,79672.57093816253
M100000US3975602,Sunbury,PLACE,2024,126,470440.0,18749.75529627723,82938,1487.0,5.672188863970677,470440.0,82938.0
M100000US3976680,Thornville,PLACE,2014,13,129000.0,41237.45607996171,56371,981.0,2.2884107076333575,170932.51976885647,74694.86102240472
M100000US3976680,Thornville,PLACE,2015,16,147450.0,35221.02346652652,58192,1604.0,2.533853450646137,195148.20898922862,77016.37556799724
M100000US3976680,Thornville,PLACE,2016,12,154950.0,30272.783264913785,60294,1005.0,2.569907453477958,202519.5538046807,78804.22056856676
M100000US3976680,Thornville,PLACE,2017,14,178000.0,21524.48078894214,63764,1469.0,2.7915438178282415,227793.0890992167,81601.11535574413
M100000US3976680,Thornville,PLACE,2018,19,171000.0,27483.77526259662,64052,1189.0,2.6697058639855116,213617.37824911295,80015.32345972037
M100000US3976680,Thornville,PLACE,2019,19,200000.0,37710.87511695754,67207,1091.0,2.9758804886395764,245398.32666424153,82462.42670061841
M100000US3976680,Thornville,PLACE,2020,20,251000.0,32043.72407142596,66715,579.0,3.7622723525444055,304221.7641444916,80861.17527848508
M100000US3976680,Thornville,PLACE,2021,17,259000.0,40892.76106029035,71839,1250.0,3.6052840379181226,299831.90390080085,83164.57198582869
M100000US3976680,Thornville,PLACE,2022,18,317500.0,56402.585120194424,75777,1639.0,4.189925703049738,340319.685294972,81223.32218140816
M100000US3976680,Thornville,PLACE,2024,14,350000.0,57668.82796216587,82938,1487.0,4.22001977380694,350000.0,82938.0
M100000US3979002,Upper Arlington,PLACE,2012,567,297000.0,12234.17642810009,53699,1282.0,5.530829251941377,405784.267010462,73367.70826328215
M100000US3979002,Upper Arlington,PLACE,2013,654,329950.0,15819.394719616756,54079,1130.0,6.101259268847427,444295.23710384325,72820.25193919908
M100000US3979002,Upper Arlington,PLACE,2014,624,323250.0,15933.64239466284,56371,981.0,5.734331482499867,428325.09314172756,74694.86102240472
M100000US3979002,Upper Arlington,PLACE,2015,655,359900.0,15640.508943256858,58192,1604.0,6.184698927687655,476323.09538978216,77016.37556799724
M100000US3979002,Upper Arlington,PLACE,2016,658,362250.0,15053.842045128058,60294,1005.0,6.00806050353269,473460.5251096843,78804.22056856676
M100000US3979002,Upper Arlington,PLACE,2017,672,378200.0,17252.65477065145,63764,1469.0,5.931246471363152,483996.3275130548,81601.11535574413
M100000US3979002,Upper Arlington,PLACE,2018,666,397700.0,16916.152485880804,64052,1189.0,6.209017673140573,496816.55748346326,80015.32345972037
M100000US3979002,Upper Arlington,PLACE,2019,661,400000.0,15708.56169308992,67207,1091.0,5.951760977279153,490796.65332848305,82462.42670061841
M100000US3979002,Upper Arlington,PLACE,2020,669,435000.0,19210.68543184356,66715,579.0,6.520272802218392,527236.9219237204,80861.17527848508
M100000US3979002,Upper Arlington,PLACE,2021,688,484000.0,18718.296197010117,71839,1250.0,6.737287545762051,560303.6350887553,83164.57198582869
M100000US3979002,Upper Arlington,PLACE,2022,632,539900.0,25147.910881008658,75777,1639.0,7.124853187642689,578704.245955135,81223.32218140816
M100000US3979002,Upper Arlington,PLACE,2023,511,575000.0,28503.929718546886,77390,1550.0,7.429900503941077,591959.274963735,79672.57093816253
M100000US3979002,Upper Arlington,PLACE,2024,545,585000.0,27347.80403809953,82938,1487.0,7.053461621934457,585000.0,82938.0
M100000US3979100,Urbancrest,PLACE,2019,11,97000.0,27432.63170857437,67207,1091.0,1.4433020369901945,119018.18843215714,82462.42670061841
M100000US3979100,Urbancrest,PLACE,2022,15,180000.0,19557.24103774855,75777,1639.0,2.3753909497604813,192937.1444191967,81223.32218140816
M100000US3979114,Utica,PLACE,2012,12,57450.0,16793.734661725277,53699,1282.0,1.069852324996741,78492.61326515503,73367.70826328215
M100000US3979114,Utica,PLACE,2013,21,79000.0,14915.050852852995,54079,1130.0,1.4608258288799718,106377.70489832888,72820.25193919908
M100000US3979114,Utica,PLACE,2014,15,92000.0,19845.91944316128,56371,981.0,1.6320448457540224,121905.36293592864,74694.86102240472
M100000US3979114,Utica,PLACE,2015,12,101225.0,26777.967921317057,58192,1604.0,1.7395002749518835,133970.0064763287,77016.37556799724
M100000US3979114,Utica,PLACE,2016,23,85650.0,12526.842344846335,60294,1005.0,1.4205393571499652,111944.49682717588,78804.22056856676
M100000US3979114,Utica,PLACE,2017,17,89900.0,18823.03031809596,63764,1469.0,1.4098864563076343,115048.30735966058,81601.11535574413
M100000US3979114,Utica,PLACE,2018,21,120000.0,18561.631771769196,64052,1189.0,1.8734777992880784,149906.93210464067,80015.32345972037
M100000US3979114,Utica,PLACE,2019,26,110250.0,11838.331299395097,67207,1091.0,1.6404541193625664,135275.82757366315,82462.42670061841
M100000US3979114,Utica,PLACE,2020,38,124450.0,15770.410345162403,66715,579.0,1.8653975867496064,150838.241226223,80861.17527848508
M100000US3979114,Utica,PLACE,2021,32,145000.0,15969.118671054817,71839,1250.0,2.018402260610532,167859.56009890395,83164.57198582869
M100000US3979114,Utica,PLACE,2022,29,160000.0,15979.895007725774,75777,1639.0,2.1114586220093168,171499.68392817484,81223.32218140816
M100000US3979114,Utica,PLACE,2023,20,190000.0,22441.634750873447,77390,1550.0,2.455097557824008,195603.9343358429,79672.57093816253
M100000US3979114,Utica,PLACE,2024,21,172000.0,29001.146648259662,82938,1487.0,2.0738382888422677,172000.0,82938.0
M100000US3979282,Valleyview,PLACE,2015,12,64250.0,16524.74687180599,58192,1604.0,1.1041036568600495,85034.06190273272,77016.37556799724
M100000US3979282,Valleyview,PLACE,2017,15,106000.0,13142.921575288161,63764,1469.0,1.662380026347155,135652.06429503916,81601.11535574413
M100000US3979282,Valleyview,PLACE,2018,20,102000.0,10831.024837829973,64052,1189.0,1.5924561293948667,127420.89228894457,80015.32345972037
M100000US3979282,Valleyview,PLACE,2019,15,117000.0,13377.648734985994,67207,1091.0,1.740890085854152,143558.0210985813,82462.42670061841
M100000US3979282,Valleyview,PLACE,2020,11,135000.0,20408.34576602222,66715,579.0,2.0235329386195007,163625.25163149944,80861.17527848508
M100000US3979282,Valleyview,PLACE,2021,19,166000.0,10994.727992678017,71839,1250.0,2.3107225880092988,192170.25500977968,83164.57198582869
M100000US3979282,Valleyview,PLACE,2024,14,219950.0,22234.397678676898,82938,1487.0,2.6519809978538187,219950.0,82938.0
M100000US3981718,Washington Court House,PLACE,2012,98,66500.0,10168.807287150827,53699,1282.0,1.2383843274548874,90857.42005453106,73367.70826328215
M100000US3981718,Washington Court House,PLACE,2013,131,63000.0,7576.44033573206,54079,1130.0,1.1649623698663067,84832.85327335088,72820.25193919908
M100000US3981718,Washington Court House,PLACE,2014,105,72000.0,10671.786306577775,56371,981.0,1.277252487981409,95404.19708029198,74694.86102240472
M100000US3981718,Washington Court House,PLACE,2015,128,83775.0,7636.992830200167,58192,1604.0,1.439630877096508,110875.15230974993,77016.37556799724
M100000US3981718,Washington Court House,PLACE,2016,162,94747.5,8174.778552133993,60294,1005.0,1.5714250174146682,123834.92367930936,78804.22056856676
M100000US3981718,Washington Court House,PLACE,2017,168,91450.0,7487.148346378428,63764,1469.0,1.4341948434853522,117031.89886586163,81601.11535574413
M100000US3981718,Washington Court House,PLACE,2018,191,102000.0,8102.513815727308,64052,1189.0,1.5924561293948667,127420.89228894457,80015.32345972037
M100000US3981718,Washington Court House,PLACE,2019,188,114950.0,7926.483119161749,67207,1091.0,1.7103873108455965,141042.68825027283,82462.42670061841
M100000US3981718,Washington Court House,PLACE,2020,170,127000.0,9325.676699688654,66715,579.0,1.9036198755901972,153928.9404237069,80861.17527848508
M100000US3981718,Washington Court House,PLACE,2021,247,150000.0,7973.1496005137615,71839,1250.0,2.088002338562619,173647.8207919696,83164.57198582869
M100000US3981718,Washington Court House,PLACE,2022,172,165000.0,10161.47616511797,75777,1639.0,2.177441703947108,176859.0490509303,81223.32218140816
M100000US3981718,Washington Court House,PLACE,2023,171,174700.0,11434.921718653726,77390,1550.0,2.2573975965887065,179852.67014985133,79672.57093816253
M100000US3981718,Washington Court House,PLACE,2024,152,190000.0,13786.374396826315,82938,1487.0,2.290867877209482,190000.0,82938.0
M100000US3983342,Westerville,PLACE,2012,501,189000.0,5386.9482836258585,53699,1282.0,3.5196186148717854,258226.35173393038,73367.70826328215
M100000US3983342,Westerville,PLACE,2013,621,198000.0,4727.64699681302,54079,1130.0,3.6613103052941067,266617.53885910276,72820.25193919908
M100000US3983342,Westerville,PLACE,2014,605,205000.0,5073.868768084725,56371,981.0,3.636621667169289,271636.9500202758,74694.86102240472
M100000US3983342,Westerville,PLACE,2015,621,214000.0,5106.308397365439,58192,1604.0,3.677481440747869,283226.2917849775,77016.37556799724
M100000US3983342,Westerville,PLACE,2016,607,225000.0,5535.222621415369,60294,1005.0,3.731714598467509,294074.8603165741,78804.22056856676
M100000US3983342,Westerville,PLACE,2017,602,255450.0,6060.726256009158,63764,1469.0,4.006179035192272,326908.67758648825,81601.11535574413
M100000US3983342,Westerville,PLACE,2018,626,263750.0,5770.283905030546,64052,1189.0,4.1177480796852555,329482.9445216581,80015.32345972037
M100000US3983342,Westerville,PLACE,2019,594,283650.0,6410.506888929028,67207,1091.0,4.220542503013079,348036.17679156055,82462.42670061841
M100000US3983342,Westerville,PLACE,2020,579,305000.0,6171.96787350798,66715,579.0,4.571685527992206,369671.86479709134,80861.17527848508
M100000US3983342,Westerville,PLACE,2021,631,340000.0,6841.793111279076,71839,1250.0,4.732805300741937,393601.72712846444,83164.57198582869
M100000US3983342,Westerville,PLACE,2022,539,375000.0,7917.939308007477,75777,1639.0,4.948731145334336,401952.3842066598,81223.32218140816
M100000US3983342,Westerville,PLACE,2023,426,389894.0,8490.113600277919,77390,1550.0,5.038041090580179,401393.686178627,79672.57093816253
M100000US3983342,Westerville,PLACE,2024,458,410000.0,9524.944628470847,82938,1487.0,4.943451735030987,410000.0,82938.0
M100000US3983580,West Jefferson,PLACE,2012,35,88000.0,16214.458952131872,53699,1282.0,1.638764222797445,120232.37541050726,73367.70826328215
M100000US3983580,West Jefferson,PLACE,2013,41,88000.0,11964.986835822721,54079,1130.0,1.6272490245751585,118496.68393737901,72820.25193919908
M100000US3983580,West Jefferson,PLACE,2014,43,102500.0,10666.924656587986,56371,981.0,1.8183108335846445,135818.4750101379,74694.86102240472
M100000US3983580,West Jefferson,PLACE,2015,54,111500.0,6310.087053586952,58192,1604.0,1.9160709375859224,147568.83894404199,77016.37556799724
M100000US3983580,West Jefferson,PLACE,2016,60,108000.0,6791.064333925772,60294,1005.0,1.7912230072644044,141155.93295195556,78804.22056856676
M100000US3983580,West Jefferson,PLACE,2017,63,132000.0,10877.718503919617,63764,1469.0,2.0701336177153253,168925.21214099217,81601.11535574413
M100000US3983580,West Jefferson,PLACE,2018,55,133900.0,7870.270569254255,64052,1189.0,2.0904889777056144,167271.15174009488,80015.32345972037
M100000US3983580,West Jefferson,PLACE,2019,46,142000.0,6972.544878416223,67207,1091.0,2.112875146934099,174232.81193161148,82462.42670061841
M100000US3983580,West Jefferson,PLACE,2020,55,166000.0,9752.835329679541,66715,579.0,2.488196057858053,201198.45756169563,80861.17527848508
M100000US3983580,West Jefferson,PLACE,2021,70,198250.0,9012.215329030925,71839,1250.0,2.7596430908002616,229504.53648005315,83164.57198582869
M100000US3983580,West Jefferson,PLACE,2022,62,220000.0,11894.242600900932,75777,1639.0,2.9032556052628107,235812.06540124043,81223.32218140816
M100000US3983580,West Jefferson,PLACE,2023,43,220000.0,13723.566878862734,77390,1550.0,2.8427445406383254,226488.76607308123,79672.57093816253
M100000US3983580,West Jefferson,PLACE,2024,43,240000.0,10444.32812288772,82938,1487.0,2.8937278448961874,240000.0,82938.0
M100000US3984742,Whitehall,PLACE,2012,129,41000.0,7203.449176198703,53699,1282.0,0.7635151492579005,56017.35672534997,73367.70826328215
M100000US3984742,Whitehall,PLACE,2013,168,43934.5,8932.183523570984,54079,1130.0,0.8124133212522421,59160.14273234975,72820.25193919908
M100000US3984742,Whitehall,PLACE,2014,160,59950.0,5731.199460159167,56371,981.0,1.0634900924234092,79437.24465227089,74694.86102240472
M100000US3984742,Whitehall,PLACE,2015,157,61150.0,8936.517768473002,58192,1604.0,1.0508317294473468,80931.25113388491,77016.37556799724
M100000US3984742,Whitehall,PLACE,2016,152,75000.0,5856.0350286412995,60294,1005.0,1.2439048661558365,98024.95343885804,78804.22056856676
M100000US3984742,Whitehall,PLACE,2017,204,85000.0,6000.021901881135,63764,1469.0,1.3330405871651716,108777.59872715405,81601.11535574413
M100000US3984742,Whitehall,PLACE,2018,164,95000.0,5485.9466077424895,64052,1189.0,1.4831699244363954,118676.3212495072,80015.32345972037
M100000US3984742,Whitehall,PLACE,2019,185,112500.0,5750.716533895878,67207,1091.0,1.6739327748597617,138036.55874863587,82462.42670061841
M100000US3984742,Whitehall,PLACE,2020,169,128000.0,7680.791687738623,66715,579.0,1.91860900846886,155140.97932468096,80861.17527848508
M100000US3984742,Whitehall,PLACE,2021,177,162500.0,9311.091777007005,71839,1250.0,2.2620025334428373,188118.47252463372,83164.57198582869
M100000US3984742,Whitehall,PLACE,2022,190,182500.0,15397.671302252067,75777,1639.0,2.408382490729377,195616.82698057443,81223.32218140816
M100000US3984742,Whitehall,PLACE,2023,127,183000.0,9765.129266302465,77390,1550.0,2.364646595167334,188397.47359715393,79672.57093816253
M100000US3984742,Whitehall,PLACE,2024,155,200000.0,8181.152749552541,82938,1487.0,2.4114398707468228,200000.0,82938.0
M100000US3985414,Williamsport,PLACE,2015,13,90000.0,17077.175855694248,58192,1604.0,1.5466043442397581,119113.86103106529,77016.37556799724
M100000US3985414,Williamsport,PLACE,2016,12,60625.0,24434.55642687624,60294,1005.0,1.005489766809301,79236.83736307692,78804.22056856676
M100000US3985414,Williamsport,PLACE,2018,12,115000.0,32071.07983385706,64052,1189.0,1.7954162243177418,143660.809933614,80015.32345972037
M100000US3985414,Williamsport,PLACE,2019,11,130000.0,21875.274602490135,67207,1091.0,1.9343223176157245,159508.912331757,82462.42670061841
M100000US3985414,Williamsport,PLACE,2020,12,145950.0,15255.988176405399,66715,579.0,2.1876639436408603,176897.0775971655,80861.17527848508
M100000US3985414,Williamsport,PLACE,2021,25,132500.0,23389.062598423574,71839,1250.0,1.8444020657303135,153388.9083662398,83164.57198582869
M100000US3985414,Williamsport,PLACE,2022,17,169000.0,28867.62502815122,75777,1639.0,2.230228169497341,181146.5411491347,81223.32218140816
M100000US3986604,Worthington,PLACE,2012,260,210000.0,9726.322703001284,53699,1282.0,3.910687349857539,286918.168593256,73367.70826328215
M100000US3986604,Worthington,PLACE,2013,259,225000.0,10510.984238964309,54079,1130.0,4.160579892379666,302974.47597625316,72820.25193919908
M100000US3986604,Worthington,PLACE,2014,237,239900.0,12790.137468315383,56371,981.0,4.2557343314825,317881.4844383618,74694.86102240472
M100000US3986604,Worthington,PLACE,2015,236,251250.0,13103.398561865477,58192,1604.0,4.317603794335991,332526.1953783906,77016.37556799724
M100000US3986604,Worthington,PLACE,2016,256,274000.0,12145.470936670177,60294,1005.0,4.544399111022655,358117.82989662804,78804.22056856676
M100000US3986604,Worthington,PLACE,2017,273,290000.0,12197.815428207907,63764,1469.0,4.548020826798821,371123.57212793734,81601.11535574413
M100000US3986604,Worthington,PLACE,2018,258,290750.0,13052.790082053161,64052,1189.0,4.539280584525073,363212.0042452023,80015.32345972037
M100000US3986604,Worthington,PLACE,2019,242,315000.0,14113.958187325805,67207,1091.0,4.687011769607333,386502.3644961804,82462.42670061841
M100000US3986604,Worthington,PLACE,2020,225,338000.0,16011.250986788931,66715,579.0,5.0663269129880835,409669.1485292356,80861.17527848508
M100000US3986604,Worthington,PLACE,2021,247,388000.0,16238.771941305766,71839,1250.0,5.400966049081975,449169.0297818947,83164.57198582869
M100000US3986604,Worthington,PLACE,2022,231,425000.0,20977.711099170356,75777,1639.0,5.608561964712248,455546.03543421446,81223.32218140816
M100000US3986604,Worthington,PLACE,2023,210,420000.0,18979.537188235347,77390,1550.0,5.427057759400439,432387.64432133693,79672.57093816253
M100000US3986604,Worthington,PLACE,2024,209,454500.0,20939.627906696605,82938,1487.0,5.4799971062721555,454500.0,82938.0
